shift_log_id,machine_id,shift_start,shift_type,planned_time_min,operating_time_min,downtime_min,downtime_reason,total_units,good_units,defective_units,availability_pct,expected_units,performance_pct,quality_pct,oee_pct,production_line,oee_health_status
SFT_00000,MCH_L2_03,2023-01-01 00:00:00,Shift A (Morning),480,480,0,,902,885,17,100.0,960.0,93.96,98.12,92.19,MCH_L2,World Class (≥85%)
SFT_00001,MCH_L1_03,2023-01-01 08:00:00,Shift B (Evening),480,476,4,Calibration Lag,871,846,25,99.17,952.0,91.49,97.13,88.13,MCH_L1,World Class (≥85%)
SFT_00002,MCH_L3_05,2023-01-01 16:00:00,Shift C (Night),480,480,0,,877,852,25,100.0,960.0,91.35,97.15,88.75,MCH_L3,World Class (≥85%)
SFT_00003,MCH_L1_04,2023-01-02 00:00:00,Shift A (Morning),480,480,0,,893,860,33,100.0,960.0,93.02,96.3,89.58,MCH_L1,World Class (≥85%)
SFT_00004,MCH_L2_04,2023-01-02 08:00:00,Shift B (Evening),480,470,10,Calibration Lag,902,863,39,97.92,940.0,95.96,95.68,89.9,MCH_L2,World Class (≥85%)
SFT_00005,MCH_L1_02,2023-01-02 16:00:00,Shift C (Night),480,480,0,,931,908,23,100.0,960.0,96.98,97.53,94.58,MCH_L1,World Class (≥85%)
SFT_00006,MCH_L1_03,2023-01-03 00:00:00,Shift A (Morning),480,480,0,,850,818,32,100.0,960.0,88.54,96.24,85.21,MCH_L1,World Class (≥85%)
SFT_00007,MCH_L3_05,2023-01-03 08:00:00,Shift B (Evening),480,454,26,Tool Breakdown,885,863,22,94.58,908.0,97.47,97.51,89.89,MCH_L3,World Class (≥85%)
SFT_00008,MCH_L3_03,2023-01-03 16:00:00,Shift C (Night),480,480,0,,857,815,42,100.0,960.0,89.27,95.1,84.9,MCH_L3,Acceptable (65-84%)
SFT_00009,MCH_L1_01,2023-01-04 00:00:00,Shift A (Morning),480,480,0,,937,897,40,100.0,960.0,97.6,95.73,93.43,MCH_L1,World Class (≥85%)
SFT_00010,MCH_L1_02,2023-01-04 08:00:00,Shift B (Evening),480,456,24,Tool Breakdown,854,838,16,95.0,912.0,93.64,98.13,87.29,MCH_L1,World Class (≥85%)
SFT_00011,MCH_L2_03,2023-01-04 16:00:00,Shift C (Night),480,299,181,Tool Breakdown,528,516,12,62.29,598.0,88.29,97.73,53.75,MCH_L2,Critical Bottleneck (<65%)
SFT_00012,MCH_L3_02,2023-01-05 00:00:00,Shift A (Morning),480,473,7,Tool Breakdown,879,870,9,98.54,946.0,92.92,98.98,90.63,MCH_L3,World Class (≥85%)
SFT_00013,MCH_L2_02,2023-01-05 08:00:00,Shift B (Evening),480,480,0,,862,831,31,100.0,960.0,89.79,96.4,86.56,MCH_L2,World Class (≥85%)
SFT_00014,MCH_L2_04,2023-01-05 16:00:00,Shift C (Night),480,480,0,,887,878,9,100.0,960.0,92.4,98.99,91.47,MCH_L2,World Class (≥85%)
SFT_00015,MCH_L1_02,2023-01-06 00:00:00,Shift A (Morning),480,459,21,Tool Breakdown,827,802,25,95.62,918.0,90.09,96.98,83.54,MCH_L1,Acceptable (65-84%)
SFT_00016,MCH_L1_03,2023-01-06 08:00:00,Shift B (Evening),480,480,0,,916,873,43,100.0,960.0,95.42,95.31,90.94,MCH_L1,World Class (≥85%)
SFT_00017,MCH_L1_05,2023-01-06 16:00:00,Shift C (Night),480,480,0,,875,853,22,100.0,960.0,91.15,97.49,88.86,MCH_L1,World Class (≥85%)
SFT_00018,MCH_L2_02,2023-01-07 00:00:00,Shift A (Morning),480,480,0,,866,846,20,100.0,960.0,90.21,97.69,88.13,MCH_L2,World Class (≥85%)
SFT_00019,MCH_L1_02,2023-01-07 08:00:00,Shift B (Evening),480,480,0,,848,835,13,100.0,960.0,88.33,98.47,86.98,MCH_L1,World Class (≥85%)
SFT_00020,MCH_L3_02,2023-01-07 16:00:00,Shift C (Night),480,480,0,,866,856,10,100.0,960.0,90.21,98.85,89.17,MCH_L3,World Class (≥85%)
SFT_00021,MCH_L3_04,2023-01-08 00:00:00,Shift A (Morning),480,475,5,Calibration Lag,843,817,26,98.96,950.0,88.74,96.92,85.11,MCH_L3,World Class (≥85%)
SFT_00022,MCH_L2_02,2023-01-08 08:00:00,Shift B (Evening),480,480,0,,848,831,17,100.0,960.0,88.33,98.0,86.56,MCH_L2,World Class (≥85%)
SFT_00023,MCH_L1_05,2023-01-08 16:00:00,Shift C (Night),480,480,0,,925,886,39,100.0,960.0,96.35,95.78,92.28,MCH_L1,World Class (≥85%)
SFT_00024,MCH_L1_02,2023-01-09 00:00:00,Shift A (Morning),480,480,0,,906,864,42,100.0,960.0,94.38,95.36,90.0,MCH_L1,World Class (≥85%)
SFT_00025,MCH_L1_01,2023-01-09 08:00:00,Shift B (Evening),480,480,0,,849,815,34,100.0,960.0,88.44,96.0,84.9,MCH_L1,Acceptable (65-84%)
SFT_00026,MCH_L2_05,2023-01-09 16:00:00,Shift C (Night),480,480,0,,885,866,19,100.0,960.0,92.19,97.85,90.21,MCH_L2,World Class (≥85%)
SFT_00027,MCH_L1_04,2023-01-10 00:00:00,Shift A (Morning),480,480,0,,911,873,38,100.0,960.0,94.9,95.83,90.94,MCH_L1,World Class (≥85%)
SFT_00028,MCH_L1_03,2023-01-10 08:00:00,Shift B (Evening),480,480,0,,892,873,19,100.0,960.0,92.92,97.87,90.94,MCH_L1,World Class (≥85%)
SFT_00029,MCH_L1_04,2023-01-10 16:00:00,Shift C (Night),480,480,0,,885,858,27,100.0,960.0,92.19,96.95,89.38,MCH_L1,World Class (≥85%)
SFT_00030,MCH_L1_05,2023-01-11 00:00:00,Shift A (Morning),480,458,22,Material Starvation,881,858,23,95.42,916.0,96.18,97.39,89.38,MCH_L1,World Class (≥85%)
SFT_00031,MCH_L3_01,2023-01-11 08:00:00,Shift B (Evening),480,480,0,,895,886,9,100.0,960.0,93.23,98.99,92.29,MCH_L3,World Class (≥85%)
SFT_00032,MCH_L3_05,2023-01-11 16:00:00,Shift C (Night),480,439,41,Calibration Lag,846,819,27,91.46,878.0,96.36,96.81,85.32,MCH_L3,World Class (≥85%)
SFT_00033,MCH_L3_02,2023-01-12 00:00:00,Shift A (Morning),480,480,0,,885,875,10,100.0,960.0,92.19,98.87,91.15,MCH_L3,World Class (≥85%)
SFT_00034,MCH_L2_02,2023-01-12 08:00:00,Shift B (Evening),480,480,0,,891,855,36,100.0,960.0,92.81,95.96,89.06,MCH_L2,World Class (≥85%)
SFT_00035,MCH_L1_03,2023-01-12 16:00:00,Shift C (Night),480,480,0,,854,832,22,100.0,960.0,88.96,97.42,86.66,MCH_L1,World Class (≥85%)
SFT_00036,MCH_L1_03,2023-01-13 00:00:00,Shift A (Morning),480,480,0,,874,856,18,100.0,960.0,91.04,97.94,89.16,MCH_L1,World Class (≥85%)
SFT_00037,MCH_L1_03,2023-01-13 08:00:00,Shift B (Evening),480,480,0,,895,886,9,100.0,960.0,93.23,98.99,92.29,MCH_L1,World Class (≥85%)
SFT_00038,MCH_L1_01,2023-01-13 16:00:00,Shift C (Night),480,405,75,Pressure Loss,770,747,23,84.38,810.0,95.06,97.01,77.81,MCH_L1,Acceptable (65-84%)
SFT_00039,MCH_L2_02,2023-01-14 00:00:00,Shift A (Morning),480,480,0,,890,871,19,100.0,960.0,92.71,97.87,90.74,MCH_L2,World Class (≥85%)
SFT_00040,MCH_L3_02,2023-01-14 08:00:00,Shift B (Evening),480,462,18,Tool Breakdown,874,842,32,96.25,924.0,94.59,96.34,87.71,MCH_L3,World Class (≥85%)
SFT_00041,MCH_L2_01,2023-01-14 16:00:00,Shift C (Night),480,480,0,,932,894,38,100.0,960.0,97.08,95.92,93.12,MCH_L2,World Class (≥85%)
SFT_00042,MCH_L1_04,2023-01-15 00:00:00,Shift A (Morning),480,480,0,,890,860,30,100.0,960.0,92.71,96.63,89.59,MCH_L1,World Class (≥85%)
SFT_00043,MCH_L1_03,2023-01-15 08:00:00,Shift B (Evening),480,480,0,,846,806,40,100.0,960.0,88.12,95.27,83.95,MCH_L1,Acceptable (65-84%)
SFT_00044,MCH_L2_03,2023-01-15 16:00:00,Shift C (Night),480,430,50,Material Starvation,832,822,10,89.58,860.0,96.74,98.8,85.62,MCH_L2,World Class (≥85%)
SFT_00045,MCH_L2_01,2023-01-16 00:00:00,Shift A (Morning),480,480,0,,850,830,20,100.0,960.0,88.54,97.65,86.46,MCH_L2,World Class (≥85%)
SFT_00046,MCH_L2_05,2023-01-16 08:00:00,Shift B (Evening),480,480,0,,851,827,24,100.0,960.0,88.65,97.18,86.15,MCH_L2,World Class (≥85%)
SFT_00047,MCH_L3_04,2023-01-16 16:00:00,Shift C (Night),480,474,6,Material Starvation,889,868,21,98.75,948.0,93.78,97.64,90.42,MCH_L3,World Class (≥85%)
SFT_00048,MCH_L2_03,2023-01-17 00:00:00,Shift A (Morning),480,480,0,,866,833,33,100.0,960.0,90.21,96.19,86.77,MCH_L2,World Class (≥85%)
SFT_00049,MCH_L2_03,2023-01-17 08:00:00,Shift B (Evening),480,480,0,,899,857,42,100.0,960.0,93.65,95.33,89.28,MCH_L2,World Class (≥85%)
SFT_00050,MCH_L1_03,2023-01-17 16:00:00,Shift C (Night),480,480,0,,864,823,41,100.0,960.0,90.0,95.25,85.72,MCH_L1,World Class (≥85%)
SFT_00051,MCH_L2_01,2023-01-18 00:00:00,Shift A (Morning),480,337,143,Pressure Loss,617,611,6,70.21,674.0,91.54,99.03,63.65,MCH_L2,Critical Bottleneck (<65%)
SFT_00052,MCH_L2_02,2023-01-18 08:00:00,Shift B (Evening),480,480,0,,873,830,43,100.0,960.0,90.94,95.07,86.46,MCH_L2,World Class (≥85%)
SFT_00053,MCH_L2_03,2023-01-18 16:00:00,Shift C (Night),480,480,0,,845,832,13,100.0,960.0,88.02,98.46,86.66,MCH_L2,World Class (≥85%)
SFT_00054,MCH_L3_01,2023-01-19 00:00:00,Shift A (Morning),480,480,0,,868,829,39,100.0,960.0,90.42,95.51,86.36,MCH_L3,World Class (≥85%)
SFT_00055,MCH_L1_04,2023-01-19 08:00:00,Shift B (Evening),480,480,0,,922,891,31,100.0,960.0,96.04,96.64,92.81,MCH_L1,World Class (≥85%)
SFT_00056,MCH_L3_04,2023-01-19 16:00:00,Shift C (Night),480,480,0,,899,862,37,100.0,960.0,93.65,95.88,89.79,MCH_L3,World Class (≥85%)
SFT_00057,MCH_L1_03,2023-01-20 00:00:00,Shift A (Morning),480,480,0,,913,894,19,100.0,960.0,95.1,97.92,93.12,MCH_L1,World Class (≥85%)
SFT_00058,MCH_L1_02,2023-01-20 08:00:00,Shift B (Evening),480,446,34,Calibration Lag,830,793,37,92.92,892.0,93.05,95.54,82.61,MCH_L1,Acceptable (65-84%)
SFT_00059,MCH_L2_02,2023-01-20 16:00:00,Shift C (Night),480,480,0,,888,845,43,100.0,960.0,92.5,95.16,88.02,MCH_L2,World Class (≥85%)
SFT_00060,MCH_L1_02,2023-01-21 00:00:00,Shift A (Morning),480,455,25,Calibration Lag,875,852,23,94.79,910.0,96.15,97.37,88.74,MCH_L1,World Class (≥85%)
SFT_00061,MCH_L3_02,2023-01-21 08:00:00,Shift B (Evening),480,480,0,,917,904,13,100.0,960.0,95.52,98.58,94.16,MCH_L3,World Class (≥85%)
SFT_00062,MCH_L3_02,2023-01-21 16:00:00,Shift C (Night),480,480,0,,866,846,20,100.0,960.0,90.21,97.69,88.13,MCH_L3,World Class (≥85%)
SFT_00063,MCH_L3_05,2023-01-22 00:00:00,Shift A (Morning),480,480,0,,930,900,30,100.0,960.0,96.88,96.77,93.75,MCH_L3,World Class (≥85%)
SFT_00064,MCH_L3_03,2023-01-22 08:00:00,Shift B (Evening),480,460,20,Pressure Loss,899,882,17,95.83,920.0,97.72,98.11,91.88,MCH_L3,World Class (≥85%)
SFT_00065,MCH_L2_01,2023-01-22 16:00:00,Shift C (Night),480,480,0,,936,922,14,100.0,960.0,97.5,98.5,96.04,MCH_L2,World Class (≥85%)
SFT_00066,MCH_L3_03,2023-01-23 00:00:00,Shift A (Morning),480,480,0,,901,873,28,100.0,960.0,93.85,96.89,90.93,MCH_L3,World Class (≥85%)
SFT_00067,MCH_L2_03,2023-01-23 08:00:00,Shift B (Evening),480,480,0,,889,880,9,100.0,960.0,92.6,98.99,91.66,MCH_L2,World Class (≥85%)
SFT_00068,MCH_L2_04,2023-01-23 16:00:00,Shift C (Night),480,480,0,,919,889,30,100.0,960.0,95.73,96.74,92.61,MCH_L2,World Class (≥85%)
SFT_00069,MCH_L2_01,2023-01-24 00:00:00,Shift A (Morning),480,480,0,,848,839,9,100.0,960.0,88.33,98.94,87.39,MCH_L2,World Class (≥85%)
SFT_00070,MCH_L1_02,2023-01-24 08:00:00,Shift B (Evening),480,480,0,,880,841,39,100.0,960.0,91.67,95.57,87.61,MCH_L1,World Class (≥85%)
SFT_00071,MCH_L3_04,2023-01-24 16:00:00,Shift C (Night),480,451,29,Calibration Lag,844,805,39,93.96,902.0,93.57,95.38,83.86,MCH_L3,Acceptable (65-84%)
SFT_00072,MCH_L1_04,2023-01-25 00:00:00,Shift A (Morning),480,440,40,Pressure Loss,845,811,34,91.67,880.0,96.02,95.98,84.48,MCH_L1,Acceptable (65-84%)
SFT_00073,MCH_L2_04,2023-01-25 08:00:00,Shift B (Evening),480,480,0,,852,814,38,100.0,960.0,88.75,95.54,84.79,MCH_L2,Acceptable (65-84%)
SFT_00074,MCH_L2_02,2023-01-25 16:00:00,Shift C (Night),480,464,16,Tool Breakdown,896,857,39,96.67,928.0,96.55,95.65,89.27,MCH_L2,World Class (≥85%)
SFT_00075,MCH_L2_05,2023-01-26 00:00:00,Shift A (Morning),480,480,0,,936,896,40,100.0,960.0,97.5,95.73,93.34,MCH_L2,World Class (≥85%)
SFT_00076,MCH_L2_01,2023-01-26 08:00:00,Shift B (Evening),480,480,0,,930,897,33,100.0,960.0,96.88,96.45,93.44,MCH_L2,World Class (≥85%)
SFT_00077,MCH_L1_02,2023-01-26 16:00:00,Shift C (Night),480,480,0,,890,867,23,100.0,960.0,92.71,97.42,90.32,MCH_L1,World Class (≥85%)
SFT_00078,MCH_L3_05,2023-01-27 00:00:00,Shift A (Morning),480,480,0,,899,865,34,100.0,960.0,93.65,96.22,90.11,MCH_L3,World Class (≥85%)
SFT_00079,MCH_L1_03,2023-01-27 08:00:00,Shift B (Evening),480,480,0,,882,867,15,100.0,960.0,91.88,98.3,90.32,MCH_L1,World Class (≥85%)
SFT_00080,MCH_L1_04,2023-01-27 16:00:00,Shift C (Night),480,480,0,,882,856,26,100.0,960.0,91.88,97.05,89.17,MCH_L1,World Class (≥85%)
SFT_00081,MCH_L1_01,2023-01-28 00:00:00,Shift A (Morning),480,480,0,,863,830,33,100.0,960.0,89.9,96.18,86.47,MCH_L1,World Class (≥85%)
SFT_00082,MCH_L3_05,2023-01-28 08:00:00,Shift B (Evening),480,480,0,,871,849,22,100.0,960.0,90.73,97.47,88.43,MCH_L3,World Class (≥85%)
SFT_00083,MCH_L3_02,2023-01-28 16:00:00,Shift C (Night),480,480,0,,898,873,25,100.0,960.0,93.54,97.22,90.94,MCH_L3,World Class (≥85%)
SFT_00084,MCH_L2_03,2023-01-29 00:00:00,Shift A (Morning),480,429,51,Calibration Lag,827,806,21,89.38,858.0,96.39,97.46,83.97,MCH_L2,Acceptable (65-84%)
SFT_00085,MCH_L3_01,2023-01-29 08:00:00,Shift B (Evening),480,355,125,Material Starvation,688,666,22,73.96,710.0,96.9,96.8,69.37,MCH_L3,Acceptable (65-84%)
SFT_00086,MCH_L3_05,2023-01-29 16:00:00,Shift C (Night),480,404,76,Pressure Loss,790,757,33,84.17,808.0,97.77,95.82,78.85,MCH_L3,Acceptable (65-84%)
SFT_00087,MCH_L2_01,2023-01-30 00:00:00,Shift A (Morning),480,480,0,,874,846,28,100.0,960.0,91.04,96.8,88.13,MCH_L2,World Class (≥85%)
SFT_00088,MCH_L1_01,2023-01-30 08:00:00,Shift B (Evening),480,453,27,Tool Breakdown,824,800,24,94.38,906.0,90.95,97.09,83.34,MCH_L1,Acceptable (65-84%)
SFT_00089,MCH_L2_02,2023-01-30 16:00:00,Shift C (Night),480,480,0,,931,888,43,100.0,960.0,96.98,95.38,92.5,MCH_L2,World Class (≥85%)
SFT_00090,MCH_L2_01,2023-01-31 00:00:00,Shift A (Morning),480,480,0,,897,872,25,100.0,960.0,93.44,97.21,90.83,MCH_L2,World Class (≥85%)
SFT_00091,MCH_L2_05,2023-01-31 08:00:00,Shift B (Evening),480,480,0,,937,911,26,100.0,960.0,97.6,97.23,94.9,MCH_L2,World Class (≥85%)
SFT_00092,MCH_L3_03,2023-01-31 16:00:00,Shift C (Night),480,480,0,,857,823,34,100.0,960.0,89.27,96.03,85.73,MCH_L3,World Class (≥85%)
SFT_00093,MCH_L3_03,2023-02-01 00:00:00,Shift A (Morning),480,480,0,,935,900,35,100.0,960.0,97.4,96.26,93.76,MCH_L3,World Class (≥85%)
SFT_00094,MCH_L1_01,2023-02-01 08:00:00,Shift B (Evening),480,480,0,,912,900,12,100.0,960.0,95.0,98.68,93.75,MCH_L1,World Class (≥85%)
SFT_00095,MCH_L2_04,2023-02-01 16:00:00,Shift C (Night),480,480,0,,918,909,9,100.0,960.0,95.62,99.02,94.68,MCH_L2,World Class (≥85%)
SFT_00096,MCH_L3_03,2023-02-02 00:00:00,Shift A (Morning),480,480,0,,895,886,9,100.0,960.0,93.23,98.99,92.29,MCH_L3,World Class (≥85%)
SFT_00097,MCH_L2_01,2023-02-02 08:00:00,Shift B (Evening),480,480,0,,909,868,41,100.0,960.0,94.69,95.49,90.42,MCH_L2,World Class (≥85%)
SFT_00098,MCH_L2_02,2023-02-02 16:00:00,Shift C (Night),480,390,90,Calibration Lag,705,692,13,81.25,780.0,90.38,98.16,72.08,MCH_L2,Acceptable (65-84%)
SFT_00099,MCH_L3_03,2023-02-03 00:00:00,Shift A (Morning),480,480,0,,927,905,22,100.0,960.0,96.56,97.63,94.27,MCH_L3,World Class (≥85%)
SFT_00100,MCH_L2_05,2023-02-03 08:00:00,Shift B (Evening),480,480,0,,857,826,31,100.0,960.0,89.27,96.38,86.04,MCH_L2,World Class (≥85%)
SFT_00101,MCH_L3_05,2023-02-03 16:00:00,Shift C (Night),480,453,27,Material Starvation,815,806,9,94.38,906.0,89.96,98.9,83.97,MCH_L3,Acceptable (65-84%)
SFT_00102,MCH_L3_01,2023-02-04 00:00:00,Shift A (Morning),480,452,28,Tool Breakdown,876,867,9,94.17,904.0,96.9,98.97,90.31,MCH_L3,World Class (≥85%)
SFT_00103,MCH_L1_02,2023-02-04 08:00:00,Shift B (Evening),480,480,0,,899,861,38,100.0,960.0,93.65,95.77,89.69,MCH_L1,World Class (≥85%)
SFT_00104,MCH_L3_01,2023-02-04 16:00:00,Shift C (Night),480,480,0,,875,841,34,100.0,960.0,91.15,96.11,87.6,MCH_L3,World Class (≥85%)
SFT_00105,MCH_L3_01,2023-02-05 00:00:00,Shift A (Morning),480,446,34,Tool Breakdown,831,791,40,92.92,892.0,93.16,95.19,82.4,MCH_L3,Acceptable (65-84%)
SFT_00106,MCH_L1_01,2023-02-05 08:00:00,Shift B (Evening),480,405,75,Material Starvation,773,745,28,84.38,810.0,95.43,96.38,77.61,MCH_L1,Acceptable (65-84%)
SFT_00107,MCH_L2_01,2023-02-05 16:00:00,Shift C (Night),480,480,0,,915,887,28,100.0,960.0,95.31,96.94,92.39,MCH_L2,World Class (≥85%)
SFT_00108,MCH_L1_04,2023-02-06 00:00:00,Shift A (Morning),480,480,0,,869,827,42,100.0,960.0,90.52,95.17,86.15,MCH_L1,World Class (≥85%)
SFT_00109,MCH_L3_05,2023-02-06 08:00:00,Shift B (Evening),480,480,0,,872,831,41,100.0,960.0,90.83,95.3,86.56,MCH_L3,World Class (≥85%)
SFT_00110,MCH_L1_05,2023-02-06 16:00:00,Shift C (Night),480,480,0,,866,848,18,100.0,960.0,90.21,97.92,88.33,MCH_L1,World Class (≥85%)
SFT_00111,MCH_L2_01,2023-02-07 00:00:00,Shift A (Morning),480,480,0,,913,886,27,100.0,960.0,95.1,97.04,92.29,MCH_L2,World Class (≥85%)
SFT_00112,MCH_L1_04,2023-02-07 08:00:00,Shift B (Evening),480,480,0,,880,863,17,100.0,960.0,91.67,98.07,89.9,MCH_L1,World Class (≥85%)
SFT_00113,MCH_L2_04,2023-02-07 16:00:00,Shift C (Night),480,471,9,Material Starvation,909,865,44,98.12,942.0,96.5,95.16,90.1,MCH_L2,World Class (≥85%)
SFT_00114,MCH_L1_02,2023-02-08 00:00:00,Shift A (Morning),480,480,0,,871,835,36,100.0,960.0,90.73,95.87,86.98,MCH_L1,World Class (≥85%)
SFT_00115,MCH_L1_02,2023-02-08 08:00:00,Shift B (Evening),480,480,0,,902,874,28,100.0,960.0,93.96,96.9,91.05,MCH_L1,World Class (≥85%)
SFT_00116,MCH_L3_05,2023-02-08 16:00:00,Shift C (Night),480,473,7,Tool Breakdown,913,873,40,98.54,946.0,96.51,95.62,90.94,MCH_L3,World Class (≥85%)
SFT_00117,MCH_L3_02,2023-02-09 00:00:00,Shift A (Morning),480,480,0,,885,864,21,100.0,960.0,92.19,97.63,90.01,MCH_L3,World Class (≥85%)
SFT_00118,MCH_L1_02,2023-02-09 08:00:00,Shift B (Evening),480,453,27,Material Starvation,840,828,12,94.38,906.0,92.72,98.57,86.26,MCH_L1,World Class (≥85%)
SFT_00119,MCH_L2_01,2023-02-09 16:00:00,Shift C (Night),480,480,0,,880,865,15,100.0,960.0,91.67,98.3,90.11,MCH_L2,World Class (≥85%)
SFT_00120,MCH_L1_02,2023-02-10 00:00:00,Shift A (Morning),480,480,0,,922,910,12,100.0,960.0,96.04,98.7,94.79,MCH_L1,World Class (≥85%)
SFT_00121,MCH_L2_03,2023-02-10 08:00:00,Shift B (Evening),480,480,0,,900,880,20,100.0,960.0,93.75,97.78,91.67,MCH_L2,World Class (≥85%)
SFT_00122,MCH_L1_04,2023-02-10 16:00:00,Shift C (Night),480,341,139,Tool Breakdown,667,635,32,71.04,682.0,97.8,95.2,66.14,MCH_L1,Acceptable (65-84%)
SFT_00123,MCH_L1_01,2023-02-11 00:00:00,Shift A (Morning),480,480,0,,853,842,11,100.0,960.0,88.85,98.71,87.7,MCH_L1,World Class (≥85%)
SFT_00124,MCH_L1_03,2023-02-11 08:00:00,Shift B (Evening),480,480,0,,931,904,27,100.0,960.0,96.98,97.1,94.17,MCH_L1,World Class (≥85%)
SFT_00125,MCH_L3_04,2023-02-11 16:00:00,Shift C (Night),480,478,2,Calibration Lag,889,868,21,99.58,956.0,92.99,97.64,90.41,MCH_L3,World Class (≥85%)
SFT_00126,MCH_L3_03,2023-02-12 00:00:00,Shift A (Morning),480,480,0,,861,848,13,100.0,960.0,89.69,98.49,88.34,MCH_L3,World Class (≥85%)
SFT_00127,MCH_L2_04,2023-02-12 08:00:00,Shift B (Evening),480,480,0,,876,837,39,100.0,960.0,91.25,95.55,87.19,MCH_L2,World Class (≥85%)
SFT_00128,MCH_L2_02,2023-02-12 16:00:00,Shift C (Night),480,480,0,,898,855,43,100.0,960.0,93.54,95.21,89.06,MCH_L2,World Class (≥85%)
SFT_00129,MCH_L1_04,2023-02-13 00:00:00,Shift A (Morning),480,480,0,,881,862,19,100.0,960.0,91.77,97.84,89.79,MCH_L1,World Class (≥85%)
SFT_00130,MCH_L3_03,2023-02-13 08:00:00,Shift B (Evening),480,480,0,,921,912,9,100.0,960.0,95.94,99.02,95.0,MCH_L3,World Class (≥85%)
SFT_00131,MCH_L3_01,2023-02-13 16:00:00,Shift C (Night),480,468,12,Calibration Lag,840,804,36,97.5,936.0,89.74,95.71,83.74,MCH_L3,Acceptable (65-84%)
SFT_00132,MCH_L3_05,2023-02-14 00:00:00,Shift A (Morning),480,435,45,Material Starvation,768,754,14,90.62,870.0,88.28,98.18,78.54,MCH_L3,Acceptable (65-84%)
SFT_00133,MCH_L1_01,2023-02-14 08:00:00,Shift B (Evening),480,480,0,,844,833,11,100.0,960.0,87.92,98.7,86.78,MCH_L1,World Class (≥85%)
SFT_00134,MCH_L2_02,2023-02-14 16:00:00,Shift C (Night),480,480,0,,898,863,35,100.0,960.0,93.54,96.1,89.89,MCH_L2,World Class (≥85%)
SFT_00135,MCH_L3_05,2023-02-15 00:00:00,Shift A (Morning),480,480,0,,936,908,28,100.0,960.0,97.5,97.01,94.58,MCH_L3,World Class (≥85%)
SFT_00136,MCH_L2_05,2023-02-15 08:00:00,Shift B (Evening),480,476,4,Tool Breakdown,927,897,30,99.17,952.0,97.37,96.76,93.43,MCH_L2,World Class (≥85%)
SFT_00137,MCH_L1_03,2023-02-15 16:00:00,Shift C (Night),480,453,27,Calibration Lag,884,855,29,94.38,906.0,97.57,96.72,89.07,MCH_L1,World Class (≥85%)
SFT_00138,MCH_L2_05,2023-02-16 00:00:00,Shift A (Morning),480,478,2,Tool Breakdown,882,870,12,99.58,956.0,92.26,98.64,90.62,MCH_L2,World Class (≥85%)
SFT_00139,MCH_L3_02,2023-02-16 08:00:00,Shift B (Evening),480,465,15,Pressure Loss,850,839,11,96.88,930.0,91.4,98.71,87.41,MCH_L3,World Class (≥85%)
SFT_00140,MCH_L2_03,2023-02-16 16:00:00,Shift C (Night),480,480,0,,882,856,26,100.0,960.0,91.88,97.05,89.17,MCH_L2,World Class (≥85%)
SFT_00141,MCH_L3_04,2023-02-17 00:00:00,Shift A (Morning),480,480,0,,861,828,33,100.0,960.0,89.69,96.17,86.25,MCH_L3,World Class (≥85%)
SFT_00142,MCH_L1_05,2023-02-17 08:00:00,Shift B (Evening),480,480,0,,876,845,31,100.0,960.0,91.25,96.46,88.02,MCH_L1,World Class (≥85%)
SFT_00143,MCH_L3_04,2023-02-17 16:00:00,Shift C (Night),480,480,0,,899,860,39,100.0,960.0,93.65,95.66,89.59,MCH_L3,World Class (≥85%)
SFT_00144,MCH_L1_03,2023-02-18 00:00:00,Shift A (Morning),480,469,11,Pressure Loss,884,859,25,97.71,938.0,94.24,97.17,89.48,MCH_L1,World Class (≥85%)
SFT_00145,MCH_L3_01,2023-02-18 08:00:00,Shift B (Evening),480,446,34,Pressure Loss,831,813,18,92.92,892.0,93.16,97.83,84.69,MCH_L3,Acceptable (65-84%)
SFT_00146,MCH_L1_02,2023-02-18 16:00:00,Shift C (Night),480,472,8,Pressure Loss,876,860,16,98.33,944.0,92.8,98.17,89.58,MCH_L1,World Class (≥85%)
SFT_00147,MCH_L2_01,2023-02-19 00:00:00,Shift A (Morning),480,480,0,,893,862,31,100.0,960.0,93.02,96.53,89.79,MCH_L2,World Class (≥85%)
SFT_00148,MCH_L3_02,2023-02-19 08:00:00,Shift B (Evening),480,469,11,Pressure Loss,859,845,14,97.71,938.0,91.58,98.37,88.02,MCH_L3,World Class (≥85%)
SFT_00149,MCH_L3_03,2023-02-19 16:00:00,Shift C (Night),480,480,0,,862,836,26,100.0,960.0,89.79,96.98,87.08,MCH_L3,World Class (≥85%)
SFT_00150,MCH_L1_02,2023-02-20 00:00:00,Shift A (Morning),480,334,146,Pressure Loss,653,637,16,69.58,668.0,97.75,97.55,66.35,MCH_L1,Acceptable (65-84%)
SFT_00151,MCH_L2_01,2023-02-20 08:00:00,Shift B (Evening),480,480,0,,860,829,31,100.0,960.0,89.58,96.4,86.36,MCH_L2,World Class (≥85%)
SFT_00152,MCH_L3_04,2023-02-20 16:00:00,Shift C (Night),480,480,0,,929,887,42,100.0,960.0,96.77,95.48,92.4,MCH_L3,World Class (≥85%)
SFT_00153,MCH_L2_04,2023-02-21 00:00:00,Shift A (Morning),480,477,3,Calibration Lag,861,842,19,99.38,954.0,90.25,97.79,87.71,MCH_L2,World Class (≥85%)
SFT_00154,MCH_L3_01,2023-02-21 08:00:00,Shift B (Evening),480,392,88,Pressure Loss,759,724,35,81.67,784.0,96.81,95.39,75.42,MCH_L3,Acceptable (65-84%)
SFT_00155,MCH_L3_01,2023-02-21 16:00:00,Shift C (Night),480,480,0,,903,860,43,100.0,960.0,94.06,95.24,89.58,MCH_L3,World Class (≥85%)
SFT_00156,MCH_L2_03,2023-02-22 00:00:00,Shift A (Morning),480,480,0,,894,860,34,100.0,960.0,93.12,96.2,89.58,MCH_L2,World Class (≥85%)
SFT_00157,MCH_L3_01,2023-02-22 08:00:00,Shift B (Evening),480,480,0,,852,833,19,100.0,960.0,88.75,97.77,86.77,MCH_L3,World Class (≥85%)
SFT_00158,MCH_L2_01,2023-02-22 16:00:00,Shift C (Night),480,480,0,,866,851,15,100.0,960.0,90.21,98.27,88.65,MCH_L2,World Class (≥85%)
SFT_00159,MCH_L2_03,2023-02-23 00:00:00,Shift A (Morning),480,461,19,Material Starvation,820,788,32,96.04,922.0,88.94,96.1,82.09,MCH_L2,Acceptable (65-84%)
SFT_00160,MCH_L3_02,2023-02-23 08:00:00,Shift B (Evening),480,455,25,Material Starvation,867,853,14,94.79,910.0,95.27,98.39,88.85,MCH_L3,World Class (≥85%)
SFT_00161,MCH_L1_04,2023-02-23 16:00:00,Shift C (Night),480,480,0,,874,831,43,100.0,960.0,91.04,95.08,86.56,MCH_L1,World Class (≥85%)
SFT_00162,MCH_L2_03,2023-02-24 00:00:00,Shift A (Morning),480,462,18,Tool Breakdown,895,862,33,96.25,924.0,96.86,96.31,89.79,MCH_L2,World Class (≥85%)
SFT_00163,MCH_L2_02,2023-02-24 08:00:00,Shift B (Evening),480,434,46,Tool Breakdown,804,780,24,90.42,868.0,92.63,97.01,81.25,MCH_L2,Acceptable (65-84%)
SFT_00164,MCH_L1_05,2023-02-24 16:00:00,Shift C (Night),480,480,0,,885,862,23,100.0,960.0,92.19,97.4,89.79,MCH_L1,World Class (≥85%)
SFT_00165,MCH_L1_02,2023-02-25 00:00:00,Shift A (Morning),480,392,88,Tool Breakdown,750,716,34,81.67,784.0,95.66,95.47,74.59,MCH_L1,Acceptable (65-84%)
SFT_00166,MCH_L2_05,2023-02-25 08:00:00,Shift B (Evening),480,474,6,Material Starvation,920,911,9,98.75,948.0,97.05,99.02,94.9,MCH_L2,World Class (≥85%)
SFT_00167,MCH_L3_01,2023-02-25 16:00:00,Shift C (Night),480,480,0,,940,911,29,100.0,960.0,97.92,96.91,94.89,MCH_L3,World Class (≥85%)
SFT_00168,MCH_L2_04,2023-02-26 00:00:00,Shift A (Morning),480,422,58,Material Starvation,803,792,11,87.92,844.0,95.14,98.63,82.5,MCH_L2,Acceptable (65-84%)
SFT_00169,MCH_L2_04,2023-02-26 08:00:00,Shift B (Evening),480,480,0,,920,907,13,100.0,960.0,95.83,98.59,94.48,MCH_L2,World Class (≥85%)
SFT_00170,MCH_L2_03,2023-02-26 16:00:00,Shift C (Night),480,480,0,,936,895,41,100.0,960.0,97.5,95.62,93.23,MCH_L2,World Class (≥85%)
SFT_00171,MCH_L2_04,2023-02-27 00:00:00,Shift A (Morning),480,457,23,Tool Breakdown,894,875,19,95.21,914.0,97.81,97.87,91.14,MCH_L2,World Class (≥85%)
SFT_00172,MCH_L3_01,2023-02-27 08:00:00,Shift B (Evening),480,397,83,Tool Breakdown,768,739,29,82.71,794.0,96.73,96.22,76.98,MCH_L3,Acceptable (65-84%)
SFT_00173,MCH_L3_05,2023-02-27 16:00:00,Shift C (Night),480,480,0,,845,809,36,100.0,960.0,88.02,95.74,84.27,MCH_L3,Acceptable (65-84%)
SFT_00174,MCH_L1_01,2023-02-28 00:00:00,Shift A (Morning),480,480,0,,873,853,20,100.0,960.0,90.94,97.71,88.86,MCH_L1,World Class (≥85%)
SFT_00175,MCH_L2_05,2023-02-28 08:00:00,Shift B (Evening),480,480,0,,874,846,28,100.0,960.0,91.04,96.8,88.13,MCH_L2,World Class (≥85%)
SFT_00176,MCH_L1_02,2023-02-28 16:00:00,Shift C (Night),480,476,4,Pressure Loss,855,829,26,99.17,952.0,89.81,96.96,86.36,MCH_L1,World Class (≥85%)
SFT_00177,MCH_L3_03,2023-03-01 00:00:00,Shift A (Morning),480,480,0,,878,851,27,100.0,960.0,91.46,96.92,88.64,MCH_L3,World Class (≥85%)
SFT_00178,MCH_L2_05,2023-03-01 08:00:00,Shift B (Evening),480,480,0,,890,872,18,100.0,960.0,92.71,97.98,90.84,MCH_L2,World Class (≥85%)
SFT_00179,MCH_L3_02,2023-03-01 16:00:00,Shift C (Night),480,480,0,,915,876,39,100.0,960.0,95.31,95.74,91.25,MCH_L3,World Class (≥85%)
SFT_00180,MCH_L2_03,2023-03-02 00:00:00,Shift A (Morning),480,463,17,Pressure Loss,906,862,44,96.46,926.0,97.84,95.14,89.79,MCH_L2,World Class (≥85%)
SFT_00181,MCH_L1_01,2023-03-02 08:00:00,Shift B (Evening),480,480,0,,940,931,9,100.0,960.0,97.92,99.04,96.98,MCH_L1,World Class (≥85%)
SFT_00182,MCH_L3_03,2023-03-02 16:00:00,Shift C (Night),480,480,0,,897,866,31,100.0,960.0,93.44,96.54,90.21,MCH_L3,World Class (≥85%)
SFT_00183,MCH_L1_02,2023-03-03 00:00:00,Shift A (Morning),480,421,59,Material Starvation,811,778,33,87.71,842.0,96.32,95.93,81.04,MCH_L1,Acceptable (65-84%)
SFT_00184,MCH_L2_02,2023-03-03 08:00:00,Shift B (Evening),480,480,0,,928,914,14,100.0,960.0,96.67,98.49,95.21,MCH_L2,World Class (≥85%)
SFT_00185,MCH_L1_01,2023-03-03 16:00:00,Shift C (Night),480,473,7,Material Starvation,834,816,18,98.54,946.0,88.16,97.84,85.0,MCH_L1,World Class (≥85%)
SFT_00186,MCH_L2_04,2023-03-04 00:00:00,Shift A (Morning),480,480,0,,890,881,9,100.0,960.0,92.71,98.99,91.77,MCH_L2,World Class (≥85%)
SFT_00187,MCH_L1_03,2023-03-04 08:00:00,Shift B (Evening),480,480,0,,896,871,25,100.0,960.0,93.33,97.21,90.73,MCH_L1,World Class (≥85%)
SFT_00188,MCH_L1_05,2023-03-04 16:00:00,Shift C (Night),480,480,0,,924,902,22,100.0,960.0,96.25,97.62,93.96,MCH_L1,World Class (≥85%)
SFT_00189,MCH_L3_05,2023-03-05 00:00:00,Shift A (Morning),480,430,50,Calibration Lag,823,795,28,89.58,860.0,95.7,96.6,82.81,MCH_L3,Acceptable (65-84%)
SFT_00190,MCH_L3_01,2023-03-05 08:00:00,Shift B (Evening),480,454,26,Tool Breakdown,836,796,40,94.58,908.0,92.07,95.22,82.92,MCH_L3,Acceptable (65-84%)
SFT_00191,MCH_L3_01,2023-03-05 16:00:00,Shift C (Night),480,468,12,Material Starvation,832,795,37,97.5,936.0,88.89,95.55,82.81,MCH_L3,Acceptable (65-84%)
SFT_00192,MCH_L1_01,2023-03-06 00:00:00,Shift A (Morning),480,480,0,,881,866,15,100.0,960.0,91.77,98.3,90.21,MCH_L1,World Class (≥85%)
SFT_00193,MCH_L3_04,2023-03-06 08:00:00,Shift B (Evening),480,480,0,,872,844,28,100.0,960.0,90.83,96.79,87.91,MCH_L3,World Class (≥85%)
SFT_00194,MCH_L3_02,2023-03-06 16:00:00,Shift C (Night),480,480,0,,848,821,27,100.0,960.0,88.33,96.82,85.52,MCH_L3,World Class (≥85%)
SFT_00195,MCH_L2_05,2023-03-07 00:00:00,Shift A (Morning),480,480,0,,940,912,28,100.0,960.0,97.92,97.02,95.0,MCH_L2,World Class (≥85%)
SFT_00196,MCH_L3_01,2023-03-07 08:00:00,Shift B (Evening),480,480,0,,909,878,31,100.0,960.0,94.69,96.59,91.46,MCH_L3,World Class (≥85%)
SFT_00197,MCH_L3_05,2023-03-07 16:00:00,Shift C (Night),480,480,0,,935,889,46,100.0,960.0,97.4,95.08,92.61,MCH_L3,World Class (≥85%)
SFT_00198,MCH_L2_05,2023-03-08 00:00:00,Shift A (Morning),480,480,0,,936,897,39,100.0,960.0,97.5,95.83,93.43,MCH_L2,World Class (≥85%)
SFT_00199,MCH_L3_02,2023-03-08 08:00:00,Shift B (Evening),480,480,0,,859,818,41,100.0,960.0,89.48,95.23,85.21,MCH_L3,World Class (≥85%)
SFT_00200,MCH_L3_04,2023-03-08 16:00:00,Shift C (Night),480,480,0,,860,840,20,100.0,960.0,89.58,97.67,87.49,MCH_L3,World Class (≥85%)
SFT_00201,MCH_L2_02,2023-03-09 00:00:00,Shift A (Morning),480,480,0,,937,927,10,100.0,960.0,97.6,98.93,96.56,MCH_L2,World Class (≥85%)
SFT_00202,MCH_L3_01,2023-03-09 08:00:00,Shift B (Evening),480,479,1,Material Starvation,868,845,23,99.79,958.0,90.61,97.35,88.02,MCH_L3,World Class (≥85%)
SFT_00203,MCH_L1_02,2023-03-09 16:00:00,Shift C (Night),480,480,0,,883,857,26,100.0,960.0,91.98,97.06,89.28,MCH_L1,World Class (≥85%)
SFT_00204,MCH_L3_02,2023-03-10 00:00:00,Shift A (Morning),480,480,0,,937,892,45,100.0,960.0,97.6,95.2,92.92,MCH_L3,World Class (≥85%)
SFT_00205,MCH_L1_01,2023-03-10 08:00:00,Shift B (Evening),480,480,0,,897,887,10,100.0,960.0,93.44,98.89,92.4,MCH_L1,World Class (≥85%)
SFT_00206,MCH_L1_02,2023-03-10 16:00:00,Shift C (Night),480,480,0,,880,843,37,100.0,960.0,91.67,95.8,87.82,MCH_L1,World Class (≥85%)
SFT_00207,MCH_L1_03,2023-03-11 00:00:00,Shift A (Morning),480,480,0,,894,861,33,100.0,960.0,93.12,96.31,89.68,MCH_L1,World Class (≥85%)
SFT_00208,MCH_L3_04,2023-03-11 08:00:00,Shift B (Evening),480,480,0,,873,838,35,100.0,960.0,90.94,95.99,87.29,MCH_L3,World Class (≥85%)
SFT_00209,MCH_L2_03,2023-03-11 16:00:00,Shift C (Night),480,460,20,Calibration Lag,885,851,34,95.83,920.0,96.2,96.16,88.65,MCH_L2,World Class (≥85%)
SFT_00210,MCH_L3_05,2023-03-12 00:00:00,Shift A (Morning),480,470,10,Tool Breakdown,873,860,13,97.92,940.0,92.87,98.51,89.58,MCH_L3,World Class (≥85%)
SFT_00211,MCH_L2_02,2023-03-12 08:00:00,Shift B (Evening),480,480,0,,932,886,46,100.0,960.0,97.08,95.06,92.28,MCH_L2,World Class (≥85%)
SFT_00212,MCH_L1_03,2023-03-12 16:00:00,Shift C (Night),480,402,78,Calibration Lag,752,742,10,83.75,804.0,93.53,98.67,77.29,MCH_L1,Acceptable (65-84%)
SFT_00213,MCH_L3_04,2023-03-13 00:00:00,Shift A (Morning),480,444,36,Material Starvation,797,765,32,92.5,888.0,89.75,95.98,79.68,MCH_L3,Acceptable (65-84%)
SFT_00214,MCH_L1_02,2023-03-13 08:00:00,Shift B (Evening),480,479,1,Tool Breakdown,883,844,39,99.79,958.0,92.17,95.58,87.91,MCH_L1,World Class (≥85%)
SFT_00215,MCH_L3_02,2023-03-13 16:00:00,Shift C (Night),480,480,0,,924,903,21,100.0,960.0,96.25,97.73,94.07,MCH_L3,World Class (≥85%)
SFT_00216,MCH_L3_03,2023-03-14 00:00:00,Shift A (Morning),480,470,10,Pressure Loss,893,849,44,97.92,940.0,95.0,95.07,88.44,MCH_L3,World Class (≥85%)
SFT_00217,MCH_L2_02,2023-03-14 08:00:00,Shift B (Evening),480,459,21,Calibration Lag,837,828,9,95.62,918.0,91.18,98.92,86.24,MCH_L2,World Class (≥85%)
SFT_00218,MCH_L3_02,2023-03-14 16:00:00,Shift C (Night),480,467,13,Pressure Loss,824,800,24,97.29,934.0,88.22,97.09,83.33,MCH_L3,Acceptable (65-84%)
SFT_00219,MCH_L1_05,2023-03-15 00:00:00,Shift A (Morning),480,480,0,,894,865,29,100.0,960.0,93.12,96.76,90.1,MCH_L1,World Class (≥85%)
SFT_00220,MCH_L2_02,2023-03-15 08:00:00,Shift B (Evening),480,480,0,,869,849,20,100.0,960.0,90.52,97.7,88.44,MCH_L2,World Class (≥85%)
SFT_00221,MCH_L2_05,2023-03-15 16:00:00,Shift C (Night),480,430,50,Pressure Loss,817,796,21,89.58,860.0,95.0,97.43,82.91,MCH_L2,Acceptable (65-84%)
SFT_00222,MCH_L3_03,2023-03-16 00:00:00,Shift A (Morning),480,480,0,,854,814,40,100.0,960.0,88.96,95.32,84.8,MCH_L3,Acceptable (65-84%)
SFT_00223,MCH_L1_05,2023-03-16 08:00:00,Shift B (Evening),480,480,0,,901,873,28,100.0,960.0,93.85,96.89,90.93,MCH_L1,World Class (≥85%)
SFT_00224,MCH_L3_02,2023-03-16 16:00:00,Shift C (Night),480,480,0,,860,824,36,100.0,960.0,89.58,95.81,85.83,MCH_L3,World Class (≥85%)
SFT_00225,MCH_L3_01,2023-03-17 00:00:00,Shift A (Morning),480,449,31,Material Starvation,818,792,26,93.54,898.0,91.09,96.82,82.5,MCH_L3,Acceptable (65-84%)
SFT_00226,MCH_L1_01,2023-03-17 08:00:00,Shift B (Evening),480,440,40,Material Starvation,794,778,16,91.67,880.0,90.23,97.98,81.04,MCH_L1,Acceptable (65-84%)
SFT_00227,MCH_L3_01,2023-03-17 16:00:00,Shift C (Night),480,480,0,,857,838,19,100.0,960.0,89.27,97.78,87.29,MCH_L3,World Class (≥85%)
SFT_00228,MCH_L1_02,2023-03-18 00:00:00,Shift A (Morning),480,480,0,,860,820,40,100.0,960.0,89.58,95.35,85.41,MCH_L1,World Class (≥85%)
SFT_00229,MCH_L2_01,2023-03-18 08:00:00,Shift B (Evening),480,480,0,,923,881,42,100.0,960.0,96.15,95.45,91.78,MCH_L2,World Class (≥85%)
SFT_00230,MCH_L2_05,2023-03-18 16:00:00,Shift C (Night),480,472,8,Material Starvation,906,895,11,98.33,944.0,95.97,98.79,93.23,MCH_L2,World Class (≥85%)
SFT_00231,MCH_L1_03,2023-03-19 00:00:00,Shift A (Morning),480,480,0,,914,884,30,100.0,960.0,95.21,96.72,92.09,MCH_L1,World Class (≥85%)
SFT_00232,MCH_L3_01,2023-03-19 08:00:00,Shift B (Evening),480,480,0,,937,911,26,100.0,960.0,97.6,97.23,94.9,MCH_L3,World Class (≥85%)
SFT_00233,MCH_L1_02,2023-03-19 16:00:00,Shift C (Night),480,413,67,Material Starvation,783,758,25,86.04,826.0,94.79,96.81,78.96,MCH_L1,Acceptable (65-84%)
SFT_00234,MCH_L1_01,2023-03-20 00:00:00,Shift A (Morning),480,480,0,,878,846,32,100.0,960.0,91.46,96.36,88.13,MCH_L1,World Class (≥85%)
SFT_00235,MCH_L3_02,2023-03-20 08:00:00,Shift B (Evening),480,410,70,Tool Breakdown,727,692,35,85.42,820.0,88.66,95.19,72.09,MCH_L3,Acceptable (65-84%)
SFT_00236,MCH_L2_04,2023-03-20 16:00:00,Shift C (Night),480,480,0,,866,848,18,100.0,960.0,90.21,97.92,88.33,MCH_L2,World Class (≥85%)
SFT_00237,MCH_L2_03,2023-03-21 00:00:00,Shift A (Morning),480,480,0,,928,888,40,100.0,960.0,96.67,95.69,92.5,MCH_L2,World Class (≥85%)
SFT_00238,MCH_L3_01,2023-03-21 08:00:00,Shift B (Evening),480,480,0,,849,824,25,100.0,960.0,88.44,97.06,85.84,MCH_L3,World Class (≥85%)
SFT_00239,MCH_L3_04,2023-03-21 16:00:00,Shift C (Night),480,480,0,,914,891,23,100.0,960.0,95.21,97.48,92.81,MCH_L3,World Class (≥85%)
SFT_00240,MCH_L1_04,2023-03-22 00:00:00,Shift A (Morning),480,473,7,Tool Breakdown,898,877,21,98.54,946.0,94.93,97.66,91.36,MCH_L1,World Class (≥85%)
SFT_00241,MCH_L1_04,2023-03-22 08:00:00,Shift B (Evening),480,480,0,,929,900,29,100.0,960.0,96.77,96.88,93.75,MCH_L1,World Class (≥85%)
SFT_00242,MCH_L1_01,2023-03-22 16:00:00,Shift C (Night),480,470,10,Tool Breakdown,917,900,17,97.92,940.0,97.55,98.15,93.75,MCH_L1,World Class (≥85%)
SFT_00243,MCH_L1_05,2023-03-23 00:00:00,Shift A (Morning),480,480,0,,885,861,24,100.0,960.0,92.19,97.29,89.69,MCH_L1,World Class (≥85%)
SFT_00244,MCH_L3_05,2023-03-23 08:00:00,Shift B (Evening),480,480,0,,919,900,19,100.0,960.0,95.73,97.93,93.75,MCH_L3,World Class (≥85%)
SFT_00245,MCH_L2_05,2023-03-23 16:00:00,Shift C (Night),480,480,0,,849,833,16,100.0,960.0,88.44,98.12,86.78,MCH_L2,World Class (≥85%)
SFT_00246,MCH_L3_02,2023-03-24 00:00:00,Shift A (Morning),480,480,0,,862,848,14,100.0,960.0,89.79,98.38,88.34,MCH_L3,World Class (≥85%)
SFT_00247,MCH_L1_04,2023-03-24 08:00:00,Shift B (Evening),480,480,0,,848,811,37,100.0,960.0,88.33,95.64,84.48,MCH_L1,Acceptable (65-84%)
SFT_00248,MCH_L2_05,2023-03-24 16:00:00,Shift C (Night),480,480,0,,867,826,41,100.0,960.0,90.31,95.27,86.04,MCH_L2,World Class (≥85%)
SFT_00249,MCH_L3_05,2023-03-25 00:00:00,Shift A (Morning),480,480,0,,907,879,28,100.0,960.0,94.48,96.91,91.56,MCH_L3,World Class (≥85%)
SFT_00250,MCH_L2_02,2023-03-25 08:00:00,Shift B (Evening),480,445,35,Tool Breakdown,833,807,26,92.71,890.0,93.6,96.88,84.07,MCH_L2,Acceptable (65-84%)
SFT_00251,MCH_L1_01,2023-03-25 16:00:00,Shift C (Night),480,480,0,,917,903,14,100.0,960.0,95.52,98.47,94.06,MCH_L1,World Class (≥85%)
SFT_00252,MCH_L3_03,2023-03-26 00:00:00,Shift A (Morning),480,461,19,Tool Breakdown,815,787,28,96.04,922.0,88.39,96.56,81.97,MCH_L3,Acceptable (65-84%)
SFT_00253,MCH_L3_02,2023-03-26 08:00:00,Shift B (Evening),480,457,23,Tool Breakdown,853,817,36,95.21,914.0,93.33,95.78,85.11,MCH_L3,World Class (≥85%)
SFT_00254,MCH_L3_04,2023-03-26 16:00:00,Shift C (Night),480,437,43,Calibration Lag,808,798,10,91.04,874.0,92.45,98.76,83.12,MCH_L3,Acceptable (65-84%)
SFT_00255,MCH_L2_01,2023-03-27 00:00:00,Shift A (Morning),480,480,0,,933,891,42,100.0,960.0,97.19,95.5,92.82,MCH_L2,World Class (≥85%)
SFT_00256,MCH_L3_01,2023-03-27 08:00:00,Shift B (Evening),480,474,6,Material Starvation,883,874,9,98.75,948.0,93.14,98.98,91.04,MCH_L3,World Class (≥85%)
SFT_00257,MCH_L1_01,2023-03-27 16:00:00,Shift C (Night),480,480,0,,927,898,29,100.0,960.0,96.56,96.87,93.54,MCH_L1,World Class (≥85%)
SFT_00258,MCH_L1_01,2023-03-28 00:00:00,Shift A (Morning),480,480,0,,906,894,12,100.0,960.0,94.38,98.68,93.13,MCH_L1,World Class (≥85%)
SFT_00259,MCH_L2_03,2023-03-28 08:00:00,Shift B (Evening),480,219,261,Pressure Loss,423,411,12,45.62,438.0,96.58,97.16,42.81,MCH_L2,Critical Bottleneck (<65%)
SFT_00260,MCH_L3_04,2023-03-28 16:00:00,Shift C (Night),480,440,40,Material Starvation,799,781,18,91.67,880.0,90.8,97.75,81.36,MCH_L3,Acceptable (65-84%)
SFT_00261,MCH_L3_01,2023-03-29 00:00:00,Shift A (Morning),480,235,245,Tool Breakdown,416,399,17,48.96,470.0,88.51,95.91,41.56,MCH_L3,Critical Bottleneck (<65%)
SFT_00262,MCH_L2_03,2023-03-29 08:00:00,Shift B (Evening),480,480,0,,938,910,28,100.0,960.0,97.71,97.01,94.79,MCH_L2,World Class (≥85%)
SFT_00263,MCH_L1_04,2023-03-29 16:00:00,Shift C (Night),480,412,68,Tool Breakdown,755,730,25,85.83,824.0,91.63,96.69,76.04,MCH_L1,Acceptable (65-84%)
SFT_00264,MCH_L3_03,2023-03-30 00:00:00,Shift A (Morning),480,480,0,,912,894,18,100.0,960.0,95.0,98.03,93.13,MCH_L3,World Class (≥85%)
SFT_00265,MCH_L3_03,2023-03-30 08:00:00,Shift B (Evening),480,480,0,,931,898,33,100.0,960.0,96.98,96.46,93.55,MCH_L3,World Class (≥85%)
SFT_00266,MCH_L2_01,2023-03-30 16:00:00,Shift C (Night),480,480,0,,899,890,9,100.0,960.0,93.65,99.0,92.71,MCH_L2,World Class (≥85%)
SFT_00267,MCH_L3_03,2023-03-31 00:00:00,Shift A (Morning),480,480,0,,897,884,13,100.0,960.0,93.44,98.55,92.09,MCH_L3,World Class (≥85%)
SFT_00268,MCH_L1_02,2023-03-31 08:00:00,Shift B (Evening),480,344,136,Material Starvation,606,592,14,71.67,688.0,88.08,97.69,61.67,MCH_L1,Critical Bottleneck (<65%)
SFT_00269,MCH_L3_05,2023-03-31 16:00:00,Shift C (Night),480,478,2,Tool Breakdown,907,878,29,99.58,956.0,94.87,96.8,91.45,MCH_L3,World Class (≥85%)
SFT_00270,MCH_L1_01,2023-04-01 00:00:00,Shift A (Morning),480,412,68,Pressure Loss,742,731,11,85.83,824.0,90.05,98.52,76.15,MCH_L1,Acceptable (65-84%)
SFT_00271,MCH_L1_05,2023-04-01 08:00:00,Shift B (Evening),480,480,0,,860,821,39,100.0,960.0,89.58,95.47,85.52,MCH_L1,World Class (≥85%)
SFT_00272,MCH_L3_05,2023-04-01 16:00:00,Shift C (Night),480,480,0,,874,859,15,100.0,960.0,91.04,98.28,89.47,MCH_L3,World Class (≥85%)
SFT_00273,MCH_L3_02,2023-04-02 00:00:00,Shift A (Morning),480,480,0,,904,890,14,100.0,960.0,94.17,98.45,92.71,MCH_L3,World Class (≥85%)
SFT_00274,MCH_L3_05,2023-04-02 08:00:00,Shift B (Evening),480,456,24,Material Starvation,813,786,27,95.0,912.0,89.14,96.68,81.87,MCH_L3,Acceptable (65-84%)
SFT_00275,MCH_L2_02,2023-04-02 16:00:00,Shift C (Night),480,480,0,,862,853,9,100.0,960.0,89.79,98.96,88.86,MCH_L2,World Class (≥85%)
SFT_00276,MCH_L2_04,2023-04-03 00:00:00,Shift A (Morning),480,480,0,,886,844,42,100.0,960.0,92.29,95.26,87.92,MCH_L2,World Class (≥85%)
SFT_00277,MCH_L1_05,2023-04-03 08:00:00,Shift B (Evening),480,480,0,,902,880,22,100.0,960.0,93.96,97.56,91.67,MCH_L1,World Class (≥85%)
SFT_00278,MCH_L1_02,2023-04-03 16:00:00,Shift C (Night),480,480,0,,885,845,40,100.0,960.0,92.19,95.48,88.02,MCH_L1,World Class (≥85%)
SFT_00279,MCH_L1_03,2023-04-04 00:00:00,Shift A (Morning),480,480,0,,921,884,37,100.0,960.0,95.94,95.98,92.08,MCH_L1,World Class (≥85%)
SFT_00280,MCH_L1_05,2023-04-04 08:00:00,Shift B (Evening),480,480,0,,919,884,35,100.0,960.0,95.73,96.19,92.08,MCH_L1,World Class (≥85%)
SFT_00281,MCH_L3_04,2023-04-04 16:00:00,Shift C (Night),480,480,0,,927,891,36,100.0,960.0,96.56,96.12,92.81,MCH_L3,World Class (≥85%)
SFT_00282,MCH_L1_03,2023-04-05 00:00:00,Shift A (Morning),480,371,109,Tool Breakdown,711,694,17,77.29,742.0,95.82,97.61,72.29,MCH_L1,Acceptable (65-84%)
SFT_00283,MCH_L3_02,2023-04-05 08:00:00,Shift B (Evening),480,480,0,,931,894,37,100.0,960.0,96.98,96.03,93.13,MCH_L3,World Class (≥85%)
SFT_00284,MCH_L3_02,2023-04-05 16:00:00,Shift C (Night),480,480,0,,905,863,42,100.0,960.0,94.27,95.36,89.9,MCH_L3,World Class (≥85%)
SFT_00285,MCH_L2_02,2023-04-06 00:00:00,Shift A (Morning),480,480,0,,850,834,16,100.0,960.0,88.54,98.12,86.88,MCH_L2,World Class (≥85%)
SFT_00286,MCH_L2_03,2023-04-06 08:00:00,Shift B (Evening),480,480,0,,880,843,37,100.0,960.0,91.67,95.8,87.82,MCH_L2,World Class (≥85%)
SFT_00287,MCH_L1_02,2023-04-06 16:00:00,Shift C (Night),480,319,161,Calibration Lag,610,582,28,66.46,638.0,95.61,95.41,60.63,MCH_L1,Critical Bottleneck (<65%)
SFT_00288,MCH_L3_04,2023-04-07 00:00:00,Shift A (Morning),480,480,0,,850,809,41,100.0,960.0,88.54,95.18,84.27,MCH_L3,Acceptable (65-84%)
SFT_00289,MCH_L3_05,2023-04-07 08:00:00,Shift B (Evening),480,480,0,,894,865,29,100.0,960.0,93.12,96.76,90.1,MCH_L3,World Class (≥85%)
SFT_00290,MCH_L2_01,2023-04-07 16:00:00,Shift C (Night),480,480,0,,905,882,23,100.0,960.0,94.27,97.46,91.88,MCH_L2,World Class (≥85%)
SFT_00291,MCH_L2_03,2023-04-08 00:00:00,Shift A (Morning),480,480,0,,905,876,29,100.0,960.0,94.27,96.8,91.25,MCH_L2,World Class (≥85%)
SFT_00292,MCH_L3_01,2023-04-08 08:00:00,Shift B (Evening),480,480,0,,889,849,40,100.0,960.0,92.6,95.5,88.43,MCH_L3,World Class (≥85%)
SFT_00293,MCH_L3_03,2023-04-08 16:00:00,Shift C (Night),480,480,0,,855,824,31,100.0,960.0,89.06,96.37,85.83,MCH_L3,World Class (≥85%)
SFT_00294,MCH_L2_03,2023-04-09 00:00:00,Shift A (Morning),480,480,0,,929,919,10,100.0,960.0,96.77,98.92,95.72,MCH_L2,World Class (≥85%)
SFT_00295,MCH_L1_05,2023-04-09 08:00:00,Shift B (Evening),480,480,0,,930,896,34,100.0,960.0,96.88,96.34,93.33,MCH_L1,World Class (≥85%)
SFT_00296,MCH_L3_03,2023-04-09 16:00:00,Shift C (Night),480,480,0,,864,826,38,100.0,960.0,90.0,95.6,86.04,MCH_L3,World Class (≥85%)
SFT_00297,MCH_L2_01,2023-04-10 00:00:00,Shift A (Morning),480,480,0,,863,842,21,100.0,960.0,89.9,97.57,87.72,MCH_L2,World Class (≥85%)
SFT_00298,MCH_L1_02,2023-04-10 08:00:00,Shift B (Evening),480,480,0,,922,907,15,100.0,960.0,96.04,98.37,94.47,MCH_L1,World Class (≥85%)
SFT_00299,MCH_L3_04,2023-04-10 16:00:00,Shift C (Night),480,480,0,,938,916,22,100.0,960.0,97.71,97.65,95.41,MCH_L3,World Class (≥85%)
SFT_00300,MCH_L2_05,2023-04-11 00:00:00,Shift A (Morning),480,480,0,,874,861,13,100.0,960.0,91.04,98.51,89.68,MCH_L2,World Class (≥85%)
SFT_00301,MCH_L1_03,2023-04-11 08:00:00,Shift B (Evening),480,480,0,,908,870,38,100.0,960.0,94.58,95.81,90.62,MCH_L1,World Class (≥85%)
SFT_00302,MCH_L1_01,2023-04-11 16:00:00,Shift C (Night),480,480,0,,845,820,25,100.0,960.0,88.02,97.04,85.41,MCH_L1,World Class (≥85%)
SFT_00303,MCH_L2_02,2023-04-12 00:00:00,Shift A (Morning),480,383,97,Material Starvation,707,687,20,79.79,766.0,92.3,97.17,71.56,MCH_L2,Acceptable (65-84%)
SFT_00304,MCH_L3_04,2023-04-12 08:00:00,Shift B (Evening),480,446,34,Tool Breakdown,815,795,20,92.92,892.0,91.37,97.55,82.82,MCH_L3,Acceptable (65-84%)
SFT_00305,MCH_L1_03,2023-04-12 16:00:00,Shift C (Night),480,463,17,Pressure Loss,832,805,27,96.46,926.0,89.85,96.75,83.85,MCH_L1,Acceptable (65-84%)
SFT_00306,MCH_L2_03,2023-04-13 00:00:00,Shift A (Morning),480,461,19,Tool Breakdown,816,800,16,96.04,922.0,88.5,98.04,83.33,MCH_L2,Acceptable (65-84%)
SFT_00307,MCH_L3_03,2023-04-13 08:00:00,Shift B (Evening),480,480,0,,875,839,36,100.0,960.0,91.15,95.89,87.4,MCH_L3,World Class (≥85%)
SFT_00308,MCH_L2_01,2023-04-13 16:00:00,Shift C (Night),480,428,52,Calibration Lag,763,754,9,89.17,856.0,89.14,98.82,78.55,MCH_L2,Acceptable (65-84%)
SFT_00309,MCH_L3_03,2023-04-14 00:00:00,Shift A (Morning),480,480,0,,910,868,42,100.0,960.0,94.79,95.38,90.41,MCH_L3,World Class (≥85%)
SFT_00310,MCH_L2_03,2023-04-14 08:00:00,Shift B (Evening),480,480,0,,903,881,22,100.0,960.0,94.06,97.56,91.76,MCH_L2,World Class (≥85%)
SFT_00311,MCH_L3_02,2023-04-14 16:00:00,Shift C (Night),480,480,0,,928,890,38,100.0,960.0,96.67,95.91,92.72,MCH_L3,World Class (≥85%)
SFT_00312,MCH_L1_05,2023-04-15 00:00:00,Shift A (Morning),480,468,12,Tool Breakdown,825,811,14,97.5,936.0,88.14,98.3,84.48,MCH_L1,Acceptable (65-84%)
SFT_00313,MCH_L1_05,2023-04-15 08:00:00,Shift B (Evening),480,480,0,,873,858,15,100.0,960.0,90.94,98.28,89.38,MCH_L1,World Class (≥85%)
SFT_00314,MCH_L2_02,2023-04-15 16:00:00,Shift C (Night),480,480,0,,919,897,22,100.0,960.0,95.73,97.61,93.44,MCH_L2,World Class (≥85%)
SFT_00315,MCH_L2_03,2023-04-16 00:00:00,Shift A (Morning),480,444,36,Material Starvation,858,835,23,92.5,888.0,96.62,97.32,86.98,MCH_L2,World Class (≥85%)
SFT_00316,MCH_L3_02,2023-04-16 08:00:00,Shift B (Evening),480,480,0,,903,869,34,100.0,960.0,94.06,96.23,90.51,MCH_L3,World Class (≥85%)
SFT_00317,MCH_L3_03,2023-04-16 16:00:00,Shift C (Night),480,480,0,,868,834,34,100.0,960.0,90.42,96.08,86.88,MCH_L3,World Class (≥85%)
SFT_00318,MCH_L3_04,2023-04-17 00:00:00,Shift A (Morning),480,423,57,Tool Breakdown,755,737,18,88.12,846.0,89.24,97.62,76.77,MCH_L3,Acceptable (65-84%)
SFT_00319,MCH_L3_05,2023-04-17 08:00:00,Shift B (Evening),480,480,0,,848,834,14,100.0,960.0,88.33,98.35,86.87,MCH_L3,World Class (≥85%)
SFT_00320,MCH_L2_01,2023-04-17 16:00:00,Shift C (Night),480,480,0,,868,833,35,100.0,960.0,90.42,95.97,86.78,MCH_L2,World Class (≥85%)
SFT_00321,MCH_L1_05,2023-04-18 00:00:00,Shift A (Morning),480,480,0,,847,805,42,100.0,960.0,88.23,95.04,83.85,MCH_L1,Acceptable (65-84%)
SFT_00322,MCH_L1_04,2023-04-18 08:00:00,Shift B (Evening),480,480,0,,845,834,11,100.0,960.0,88.02,98.7,86.88,MCH_L1,World Class (≥85%)
SFT_00323,MCH_L1_01,2023-04-18 16:00:00,Shift C (Night),480,480,0,,917,899,18,100.0,960.0,95.52,98.04,93.65,MCH_L1,World Class (≥85%)
SFT_00324,MCH_L3_01,2023-04-19 00:00:00,Shift A (Morning),480,480,0,,912,900,12,100.0,960.0,95.0,98.68,93.75,MCH_L3,World Class (≥85%)
SFT_00325,MCH_L1_02,2023-04-19 08:00:00,Shift B (Evening),480,480,0,,904,894,10,100.0,960.0,94.17,98.89,93.12,MCH_L1,World Class (≥85%)
SFT_00326,MCH_L1_04,2023-04-19 16:00:00,Shift C (Night),480,480,0,,876,858,18,100.0,960.0,91.25,97.95,89.38,MCH_L1,World Class (≥85%)
SFT_00327,MCH_L3_05,2023-04-20 00:00:00,Shift A (Morning),480,468,12,Tool Breakdown,878,859,19,97.5,936.0,93.8,97.84,89.48,MCH_L3,World Class (≥85%)
SFT_00328,MCH_L2_05,2023-04-20 08:00:00,Shift B (Evening),480,480,0,,850,836,14,100.0,960.0,88.54,98.35,87.08,MCH_L2,World Class (≥85%)
SFT_00329,MCH_L1_03,2023-04-20 16:00:00,Shift C (Night),480,478,2,Tool Breakdown,909,900,9,99.58,956.0,95.08,99.01,93.74,MCH_L1,World Class (≥85%)
SFT_00330,MCH_L2_04,2023-04-21 00:00:00,Shift A (Morning),480,399,81,Material Starvation,742,719,23,83.12,798.0,92.98,96.9,74.89,MCH_L2,Acceptable (65-84%)
SFT_00331,MCH_L1_04,2023-04-21 08:00:00,Shift B (Evening),480,480,0,,867,839,28,100.0,960.0,90.31,96.77,87.39,MCH_L1,World Class (≥85%)
SFT_00332,MCH_L2_04,2023-04-21 16:00:00,Shift C (Night),480,388,92,Tool Breakdown,746,730,16,80.83,776.0,96.13,97.86,76.04,MCH_L2,Acceptable (65-84%)
SFT_00333,MCH_L2_04,2023-04-22 00:00:00,Shift A (Morning),480,480,0,,854,829,25,100.0,960.0,88.96,97.07,86.35,MCH_L2,World Class (≥85%)
SFT_00334,MCH_L3_01,2023-04-22 08:00:00,Shift B (Evening),480,354,126,Pressure Loss,629,612,17,73.75,708.0,88.84,97.3,63.75,MCH_L3,Critical Bottleneck (<65%)
SFT_00335,MCH_L3_02,2023-04-22 16:00:00,Shift C (Night),480,480,0,,923,912,11,100.0,960.0,96.15,98.81,95.01,MCH_L3,World Class (≥85%)
SFT_00336,MCH_L2_03,2023-04-23 00:00:00,Shift A (Morning),480,480,0,,908,877,31,100.0,960.0,94.58,96.59,91.35,MCH_L2,World Class (≥85%)
SFT_00337,MCH_L3_04,2023-04-23 08:00:00,Shift B (Evening),480,480,0,,888,877,11,100.0,960.0,92.5,98.76,91.35,MCH_L3,World Class (≥85%)
SFT_00338,MCH_L2_05,2023-04-23 16:00:00,Shift C (Night),480,480,0,,919,896,23,100.0,960.0,95.73,97.5,93.34,MCH_L2,World Class (≥85%)
SFT_00339,MCH_L1_03,2023-04-24 00:00:00,Shift A (Morning),480,480,0,,877,841,36,100.0,960.0,91.35,95.9,87.6,MCH_L1,World Class (≥85%)
SFT_00340,MCH_L2_04,2023-04-24 08:00:00,Shift B (Evening),480,480,0,,858,842,16,100.0,960.0,89.38,98.14,87.72,MCH_L2,World Class (≥85%)
SFT_00341,MCH_L1_03,2023-04-24 16:00:00,Shift C (Night),480,480,0,,858,841,17,100.0,960.0,89.38,98.02,87.61,MCH_L1,World Class (≥85%)
SFT_00342,MCH_L2_04,2023-04-25 00:00:00,Shift A (Morning),480,480,0,,887,853,34,100.0,960.0,92.4,96.17,88.86,MCH_L2,World Class (≥85%)
SFT_00343,MCH_L1_03,2023-04-25 08:00:00,Shift B (Evening),480,480,0,,853,845,8,100.0,960.0,88.85,99.06,88.01,MCH_L1,World Class (≥85%)
SFT_00344,MCH_L3_02,2023-04-25 16:00:00,Shift C (Night),480,480,0,,902,885,17,100.0,960.0,93.96,98.12,92.19,MCH_L3,World Class (≥85%)
SFT_00345,MCH_L3_02,2023-04-26 00:00:00,Shift A (Morning),480,398,82,Pressure Loss,702,678,24,82.92,796.0,88.19,96.58,70.63,MCH_L3,Acceptable (65-84%)
SFT_00346,MCH_L1_03,2023-04-26 08:00:00,Shift B (Evening),480,480,0,,929,910,19,100.0,960.0,96.77,97.95,94.79,MCH_L1,World Class (≥85%)
SFT_00347,MCH_L3_03,2023-04-26 16:00:00,Shift C (Night),480,480,0,,893,881,12,100.0,960.0,93.02,98.66,91.77,MCH_L3,World Class (≥85%)
SFT_00348,MCH_L3_05,2023-04-27 00:00:00,Shift A (Morning),480,480,0,,903,862,41,100.0,960.0,94.06,95.46,89.79,MCH_L3,World Class (≥85%)
SFT_00349,MCH_L1_04,2023-04-27 08:00:00,Shift B (Evening),480,480,0,,903,875,28,100.0,960.0,94.06,96.9,91.14,MCH_L1,World Class (≥85%)
SFT_00350,MCH_L2_03,2023-04-27 16:00:00,Shift C (Night),480,480,0,,911,882,29,100.0,960.0,94.9,96.82,91.88,MCH_L2,World Class (≥85%)
SFT_00351,MCH_L2_02,2023-04-28 00:00:00,Shift A (Morning),480,480,0,,884,872,12,100.0,960.0,92.08,98.64,90.83,MCH_L2,World Class (≥85%)
SFT_00352,MCH_L3_04,2023-04-28 08:00:00,Shift B (Evening),480,452,28,Material Starvation,863,849,14,94.17,904.0,95.46,98.38,88.44,MCH_L3,World Class (≥85%)
SFT_00353,MCH_L1_01,2023-04-28 16:00:00,Shift C (Night),480,480,0,,875,850,25,100.0,960.0,91.15,97.14,88.54,MCH_L1,World Class (≥85%)
SFT_00354,MCH_L1_01,2023-04-29 00:00:00,Shift A (Morning),480,480,0,,902,879,23,100.0,960.0,93.96,97.45,91.56,MCH_L1,World Class (≥85%)
SFT_00355,MCH_L2_03,2023-04-29 08:00:00,Shift B (Evening),480,480,0,,877,842,35,100.0,960.0,91.35,96.01,87.71,MCH_L2,World Class (≥85%)
SFT_00356,MCH_L1_02,2023-04-29 16:00:00,Shift C (Night),480,480,0,,898,887,11,100.0,960.0,93.54,98.78,92.4,MCH_L1,World Class (≥85%)
SFT_00357,MCH_L1_05,2023-04-30 00:00:00,Shift A (Morning),480,463,17,Calibration Lag,835,815,20,96.46,926.0,90.17,97.6,84.89,MCH_L1,Acceptable (65-84%)
SFT_00358,MCH_L1_01,2023-04-30 08:00:00,Shift B (Evening),480,382,98,Tool Breakdown,717,686,31,79.58,764.0,93.85,95.68,71.46,MCH_L1,Acceptable (65-84%)
SFT_00359,MCH_L3_05,2023-04-30 16:00:00,Shift C (Night),480,409,71,Pressure Loss,728,709,19,85.21,818.0,89.0,97.39,73.86,MCH_L3,Acceptable (65-84%)
SFT_00360,MCH_L2_04,2023-05-01 00:00:00,Shift A (Morning),480,439,41,Tool Breakdown,789,760,29,91.46,878.0,89.86,96.32,79.16,MCH_L2,Acceptable (65-84%)
SFT_00361,MCH_L3_03,2023-05-01 08:00:00,Shift B (Evening),480,480,0,,887,865,22,100.0,960.0,92.4,97.52,90.11,MCH_L3,World Class (≥85%)
SFT_00362,MCH_L2_02,2023-05-01 16:00:00,Shift C (Night),480,480,0,,923,879,44,100.0,960.0,96.15,95.23,91.56,MCH_L2,World Class (≥85%)
SFT_00363,MCH_L1_04,2023-05-02 00:00:00,Shift A (Morning),480,480,0,,863,841,22,100.0,960.0,89.9,97.45,87.61,MCH_L1,World Class (≥85%)
SFT_00364,MCH_L2_03,2023-05-02 08:00:00,Shift B (Evening),480,445,35,Tool Breakdown,797,782,15,92.71,890.0,89.55,98.12,81.46,MCH_L2,Acceptable (65-84%)
SFT_00365,MCH_L1_02,2023-05-02 16:00:00,Shift C (Night),480,480,0,,889,848,41,100.0,960.0,92.6,95.39,88.33,MCH_L1,World Class (≥85%)
SFT_00366,MCH_L2_04,2023-05-03 00:00:00,Shift A (Morning),480,480,0,,886,878,8,100.0,960.0,92.29,99.1,91.46,MCH_L2,World Class (≥85%)
SFT_00367,MCH_L2_03,2023-05-03 08:00:00,Shift B (Evening),480,459,21,Tool Breakdown,880,852,28,95.62,918.0,95.86,96.82,88.75,MCH_L2,World Class (≥85%)
SFT_00368,MCH_L2_02,2023-05-03 16:00:00,Shift C (Night),480,429,51,Tool Breakdown,811,781,30,89.38,858.0,94.52,96.3,81.36,MCH_L2,Acceptable (65-84%)
SFT_00369,MCH_L2_04,2023-05-04 00:00:00,Shift A (Morning),480,480,0,,851,842,9,100.0,960.0,88.65,98.94,87.71,MCH_L2,World Class (≥85%)
SFT_00370,MCH_L1_04,2023-05-04 08:00:00,Shift B (Evening),480,480,0,,913,878,35,100.0,960.0,95.1,96.17,91.46,MCH_L1,World Class (≥85%)
SFT_00371,MCH_L2_04,2023-05-04 16:00:00,Shift C (Night),480,453,27,Material Starvation,852,810,42,94.38,906.0,94.04,95.07,84.38,MCH_L2,Acceptable (65-84%)
SFT_00372,MCH_L2_03,2023-05-05 00:00:00,Shift A (Morning),480,404,76,Pressure Loss,739,722,17,84.17,808.0,91.46,97.7,75.21,MCH_L2,Acceptable (65-84%)
SFT_00373,MCH_L3_01,2023-05-05 08:00:00,Shift B (Evening),480,480,0,,885,841,44,100.0,960.0,92.19,95.03,87.61,MCH_L3,World Class (≥85%)
SFT_00374,MCH_L2_05,2023-05-05 16:00:00,Shift C (Night),480,480,0,,925,880,45,100.0,960.0,96.35,95.14,91.67,MCH_L2,World Class (≥85%)
SFT_00375,MCH_L2_03,2023-05-06 00:00:00,Shift A (Morning),480,480,0,,887,873,14,100.0,960.0,92.4,98.42,90.94,MCH_L2,World Class (≥85%)
SFT_00376,MCH_L3_05,2023-05-06 08:00:00,Shift B (Evening),480,480,0,,871,835,36,100.0,960.0,90.73,95.87,86.98,MCH_L3,World Class (≥85%)
SFT_00377,MCH_L1_01,2023-05-06 16:00:00,Shift C (Night),480,480,0,,913,884,29,100.0,960.0,95.1,96.82,92.08,MCH_L1,World Class (≥85%)
SFT_00378,MCH_L1_05,2023-05-07 00:00:00,Shift A (Morning),480,480,0,,919,896,23,100.0,960.0,95.73,97.5,93.34,MCH_L1,World Class (≥85%)
SFT_00379,MCH_L1_03,2023-05-07 08:00:00,Shift B (Evening),480,480,0,,880,842,38,100.0,960.0,91.67,95.68,87.71,MCH_L1,World Class (≥85%)
SFT_00380,MCH_L3_02,2023-05-07 16:00:00,Shift C (Night),480,480,0,,927,916,11,100.0,960.0,96.56,98.81,95.41,MCH_L3,World Class (≥85%)
SFT_00381,MCH_L1_01,2023-05-08 00:00:00,Shift A (Morning),480,480,0,,858,847,11,100.0,960.0,89.38,98.72,88.24,MCH_L1,World Class (≥85%)
SFT_00382,MCH_L1_01,2023-05-08 08:00:00,Shift B (Evening),480,475,5,Pressure Loss,911,896,15,98.96,950.0,95.89,98.35,93.33,MCH_L1,World Class (≥85%)
SFT_00383,MCH_L1_04,2023-05-08 16:00:00,Shift C (Night),480,473,7,Tool Breakdown,916,904,12,98.54,946.0,96.83,98.69,94.17,MCH_L1,World Class (≥85%)
SFT_00384,MCH_L2_05,2023-05-09 00:00:00,Shift A (Morning),480,442,38,Tool Breakdown,804,769,35,92.08,884.0,90.95,95.65,80.1,MCH_L2,Acceptable (65-84%)
SFT_00385,MCH_L2_04,2023-05-09 08:00:00,Shift B (Evening),480,316,164,Material Starvation,580,571,9,65.83,632.0,91.77,98.45,59.48,MCH_L2,Critical Bottleneck (<65%)
SFT_00386,MCH_L1_02,2023-05-09 16:00:00,Shift C (Night),480,346,134,Tool Breakdown,627,611,16,72.08,692.0,90.61,97.45,63.65,MCH_L1,Critical Bottleneck (<65%)
SFT_00387,MCH_L1_05,2023-05-10 00:00:00,Shift A (Morning),480,480,0,,868,843,25,100.0,960.0,90.42,97.12,87.82,MCH_L1,World Class (≥85%)
SFT_00388,MCH_L3_02,2023-05-10 08:00:00,Shift B (Evening),480,480,0,,861,826,35,100.0,960.0,89.69,95.93,86.04,MCH_L3,World Class (≥85%)
SFT_00389,MCH_L1_03,2023-05-10 16:00:00,Shift C (Night),480,460,20,Tool Breakdown,898,864,34,95.83,920.0,97.61,96.21,89.99,MCH_L1,World Class (≥85%)
SFT_00390,MCH_L3_04,2023-05-11 00:00:00,Shift A (Morning),480,480,0,,851,818,33,100.0,960.0,88.65,96.12,85.21,MCH_L3,World Class (≥85%)
SFT_00391,MCH_L1_01,2023-05-11 08:00:00,Shift B (Evening),480,480,0,,847,832,15,100.0,960.0,88.23,98.23,86.67,MCH_L1,World Class (≥85%)
SFT_00392,MCH_L3_01,2023-05-11 16:00:00,Shift C (Night),480,394,86,Material Starvation,694,670,24,82.08,788.0,88.07,96.54,69.79,MCH_L3,Acceptable (65-84%)
SFT_00393,MCH_L2_01,2023-05-12 00:00:00,Shift A (Morning),480,480,0,,898,871,27,100.0,960.0,93.54,96.99,90.72,MCH_L2,World Class (≥85%)
SFT_00394,MCH_L3_01,2023-05-12 08:00:00,Shift B (Evening),480,480,0,,919,882,37,100.0,960.0,95.73,95.97,91.87,MCH_L3,World Class (≥85%)
SFT_00395,MCH_L2_03,2023-05-12 16:00:00,Shift C (Night),480,480,0,,914,886,28,100.0,960.0,95.21,96.94,92.3,MCH_L2,World Class (≥85%)
SFT_00396,MCH_L2_02,2023-05-13 00:00:00,Shift A (Morning),480,480,0,,890,853,37,100.0,960.0,92.71,95.84,88.85,MCH_L2,World Class (≥85%)
SFT_00397,MCH_L2_02,2023-05-13 08:00:00,Shift B (Evening),480,480,0,,862,835,27,100.0,960.0,89.79,96.87,86.98,MCH_L2,World Class (≥85%)
SFT_00398,MCH_L1_01,2023-05-13 16:00:00,Shift C (Night),480,470,10,Tool Breakdown,882,839,43,97.92,940.0,93.83,95.12,87.39,MCH_L1,World Class (≥85%)
SFT_00399,MCH_L1_03,2023-05-14 00:00:00,Shift A (Morning),480,480,0,,878,841,37,100.0,960.0,91.46,95.79,87.61,MCH_L1,World Class (≥85%)
SFT_00400,MCH_L3_03,2023-05-14 08:00:00,Shift B (Evening),480,473,7,Calibration Lag,867,834,33,98.54,946.0,91.65,96.19,86.87,MCH_L3,World Class (≥85%)
SFT_00401,MCH_L3_03,2023-05-14 16:00:00,Shift C (Night),480,480,0,,849,822,27,100.0,960.0,88.44,96.82,85.63,MCH_L3,World Class (≥85%)
SFT_00402,MCH_L2_05,2023-05-15 00:00:00,Shift A (Morning),480,480,0,,876,854,22,100.0,960.0,91.25,97.49,88.96,MCH_L2,World Class (≥85%)
SFT_00403,MCH_L1_02,2023-05-15 08:00:00,Shift B (Evening),480,444,36,Material Starvation,812,789,23,92.5,888.0,91.44,97.17,82.19,MCH_L1,Acceptable (65-84%)
SFT_00404,MCH_L3_05,2023-05-15 16:00:00,Shift C (Night),480,477,3,Material Starvation,915,899,16,99.38,954.0,95.91,98.25,93.65,MCH_L3,World Class (≥85%)
SFT_00405,MCH_L2_03,2023-05-16 00:00:00,Shift A (Morning),480,480,0,,870,833,37,100.0,960.0,90.62,95.75,86.77,MCH_L2,World Class (≥85%)
SFT_00406,MCH_L1_05,2023-05-16 08:00:00,Shift B (Evening),480,480,0,,879,842,37,100.0,960.0,91.56,95.79,87.71,MCH_L1,World Class (≥85%)
SFT_00407,MCH_L3_05,2023-05-16 16:00:00,Shift C (Night),480,480,0,,908,888,20,100.0,960.0,94.58,97.8,92.5,MCH_L3,World Class (≥85%)
SFT_00408,MCH_L2_03,2023-05-17 00:00:00,Shift A (Morning),480,480,0,,930,887,43,100.0,960.0,96.88,95.38,92.4,MCH_L2,World Class (≥85%)
SFT_00409,MCH_L1_01,2023-05-17 08:00:00,Shift B (Evening),480,480,0,,872,841,31,100.0,960.0,90.83,96.44,87.6,MCH_L1,World Class (≥85%)
SFT_00410,MCH_L3_01,2023-05-17 16:00:00,Shift C (Night),480,464,16,Calibration Lag,846,813,33,96.67,928.0,91.16,96.1,84.69,MCH_L3,Acceptable (65-84%)
SFT_00411,MCH_L3_01,2023-05-18 00:00:00,Shift A (Morning),480,480,0,,896,864,32,100.0,960.0,93.33,96.43,90.0,MCH_L3,World Class (≥85%)
SFT_00412,MCH_L2_04,2023-05-18 08:00:00,Shift B (Evening),480,480,0,,899,883,16,100.0,960.0,93.65,98.22,91.98,MCH_L2,World Class (≥85%)
SFT_00413,MCH_L3_05,2023-05-18 16:00:00,Shift C (Night),480,480,0,,927,902,25,100.0,960.0,96.56,97.3,93.95,MCH_L3,World Class (≥85%)
SFT_00414,MCH_L1_04,2023-05-19 00:00:00,Shift A (Morning),480,480,0,,869,852,17,100.0,960.0,90.52,98.04,88.75,MCH_L1,World Class (≥85%)
SFT_00415,MCH_L3_05,2023-05-19 08:00:00,Shift B (Evening),480,480,0,,895,870,25,100.0,960.0,93.23,97.21,90.63,MCH_L3,World Class (≥85%)
SFT_00416,MCH_L1_02,2023-05-19 16:00:00,Shift C (Night),480,433,47,Calibration Lag,807,768,39,90.21,866.0,93.19,95.17,80.01,MCH_L1,Acceptable (65-84%)
SFT_00417,MCH_L2_03,2023-05-20 00:00:00,Shift A (Morning),480,480,0,,891,852,39,100.0,960.0,92.81,95.62,88.74,MCH_L2,World Class (≥85%)
SFT_00418,MCH_L3_02,2023-05-20 08:00:00,Shift B (Evening),480,480,0,,876,838,38,100.0,960.0,91.25,95.66,87.29,MCH_L3,World Class (≥85%)
SFT_00419,MCH_L1_04,2023-05-20 16:00:00,Shift C (Night),480,450,30,Calibration Lag,846,809,37,93.75,900.0,94.0,95.63,84.27,MCH_L1,Acceptable (65-84%)
SFT_00420,MCH_L3_01,2023-05-21 00:00:00,Shift A (Morning),480,409,71,Material Starvation,720,704,16,85.21,818.0,88.02,97.78,73.34,MCH_L3,Acceptable (65-84%)
SFT_00421,MCH_L1_01,2023-05-21 08:00:00,Shift B (Evening),480,480,0,,917,900,17,100.0,960.0,95.52,98.15,93.75,MCH_L1,World Class (≥85%)
SFT_00422,MCH_L3_01,2023-05-21 16:00:00,Shift C (Night),480,458,22,Tool Breakdown,818,810,8,95.42,916.0,89.3,99.02,84.38,MCH_L3,Acceptable (65-84%)
SFT_00423,MCH_L3_01,2023-05-22 00:00:00,Shift A (Morning),480,480,0,,882,870,12,100.0,960.0,91.88,98.64,90.63,MCH_L3,World Class (≥85%)
SFT_00424,MCH_L1_02,2023-05-22 08:00:00,Shift B (Evening),480,478,2,Pressure Loss,877,846,31,99.58,956.0,91.74,96.47,88.13,MCH_L1,World Class (≥85%)
SFT_00425,MCH_L1_01,2023-05-22 16:00:00,Shift C (Night),480,480,0,,902,883,19,100.0,960.0,93.96,97.89,91.98,MCH_L1,World Class (≥85%)
SFT_00426,MCH_L1_03,2023-05-23 00:00:00,Shift A (Morning),480,461,19,Pressure Loss,811,798,13,96.04,922.0,87.96,98.4,83.13,MCH_L1,Acceptable (65-84%)
SFT_00427,MCH_L1_02,2023-05-23 08:00:00,Shift B (Evening),480,480,0,,870,847,23,100.0,960.0,90.62,97.36,88.23,MCH_L1,World Class (≥85%)
SFT_00428,MCH_L2_03,2023-05-23 16:00:00,Shift C (Night),480,480,0,,851,839,12,100.0,960.0,88.65,98.59,87.4,MCH_L2,World Class (≥85%)
SFT_00429,MCH_L3_04,2023-05-24 00:00:00,Shift A (Morning),480,480,0,,880,849,31,100.0,960.0,91.67,96.48,88.44,MCH_L3,World Class (≥85%)
SFT_00430,MCH_L2_02,2023-05-24 08:00:00,Shift B (Evening),480,480,0,,869,838,31,100.0,960.0,90.52,96.43,87.29,MCH_L2,World Class (≥85%)
SFT_00431,MCH_L3_05,2023-05-24 16:00:00,Shift C (Night),480,480,0,,900,873,27,100.0,960.0,93.75,97.0,90.94,MCH_L3,World Class (≥85%)
SFT_00432,MCH_L2_03,2023-05-25 00:00:00,Shift A (Morning),480,435,45,Tool Breakdown,806,784,22,90.62,870.0,92.64,97.27,81.66,MCH_L2,Acceptable (65-84%)
SFT_00433,MCH_L3_01,2023-05-25 08:00:00,Shift B (Evening),480,480,0,,926,910,16,100.0,960.0,96.46,98.27,94.79,MCH_L3,World Class (≥85%)
SFT_00434,MCH_L2_04,2023-05-25 16:00:00,Shift C (Night),480,480,0,,924,882,42,100.0,960.0,96.25,95.45,91.87,MCH_L2,World Class (≥85%)
SFT_00435,MCH_L1_02,2023-05-26 00:00:00,Shift A (Morning),480,480,0,,890,847,43,100.0,960.0,92.71,95.17,88.23,MCH_L1,World Class (≥85%)
SFT_00436,MCH_L2_05,2023-05-26 08:00:00,Shift B (Evening),480,477,3,Material Starvation,844,834,10,99.38,954.0,88.47,98.82,86.88,MCH_L2,World Class (≥85%)
SFT_00437,MCH_L2_01,2023-05-26 16:00:00,Shift C (Night),480,480,0,,880,871,9,100.0,960.0,91.67,98.98,90.73,MCH_L2,World Class (≥85%)
SFT_00438,MCH_L1_04,2023-05-27 00:00:00,Shift A (Morning),480,471,9,Tool Breakdown,884,849,35,98.12,942.0,93.84,96.04,88.43,MCH_L1,World Class (≥85%)
SFT_00439,MCH_L1_02,2023-05-27 08:00:00,Shift B (Evening),480,414,66,Tool Breakdown,780,748,32,86.25,828.0,94.2,95.9,77.92,MCH_L1,Acceptable (65-84%)
SFT_00440,MCH_L1_02,2023-05-27 16:00:00,Shift C (Night),480,479,1,Material Starvation,898,873,25,99.79,958.0,93.74,97.22,90.94,MCH_L1,World Class (≥85%)
SFT_00441,MCH_L1_03,2023-05-28 00:00:00,Shift A (Morning),480,480,0,,923,884,39,100.0,960.0,96.15,95.77,92.08,MCH_L1,World Class (≥85%)
SFT_00442,MCH_L2_01,2023-05-28 08:00:00,Shift B (Evening),480,480,0,,852,837,15,100.0,960.0,88.75,98.24,87.19,MCH_L2,World Class (≥85%)
SFT_00443,MCH_L3_01,2023-05-28 16:00:00,Shift C (Night),480,480,0,,896,882,14,100.0,960.0,93.33,98.44,91.87,MCH_L3,World Class (≥85%)
SFT_00444,MCH_L3_05,2023-05-29 00:00:00,Shift A (Morning),480,472,8,Material Starvation,864,853,11,98.33,944.0,91.53,98.73,88.86,MCH_L3,World Class (≥85%)
SFT_00445,MCH_L2_03,2023-05-29 08:00:00,Shift B (Evening),480,480,0,,878,868,10,100.0,960.0,91.46,98.86,90.42,MCH_L2,World Class (≥85%)
SFT_00446,MCH_L1_02,2023-05-29 16:00:00,Shift C (Night),480,333,147,Tool Breakdown,589,565,24,69.38,666.0,88.44,95.93,58.86,MCH_L1,Critical Bottleneck (<65%)
SFT_00447,MCH_L3_05,2023-05-30 00:00:00,Shift A (Morning),480,480,0,,865,838,27,100.0,960.0,90.1,96.88,87.29,MCH_L3,World Class (≥85%)
SFT_00448,MCH_L2_05,2023-05-30 08:00:00,Shift B (Evening),480,480,0,,935,922,13,100.0,960.0,97.4,98.61,96.05,MCH_L2,World Class (≥85%)
SFT_00449,MCH_L3_05,2023-05-30 16:00:00,Shift C (Night),480,480,0,,928,891,37,100.0,960.0,96.67,96.01,92.81,MCH_L3,World Class (≥85%)
SFT_00450,MCH_L2_03,2023-05-31 00:00:00,Shift A (Morning),480,381,99,Tool Breakdown,671,657,14,79.38,762.0,88.06,97.91,68.44,MCH_L2,Acceptable (65-84%)
SFT_00451,MCH_L1_04,2023-05-31 08:00:00,Shift B (Evening),480,480,0,,936,907,29,100.0,960.0,97.5,96.9,94.48,MCH_L1,World Class (≥85%)
SFT_00452,MCH_L3_05,2023-05-31 16:00:00,Shift C (Night),480,480,0,,911,874,37,100.0,960.0,94.9,95.94,91.05,MCH_L3,World Class (≥85%)
SFT_00453,MCH_L1_01,2023-06-01 00:00:00,Shift A (Morning),480,480,0,,933,906,27,100.0,960.0,97.19,97.11,94.38,MCH_L1,World Class (≥85%)
SFT_00454,MCH_L1_01,2023-06-01 08:00:00,Shift B (Evening),480,480,0,,914,903,11,100.0,960.0,95.21,98.8,94.07,MCH_L1,World Class (≥85%)
SFT_00455,MCH_L3_01,2023-06-01 16:00:00,Shift C (Night),480,480,0,,894,857,37,100.0,960.0,93.12,95.86,89.26,MCH_L3,World Class (≥85%)
SFT_00456,MCH_L3_01,2023-06-02 00:00:00,Shift A (Morning),480,480,0,,915,871,44,100.0,960.0,95.31,95.19,90.73,MCH_L3,World Class (≥85%)
SFT_00457,MCH_L1_02,2023-06-02 08:00:00,Shift B (Evening),480,480,0,,881,848,33,100.0,960.0,91.77,96.25,88.33,MCH_L1,World Class (≥85%)
SFT_00458,MCH_L1_04,2023-06-02 16:00:00,Shift C (Night),480,431,49,Calibration Lag,771,761,10,89.79,862.0,89.44,98.7,79.26,MCH_L1,Acceptable (65-84%)
SFT_00459,MCH_L1_04,2023-06-03 00:00:00,Shift A (Morning),480,480,0,,896,859,37,100.0,960.0,93.33,95.87,89.48,MCH_L1,World Class (≥85%)
SFT_00460,MCH_L3_04,2023-06-03 08:00:00,Shift B (Evening),480,395,85,Material Starvation,713,681,32,82.29,790.0,90.25,95.51,70.93,MCH_L3,Acceptable (65-84%)
SFT_00461,MCH_L2_04,2023-06-03 16:00:00,Shift C (Night),480,480,0,,855,839,16,100.0,960.0,89.06,98.13,87.39,MCH_L2,World Class (≥85%)
SFT_00462,MCH_L3_02,2023-06-04 00:00:00,Shift A (Morning),480,446,34,Tool Breakdown,865,846,19,92.92,892.0,96.97,97.8,88.12,MCH_L3,World Class (≥85%)
SFT_00463,MCH_L3_02,2023-06-04 08:00:00,Shift B (Evening),480,444,36,Tool Breakdown,842,823,19,92.5,888.0,94.82,97.74,85.73,MCH_L3,World Class (≥85%)
SFT_00464,MCH_L3_01,2023-06-04 16:00:00,Shift C (Night),480,364,116,Tool Breakdown,704,692,12,75.83,728.0,96.7,98.3,72.08,MCH_L3,Acceptable (65-84%)
SFT_00465,MCH_L2_02,2023-06-05 00:00:00,Shift A (Morning),480,480,0,,887,844,43,100.0,960.0,92.4,95.15,87.92,MCH_L2,World Class (≥85%)
SFT_00466,MCH_L1_01,2023-06-05 08:00:00,Shift B (Evening),480,480,0,,909,865,44,100.0,960.0,94.69,95.16,90.11,MCH_L1,World Class (≥85%)
SFT_00467,MCH_L1_01,2023-06-05 16:00:00,Shift C (Night),480,480,0,,857,840,17,100.0,960.0,89.27,98.02,87.5,MCH_L1,World Class (≥85%)
SFT_00468,MCH_L1_05,2023-06-06 00:00:00,Shift A (Morning),480,471,9,Tool Breakdown,835,800,35,98.12,942.0,88.64,95.81,83.33,MCH_L1,Acceptable (65-84%)
SFT_00469,MCH_L1_04,2023-06-06 08:00:00,Shift B (Evening),480,480,0,,875,857,18,100.0,960.0,91.15,97.94,89.27,MCH_L1,World Class (≥85%)
SFT_00470,MCH_L2_01,2023-06-06 16:00:00,Shift C (Night),480,480,0,,904,885,19,100.0,960.0,94.17,97.9,92.19,MCH_L2,World Class (≥85%)
SFT_00471,MCH_L1_01,2023-06-07 00:00:00,Shift A (Morning),480,480,0,,901,861,40,100.0,960.0,93.85,95.56,89.68,MCH_L1,World Class (≥85%)
SFT_00472,MCH_L2_03,2023-06-07 08:00:00,Shift B (Evening),480,480,0,,893,873,20,100.0,960.0,93.02,97.76,90.94,MCH_L2,World Class (≥85%)
SFT_00473,MCH_L1_02,2023-06-07 16:00:00,Shift C (Night),480,453,27,Material Starvation,839,800,39,94.38,906.0,92.6,95.35,83.33,MCH_L1,Acceptable (65-84%)
SFT_00474,MCH_L3_03,2023-06-08 00:00:00,Shift A (Morning),480,480,0,,916,872,44,100.0,960.0,95.42,95.2,90.84,MCH_L3,World Class (≥85%)
SFT_00475,MCH_L2_03,2023-06-08 08:00:00,Shift B (Evening),480,467,13,Tool Breakdown,885,859,26,97.29,934.0,94.75,97.06,89.47,MCH_L2,World Class (≥85%)
SFT_00476,MCH_L2_04,2023-06-08 16:00:00,Shift C (Night),480,480,0,,920,897,23,100.0,960.0,95.83,97.5,93.43,MCH_L2,World Class (≥85%)
SFT_00477,MCH_L3_03,2023-06-09 00:00:00,Shift A (Morning),480,480,0,,869,859,10,100.0,960.0,90.52,98.85,89.48,MCH_L3,World Class (≥85%)
SFT_00478,MCH_L3_01,2023-06-09 08:00:00,Shift B (Evening),480,480,0,,913,887,26,100.0,960.0,95.1,97.15,92.39,MCH_L3,World Class (≥85%)
SFT_00479,MCH_L2_04,2023-06-09 16:00:00,Shift C (Night),480,453,27,Tool Breakdown,842,834,8,94.38,906.0,92.94,99.05,86.88,MCH_L2,World Class (≥85%)
SFT_00480,MCH_L2_05,2023-06-10 00:00:00,Shift A (Morning),480,480,0,,877,836,41,100.0,960.0,91.35,95.32,87.07,MCH_L2,World Class (≥85%)
SFT_00481,MCH_L2_02,2023-06-10 08:00:00,Shift B (Evening),480,480,0,,853,824,29,100.0,960.0,88.85,96.6,85.83,MCH_L2,World Class (≥85%)
SFT_00482,MCH_L3_04,2023-06-10 16:00:00,Shift C (Night),480,399,81,Tool Breakdown,750,726,24,83.12,798.0,93.98,96.8,75.62,MCH_L3,Acceptable (65-84%)
SFT_00483,MCH_L2_03,2023-06-11 00:00:00,Shift A (Morning),480,480,0,,910,884,26,100.0,960.0,94.79,97.14,92.08,MCH_L2,World Class (≥85%)
SFT_00484,MCH_L2_05,2023-06-11 08:00:00,Shift B (Evening),480,480,0,,883,874,9,100.0,960.0,91.98,98.98,91.04,MCH_L2,World Class (≥85%)
SFT_00485,MCH_L1_04,2023-06-11 16:00:00,Shift C (Night),480,480,0,,913,898,15,100.0,960.0,95.1,98.36,93.54,MCH_L1,World Class (≥85%)
SFT_00486,MCH_L1_01,2023-06-12 00:00:00,Shift A (Morning),480,480,0,,856,831,25,100.0,960.0,89.17,97.08,86.57,MCH_L1,World Class (≥85%)
SFT_00487,MCH_L1_01,2023-06-12 08:00:00,Shift B (Evening),480,473,7,Tool Breakdown,920,909,11,98.54,946.0,97.25,98.8,94.68,MCH_L1,World Class (≥85%)
SFT_00488,MCH_L3_03,2023-06-12 16:00:00,Shift C (Night),480,480,0,,927,908,19,100.0,960.0,96.56,97.95,94.58,MCH_L3,World Class (≥85%)
SFT_00489,MCH_L1_02,2023-06-13 00:00:00,Shift A (Morning),480,444,36,Calibration Lag,802,776,26,92.5,888.0,90.32,96.76,80.84,MCH_L1,Acceptable (65-84%)
SFT_00490,MCH_L2_04,2023-06-13 08:00:00,Shift B (Evening),480,436,44,Pressure Loss,798,776,22,90.83,872.0,91.51,97.24,80.82,MCH_L2,Acceptable (65-84%)
SFT_00491,MCH_L3_02,2023-06-13 16:00:00,Shift C (Night),480,333,147,Calibration Lag,606,586,20,69.38,666.0,90.99,96.7,61.05,MCH_L3,Critical Bottleneck (<65%)
SFT_00492,MCH_L1_04,2023-06-14 00:00:00,Shift A (Morning),480,451,29,Pressure Loss,880,838,42,93.96,902.0,97.56,95.23,87.29,MCH_L1,World Class (≥85%)
SFT_00493,MCH_L1_02,2023-06-14 08:00:00,Shift B (Evening),480,480,0,,938,922,16,100.0,960.0,97.71,98.29,96.04,MCH_L1,World Class (≥85%)
SFT_00494,MCH_L1_01,2023-06-14 16:00:00,Shift C (Night),480,480,0,,896,864,32,100.0,960.0,93.33,96.43,90.0,MCH_L1,World Class (≥85%)
SFT_00495,MCH_L2_01,2023-06-15 00:00:00,Shift A (Morning),480,480,0,,896,853,43,100.0,960.0,93.33,95.2,88.85,MCH_L2,World Class (≥85%)
SFT_00496,MCH_L3_03,2023-06-15 08:00:00,Shift B (Evening),480,480,0,,864,839,25,100.0,960.0,90.0,97.11,87.4,MCH_L3,World Class (≥85%)
SFT_00497,MCH_L2_05,2023-06-15 16:00:00,Shift C (Night),480,480,0,,855,828,27,100.0,960.0,89.06,96.84,86.25,MCH_L2,World Class (≥85%)
SFT_00498,MCH_L1_04,2023-06-16 00:00:00,Shift A (Morning),480,480,0,,886,875,11,100.0,960.0,92.29,98.76,91.15,MCH_L1,World Class (≥85%)
SFT_00499,MCH_L2_01,2023-06-16 08:00:00,Shift B (Evening),480,402,78,Tool Breakdown,721,692,29,83.75,804.0,89.68,95.98,72.09,MCH_L2,Acceptable (65-84%)
SFT_00500,MCH_L3_05,2023-06-16 16:00:00,Shift C (Night),480,480,0,,905,888,17,100.0,960.0,94.27,98.12,92.5,MCH_L3,World Class (≥85%)
SFT_00501,MCH_L1_02,2023-06-17 00:00:00,Shift A (Morning),480,480,0,,867,855,12,100.0,960.0,90.31,98.62,89.06,MCH_L1,World Class (≥85%)
SFT_00502,MCH_L3_01,2023-06-17 08:00:00,Shift B (Evening),480,378,102,Material Starvation,683,660,23,78.75,756.0,90.34,96.63,68.75,MCH_L3,Acceptable (65-84%)
SFT_00503,MCH_L3_05,2023-06-17 16:00:00,Shift C (Night),480,475,5,Material Starvation,842,805,37,98.96,950.0,88.63,95.61,83.86,MCH_L3,Acceptable (65-84%)
SFT_00504,MCH_L1_05,2023-06-18 00:00:00,Shift A (Morning),480,480,0,,923,894,29,100.0,960.0,96.15,96.86,93.13,MCH_L1,World Class (≥85%)
SFT_00505,MCH_L3_03,2023-06-18 08:00:00,Shift B (Evening),480,480,0,,860,827,33,100.0,960.0,89.58,96.16,86.14,MCH_L3,World Class (≥85%)
SFT_00506,MCH_L2_05,2023-06-18 16:00:00,Shift C (Night),480,480,0,,882,859,23,100.0,960.0,91.88,97.39,89.48,MCH_L2,World Class (≥85%)
SFT_00507,MCH_L3_02,2023-06-19 00:00:00,Shift A (Morning),480,480,0,,875,854,21,100.0,960.0,91.15,97.6,88.96,MCH_L3,World Class (≥85%)
SFT_00508,MCH_L3_01,2023-06-19 08:00:00,Shift B (Evening),480,427,53,Calibration Lag,757,731,26,88.96,854.0,88.64,96.57,76.15,MCH_L3,Acceptable (65-84%)
SFT_00509,MCH_L2_02,2023-06-19 16:00:00,Shift C (Night),480,480,0,,901,873,28,100.0,960.0,93.85,96.89,90.93,MCH_L2,World Class (≥85%)
SFT_00510,MCH_L1_01,2023-06-20 00:00:00,Shift A (Morning),480,480,0,,845,837,8,100.0,960.0,88.02,99.05,87.18,MCH_L1,World Class (≥85%)
SFT_00511,MCH_L1_05,2023-06-20 08:00:00,Shift B (Evening),480,480,0,,862,852,10,100.0,960.0,89.79,98.84,88.75,MCH_L1,World Class (≥85%)
SFT_00512,MCH_L3_01,2023-06-20 16:00:00,Shift C (Night),480,471,9,Calibration Lag,898,876,22,98.12,942.0,95.33,97.55,91.25,MCH_L3,World Class (≥85%)
SFT_00513,MCH_L2_05,2023-06-21 00:00:00,Shift A (Morning),480,480,0,,912,868,44,100.0,960.0,95.0,95.18,90.42,MCH_L2,World Class (≥85%)
SFT_00514,MCH_L2_01,2023-06-21 08:00:00,Shift B (Evening),480,480,0,,909,873,36,100.0,960.0,94.69,96.04,90.94,MCH_L2,World Class (≥85%)
SFT_00515,MCH_L1_02,2023-06-21 16:00:00,Shift C (Night),480,477,3,Calibration Lag,894,857,37,99.38,954.0,93.71,95.86,89.27,MCH_L1,World Class (≥85%)
SFT_00516,MCH_L2_03,2023-06-22 00:00:00,Shift A (Morning),480,480,0,,876,841,35,100.0,960.0,91.25,96.0,87.6,MCH_L2,World Class (≥85%)
SFT_00517,MCH_L2_01,2023-06-22 08:00:00,Shift B (Evening),480,480,0,,925,905,20,100.0,960.0,96.35,97.84,94.27,MCH_L2,World Class (≥85%)
SFT_00518,MCH_L2_01,2023-06-22 16:00:00,Shift C (Night),480,480,0,,903,872,31,100.0,960.0,94.06,96.57,90.83,MCH_L2,World Class (≥85%)
SFT_00519,MCH_L3_02,2023-06-23 00:00:00,Shift A (Morning),480,480,0,,910,865,45,100.0,960.0,94.79,95.05,90.1,MCH_L3,World Class (≥85%)
SFT_00520,MCH_L1_02,2023-06-23 08:00:00,Shift B (Evening),480,480,0,,847,833,14,100.0,960.0,88.23,98.35,86.77,MCH_L1,World Class (≥85%)
SFT_00521,MCH_L2_03,2023-06-23 16:00:00,Shift C (Night),480,480,0,,861,822,39,100.0,960.0,89.69,95.47,85.63,MCH_L2,World Class (≥85%)
SFT_00522,MCH_L3_04,2023-06-24 00:00:00,Shift A (Morning),480,427,53,Calibration Lag,754,733,21,88.96,854.0,88.29,97.21,76.35,MCH_L3,Acceptable (65-84%)
SFT_00523,MCH_L2_04,2023-06-24 08:00:00,Shift B (Evening),480,442,38,Pressure Loss,810,792,18,92.08,884.0,91.63,97.78,82.5,MCH_L2,Acceptable (65-84%)
SFT_00524,MCH_L2_03,2023-06-24 16:00:00,Shift C (Night),480,475,5,Pressure Loss,916,905,11,98.96,950.0,96.42,98.8,94.27,MCH_L2,World Class (≥85%)
SFT_00525,MCH_L2_03,2023-06-25 00:00:00,Shift A (Morning),480,477,3,Pressure Loss,854,832,22,99.38,954.0,89.52,97.42,86.67,MCH_L2,World Class (≥85%)
SFT_00526,MCH_L1_01,2023-06-25 08:00:00,Shift B (Evening),480,452,28,Tool Breakdown,884,868,16,94.17,904.0,97.79,98.19,90.42,MCH_L1,World Class (≥85%)
SFT_00527,MCH_L1_02,2023-06-25 16:00:00,Shift C (Night),480,480,0,,864,824,40,100.0,960.0,90.0,95.37,85.83,MCH_L1,World Class (≥85%)
SFT_00528,MCH_L1_02,2023-06-26 00:00:00,Shift A (Morning),480,480,0,,916,900,16,100.0,960.0,95.42,98.25,93.75,MCH_L1,World Class (≥85%)
SFT_00529,MCH_L2_04,2023-06-26 08:00:00,Shift B (Evening),480,480,0,,876,840,36,100.0,960.0,91.25,95.89,87.5,MCH_L2,World Class (≥85%)
SFT_00530,MCH_L2_03,2023-06-26 16:00:00,Shift C (Night),480,480,0,,851,823,28,100.0,960.0,88.65,96.71,85.73,MCH_L2,World Class (≥85%)
SFT_00531,MCH_L3_04,2023-06-27 00:00:00,Shift A (Morning),480,480,0,,922,900,22,100.0,960.0,96.04,97.61,93.74,MCH_L3,World Class (≥85%)
SFT_00532,MCH_L2_02,2023-06-27 08:00:00,Shift B (Evening),480,480,0,,851,816,35,100.0,960.0,88.65,95.89,85.01,MCH_L2,World Class (≥85%)
SFT_00533,MCH_L3_04,2023-06-27 16:00:00,Shift C (Night),480,480,0,,858,833,25,100.0,960.0,89.38,97.09,86.78,MCH_L3,World Class (≥85%)
SFT_00534,MCH_L2_04,2023-06-28 00:00:00,Shift A (Morning),480,480,0,,913,886,27,100.0,960.0,95.1,97.04,92.29,MCH_L2,World Class (≥85%)
SFT_00535,MCH_L3_01,2023-06-28 08:00:00,Shift B (Evening),480,480,0,,874,838,36,100.0,960.0,91.04,95.88,87.29,MCH_L3,World Class (≥85%)
SFT_00536,MCH_L1_03,2023-06-28 16:00:00,Shift C (Night),480,480,0,,878,865,13,100.0,960.0,91.46,98.52,90.11,MCH_L1,World Class (≥85%)
SFT_00537,MCH_L1_04,2023-06-29 00:00:00,Shift A (Morning),480,480,0,,850,836,14,100.0,960.0,88.54,98.35,87.08,MCH_L1,World Class (≥85%)
SFT_00538,MCH_L3_02,2023-06-29 08:00:00,Shift B (Evening),480,443,37,Tool Breakdown,808,789,19,92.29,886.0,91.2,97.65,82.19,MCH_L3,Acceptable (65-84%)
SFT_00539,MCH_L3_05,2023-06-29 16:00:00,Shift C (Night),480,480,0,,883,843,40,100.0,960.0,91.98,95.47,87.81,MCH_L3,World Class (≥85%)
SFT_00540,MCH_L3_05,2023-06-30 00:00:00,Shift A (Morning),480,390,90,Calibration Lag,740,707,33,81.25,780.0,94.87,95.54,73.64,MCH_L3,Acceptable (65-84%)
SFT_00541,MCH_L1_04,2023-06-30 08:00:00,Shift B (Evening),480,472,8,Tool Breakdown,877,855,22,98.33,944.0,92.9,97.49,89.06,MCH_L1,World Class (≥85%)
SFT_00542,MCH_L2_03,2023-06-30 16:00:00,Shift C (Night),480,467,13,Tool Breakdown,897,877,20,97.29,934.0,96.04,97.77,91.35,MCH_L2,World Class (≥85%)
SFT_00543,MCH_L2_01,2023-07-01 00:00:00,Shift A (Morning),480,480,0,,855,821,34,100.0,960.0,89.06,96.02,85.52,MCH_L2,World Class (≥85%)
SFT_00544,MCH_L1_01,2023-07-01 08:00:00,Shift B (Evening),480,480,0,,888,872,16,100.0,960.0,92.5,98.2,90.84,MCH_L1,World Class (≥85%)
SFT_00545,MCH_L2_05,2023-07-01 16:00:00,Shift C (Night),480,467,13,Tool Breakdown,895,858,37,97.29,934.0,95.82,95.87,89.37,MCH_L2,World Class (≥85%)
SFT_00546,MCH_L1_03,2023-07-02 00:00:00,Shift A (Morning),480,480,0,,897,863,34,100.0,960.0,93.44,96.21,89.9,MCH_L1,World Class (≥85%)
SFT_00547,MCH_L3_05,2023-07-02 08:00:00,Shift B (Evening),480,480,0,,923,878,45,100.0,960.0,96.15,95.12,91.46,MCH_L3,World Class (≥85%)
SFT_00548,MCH_L3_01,2023-07-02 16:00:00,Shift C (Night),480,467,13,Material Starvation,908,877,31,97.29,934.0,97.22,96.59,91.36,MCH_L3,World Class (≥85%)
SFT_00549,MCH_L3_01,2023-07-03 00:00:00,Shift A (Morning),480,480,0,,879,841,38,100.0,960.0,91.56,95.68,87.6,MCH_L3,World Class (≥85%)
SFT_00550,MCH_L3_03,2023-07-03 08:00:00,Shift B (Evening),480,480,0,,935,909,26,100.0,960.0,97.4,97.22,94.69,MCH_L3,World Class (≥85%)
SFT_00551,MCH_L3_05,2023-07-03 16:00:00,Shift C (Night),480,480,0,,885,861,24,100.0,960.0,92.19,97.29,89.69,MCH_L3,World Class (≥85%)
SFT_00552,MCH_L2_04,2023-07-04 00:00:00,Shift A (Morning),480,480,0,,857,836,21,100.0,960.0,89.27,97.55,87.08,MCH_L2,World Class (≥85%)
SFT_00553,MCH_L2_03,2023-07-04 08:00:00,Shift B (Evening),480,480,0,,921,887,34,100.0,960.0,95.94,96.31,92.4,MCH_L2,World Class (≥85%)
SFT_00554,MCH_L2_01,2023-07-04 16:00:00,Shift C (Night),480,480,0,,866,851,15,100.0,960.0,90.21,98.27,88.65,MCH_L2,World Class (≥85%)
SFT_00555,MCH_L1_04,2023-07-05 00:00:00,Shift A (Morning),480,474,6,Tool Breakdown,850,812,38,98.75,948.0,89.66,95.53,84.58,MCH_L1,Acceptable (65-84%)
SFT_00556,MCH_L2_05,2023-07-05 08:00:00,Shift B (Evening),480,480,0,,892,857,35,100.0,960.0,92.92,96.08,89.28,MCH_L2,World Class (≥85%)
SFT_00557,MCH_L3_02,2023-07-05 16:00:00,Shift C (Night),480,480,0,,915,899,16,100.0,960.0,95.31,98.25,93.64,MCH_L3,World Class (≥85%)
SFT_00558,MCH_L1_02,2023-07-06 00:00:00,Shift A (Morning),480,472,8,Tool Breakdown,850,818,32,98.33,944.0,90.04,96.24,85.21,MCH_L1,World Class (≥85%)
SFT_00559,MCH_L3_05,2023-07-06 08:00:00,Shift B (Evening),480,480,0,,877,858,19,100.0,960.0,91.35,97.83,89.37,MCH_L3,World Class (≥85%)
SFT_00560,MCH_L2_03,2023-07-06 16:00:00,Shift C (Night),480,480,0,,850,818,32,100.0,960.0,88.54,96.24,85.21,MCH_L2,World Class (≥85%)
SFT_00561,MCH_L1_05,2023-07-07 00:00:00,Shift A (Morning),480,480,0,,913,894,19,100.0,960.0,95.1,97.92,93.12,MCH_L1,World Class (≥85%)
SFT_00562,MCH_L2_01,2023-07-07 08:00:00,Shift B (Evening),480,480,0,,897,864,33,100.0,960.0,93.44,96.32,90.0,MCH_L2,World Class (≥85%)
SFT_00563,MCH_L2_03,2023-07-07 16:00:00,Shift C (Night),480,461,19,Tool Breakdown,865,844,21,96.04,922.0,93.82,97.57,87.92,MCH_L2,World Class (≥85%)
SFT_00564,MCH_L3_05,2023-07-08 00:00:00,Shift A (Morning),480,456,24,Tool Breakdown,836,822,14,95.0,912.0,91.67,98.33,85.63,MCH_L3,World Class (≥85%)
SFT_00565,MCH_L2_05,2023-07-08 08:00:00,Shift B (Evening),480,418,62,Material Starvation,797,772,25,87.08,836.0,95.33,96.86,80.41,MCH_L2,Acceptable (65-84%)
SFT_00566,MCH_L3_01,2023-07-08 16:00:00,Shift C (Night),480,480,0,,921,887,34,100.0,960.0,95.94,96.31,92.4,MCH_L3,World Class (≥85%)
SFT_00567,MCH_L2_02,2023-07-09 00:00:00,Shift A (Morning),480,480,0,,896,869,27,100.0,960.0,93.33,96.99,90.52,MCH_L2,World Class (≥85%)
SFT_00568,MCH_L1_01,2023-07-09 08:00:00,Shift B (Evening),480,480,0,,911,881,30,100.0,960.0,94.9,96.71,91.78,MCH_L1,World Class (≥85%)
SFT_00569,MCH_L1_02,2023-07-09 16:00:00,Shift C (Night),480,480,0,,853,836,17,100.0,960.0,88.85,98.01,87.08,MCH_L1,World Class (≥85%)
SFT_00570,MCH_L2_02,2023-07-10 00:00:00,Shift A (Morning),480,480,0,,893,872,21,100.0,960.0,93.02,97.65,90.83,MCH_L2,World Class (≥85%)
SFT_00571,MCH_L1_04,2023-07-10 08:00:00,Shift B (Evening),480,480,0,,887,865,22,100.0,960.0,92.4,97.52,90.11,MCH_L1,World Class (≥85%)
SFT_00572,MCH_L1_05,2023-07-10 16:00:00,Shift C (Night),480,472,8,Tool Breakdown,885,863,22,98.33,944.0,93.75,97.51,89.89,MCH_L1,World Class (≥85%)
SFT_00573,MCH_L3_02,2023-07-11 00:00:00,Shift A (Morning),480,480,0,,891,873,18,100.0,960.0,92.81,97.98,90.94,MCH_L3,World Class (≥85%)
SFT_00574,MCH_L2_02,2023-07-11 08:00:00,Shift B (Evening),480,480,0,,852,843,9,100.0,960.0,88.75,98.94,87.81,MCH_L2,World Class (≥85%)
SFT_00575,MCH_L2_04,2023-07-11 16:00:00,Shift C (Night),480,480,0,,870,834,36,100.0,960.0,90.62,95.86,86.87,MCH_L2,World Class (≥85%)
SFT_00576,MCH_L2_01,2023-07-12 00:00:00,Shift A (Morning),480,480,0,,870,832,38,100.0,960.0,90.62,95.63,86.66,MCH_L2,World Class (≥85%)
SFT_00577,MCH_L1_03,2023-07-12 08:00:00,Shift B (Evening),480,480,0,,861,835,26,100.0,960.0,89.69,96.98,86.98,MCH_L1,World Class (≥85%)
SFT_00578,MCH_L3_05,2023-07-12 16:00:00,Shift C (Night),480,480,0,,865,851,14,100.0,960.0,90.1,98.38,88.64,MCH_L3,World Class (≥85%)
SFT_00579,MCH_L1_05,2023-07-13 00:00:00,Shift A (Morning),480,480,0,,917,887,30,100.0,960.0,95.52,96.73,92.4,MCH_L1,World Class (≥85%)
SFT_00580,MCH_L1_05,2023-07-13 08:00:00,Shift B (Evening),480,480,0,,939,930,9,100.0,960.0,97.81,99.04,96.87,MCH_L1,World Class (≥85%)
SFT_00581,MCH_L2_01,2023-07-13 16:00:00,Shift C (Night),480,480,0,,852,814,38,100.0,960.0,88.75,95.54,84.79,MCH_L2,Acceptable (65-84%)
SFT_00582,MCH_L3_02,2023-07-14 00:00:00,Shift A (Morning),480,480,0,,889,878,11,100.0,960.0,92.6,98.76,91.45,MCH_L3,World Class (≥85%)
SFT_00583,MCH_L1_02,2023-07-14 08:00:00,Shift B (Evening),480,452,28,Tool Breakdown,842,826,16,94.17,904.0,93.14,98.1,86.04,MCH_L1,World Class (≥85%)
SFT_00584,MCH_L3_05,2023-07-14 16:00:00,Shift C (Night),480,480,0,,872,863,9,100.0,960.0,90.83,98.97,89.89,MCH_L3,World Class (≥85%)
SFT_00585,MCH_L3_02,2023-07-15 00:00:00,Shift A (Morning),480,458,22,Tool Breakdown,814,806,8,95.42,916.0,88.86,99.02,83.96,MCH_L3,Acceptable (65-84%)
SFT_00586,MCH_L1_03,2023-07-15 08:00:00,Shift B (Evening),480,428,52,Pressure Loss,799,761,38,89.17,856.0,93.34,95.24,79.27,MCH_L1,Acceptable (65-84%)
SFT_00587,MCH_L3_05,2023-07-15 16:00:00,Shift C (Night),480,480,0,,912,899,13,100.0,960.0,95.0,98.57,93.64,MCH_L3,World Class (≥85%)
SFT_00588,MCH_L3_01,2023-07-16 00:00:00,Shift A (Morning),480,480,0,,921,887,34,100.0,960.0,95.94,96.31,92.4,MCH_L3,World Class (≥85%)
SFT_00589,MCH_L2_03,2023-07-16 08:00:00,Shift B (Evening),480,480,0,,858,835,23,100.0,960.0,89.38,97.32,86.98,MCH_L2,World Class (≥85%)
SFT_00590,MCH_L3_01,2023-07-16 16:00:00,Shift C (Night),480,480,0,,911,875,36,100.0,960.0,94.9,96.05,91.15,MCH_L3,World Class (≥85%)
SFT_00591,MCH_L2_05,2023-07-17 00:00:00,Shift A (Morning),480,480,0,,875,853,22,100.0,960.0,91.15,97.49,88.86,MCH_L2,World Class (≥85%)
SFT_00592,MCH_L2_04,2023-07-17 08:00:00,Shift B (Evening),480,480,0,,932,902,30,100.0,960.0,97.08,96.78,93.95,MCH_L2,World Class (≥85%)
SFT_00593,MCH_L2_02,2023-07-17 16:00:00,Shift C (Night),480,480,0,,856,840,16,100.0,960.0,89.17,98.13,87.5,MCH_L2,World Class (≥85%)
SFT_00594,MCH_L3_05,2023-07-18 00:00:00,Shift A (Morning),480,480,0,,939,923,16,100.0,960.0,97.81,98.3,96.15,MCH_L3,World Class (≥85%)
SFT_00595,MCH_L1_03,2023-07-18 08:00:00,Shift B (Evening),480,480,0,,905,879,26,100.0,960.0,94.27,97.13,91.56,MCH_L1,World Class (≥85%)
SFT_00596,MCH_L3_03,2023-07-18 16:00:00,Shift C (Night),480,480,0,,853,830,23,100.0,960.0,88.85,97.3,86.45,MCH_L3,World Class (≥85%)
SFT_00597,MCH_L2_04,2023-07-19 00:00:00,Shift A (Morning),480,450,30,Material Starvation,842,806,36,93.75,900.0,93.56,95.72,83.96,MCH_L2,Acceptable (65-84%)
SFT_00598,MCH_L2_01,2023-07-19 08:00:00,Shift B (Evening),480,469,11,Material Starvation,908,866,42,97.71,938.0,96.8,95.37,90.2,MCH_L2,World Class (≥85%)
SFT_00599,MCH_L3_03,2023-07-19 16:00:00,Shift C (Night),480,461,19,Tool Breakdown,857,839,18,96.04,922.0,92.95,97.9,87.39,MCH_L3,World Class (≥85%)
SFT_00600,MCH_L2_01,2023-07-20 00:00:00,Shift A (Morning),480,480,0,,939,898,41,100.0,960.0,97.81,95.63,93.54,MCH_L2,World Class (≥85%)
SFT_00601,MCH_L3_03,2023-07-20 08:00:00,Shift B (Evening),480,480,0,,879,840,39,100.0,960.0,91.56,95.56,87.49,MCH_L3,World Class (≥85%)
SFT_00602,MCH_L1_01,2023-07-20 16:00:00,Shift C (Night),480,359,121,Tool Breakdown,665,656,9,74.79,718.0,92.62,98.65,68.34,MCH_L1,Acceptable (65-84%)
SFT_00603,MCH_L1_04,2023-07-21 00:00:00,Shift A (Morning),480,476,4,Calibration Lag,931,890,41,99.17,952.0,97.79,95.6,92.71,MCH_L1,World Class (≥85%)
SFT_00604,MCH_L1_01,2023-07-21 08:00:00,Shift B (Evening),480,480,0,,875,835,40,100.0,960.0,91.15,95.43,86.98,MCH_L1,World Class (≥85%)
SFT_00605,MCH_L1_05,2023-07-21 16:00:00,Shift C (Night),480,480,0,,881,839,42,100.0,960.0,91.77,95.23,87.39,MCH_L1,World Class (≥85%)
SFT_00606,MCH_L1_04,2023-07-22 00:00:00,Shift A (Morning),480,480,0,,863,825,38,100.0,960.0,89.9,95.6,85.94,MCH_L1,World Class (≥85%)
SFT_00607,MCH_L3_03,2023-07-22 08:00:00,Shift B (Evening),480,480,0,,935,916,19,100.0,960.0,97.4,97.97,95.42,MCH_L3,World Class (≥85%)
SFT_00608,MCH_L2_02,2023-07-22 16:00:00,Shift C (Night),480,480,0,,931,920,11,100.0,960.0,96.98,98.82,95.84,MCH_L2,World Class (≥85%)
SFT_00609,MCH_L3_02,2023-07-23 00:00:00,Shift A (Morning),480,480,0,,882,859,23,100.0,960.0,91.88,97.39,89.48,MCH_L3,World Class (≥85%)
SFT_00610,MCH_L3_02,2023-07-23 08:00:00,Shift B (Evening),480,480,0,,914,882,32,100.0,960.0,95.21,96.5,91.88,MCH_L3,World Class (≥85%)
SFT_00611,MCH_L3_04,2023-07-23 16:00:00,Shift C (Night),480,480,0,,906,868,38,100.0,960.0,94.38,95.81,90.43,MCH_L3,World Class (≥85%)
SFT_00612,MCH_L1_03,2023-07-24 00:00:00,Shift A (Morning),480,480,0,,909,880,29,100.0,960.0,94.69,96.81,91.67,MCH_L1,World Class (≥85%)
SFT_00613,MCH_L3_01,2023-07-24 08:00:00,Shift B (Evening),480,448,32,Calibration Lag,816,799,17,93.33,896.0,91.07,97.92,83.23,MCH_L3,Acceptable (65-84%)
SFT_00614,MCH_L1_04,2023-07-24 16:00:00,Shift C (Night),480,370,110,Tool Breakdown,691,669,22,77.08,740.0,93.38,96.82,69.69,MCH_L1,Acceptable (65-84%)
SFT_00615,MCH_L1_01,2023-07-25 00:00:00,Shift A (Morning),480,480,0,,851,830,21,100.0,960.0,88.65,97.53,86.46,MCH_L1,World Class (≥85%)
SFT_00616,MCH_L1_04,2023-07-25 08:00:00,Shift B (Evening),480,476,4,Tool Breakdown,924,905,19,99.17,952.0,97.06,97.94,94.27,MCH_L1,World Class (≥85%)
SFT_00617,MCH_L3_04,2023-07-25 16:00:00,Shift C (Night),480,447,33,Pressure Loss,836,819,17,93.12,894.0,93.51,97.97,85.31,MCH_L3,World Class (≥85%)
SFT_00618,MCH_L1_02,2023-07-26 00:00:00,Shift A (Morning),480,472,8,Calibration Lag,850,833,17,98.33,944.0,90.04,98.0,86.77,MCH_L1,World Class (≥85%)
SFT_00619,MCH_L3_05,2023-07-26 08:00:00,Shift B (Evening),480,352,128,Tool Breakdown,627,617,10,73.33,704.0,89.06,98.41,64.27,MCH_L3,Critical Bottleneck (<65%)
SFT_00620,MCH_L2_02,2023-07-26 16:00:00,Shift C (Night),480,429,51,Material Starvation,826,795,31,89.38,858.0,96.27,96.25,82.82,MCH_L2,Acceptable (65-84%)
SFT_00621,MCH_L2_04,2023-07-27 00:00:00,Shift A (Morning),480,480,0,,919,893,26,100.0,960.0,95.73,97.17,93.02,MCH_L2,World Class (≥85%)
SFT_00622,MCH_L2_02,2023-07-27 08:00:00,Shift B (Evening),480,376,104,Tool Breakdown,734,710,24,78.33,752.0,97.61,96.73,73.96,MCH_L2,Acceptable (65-84%)
SFT_00623,MCH_L2_04,2023-07-27 16:00:00,Shift C (Night),480,480,0,,887,852,35,100.0,960.0,92.4,96.05,88.75,MCH_L2,World Class (≥85%)
SFT_00624,MCH_L3_05,2023-07-28 00:00:00,Shift A (Morning),480,480,0,,910,872,38,100.0,960.0,94.79,95.82,90.83,MCH_L3,World Class (≥85%)
SFT_00625,MCH_L2_01,2023-07-28 08:00:00,Shift B (Evening),480,480,0,,915,872,43,100.0,960.0,95.31,95.3,90.83,MCH_L2,World Class (≥85%)
SFT_00626,MCH_L2_04,2023-07-28 16:00:00,Shift C (Night),480,480,0,,892,859,33,100.0,960.0,92.92,96.3,89.48,MCH_L2,World Class (≥85%)
SFT_00627,MCH_L3_03,2023-07-29 00:00:00,Shift A (Morning),480,480,0,,895,861,34,100.0,960.0,93.23,96.2,89.69,MCH_L3,World Class (≥85%)
SFT_00628,MCH_L1_04,2023-07-29 08:00:00,Shift B (Evening),480,480,0,,900,857,43,100.0,960.0,93.75,95.22,89.27,MCH_L1,World Class (≥85%)
SFT_00629,MCH_L3_02,2023-07-29 16:00:00,Shift C (Night),480,480,0,,856,824,32,100.0,960.0,89.17,96.26,85.84,MCH_L3,World Class (≥85%)
SFT_00630,MCH_L3_03,2023-07-30 00:00:00,Shift A (Morning),480,480,0,,929,891,38,100.0,960.0,96.77,95.91,92.81,MCH_L3,World Class (≥85%)
SFT_00631,MCH_L3_05,2023-07-30 08:00:00,Shift B (Evening),480,480,0,,872,861,11,100.0,960.0,90.83,98.74,89.69,MCH_L3,World Class (≥85%)
SFT_00632,MCH_L2_04,2023-07-30 16:00:00,Shift C (Night),480,480,0,,928,882,46,100.0,960.0,96.67,95.04,91.88,MCH_L2,World Class (≥85%)
SFT_00633,MCH_L1_01,2023-07-31 00:00:00,Shift A (Morning),480,480,0,,904,861,43,100.0,960.0,94.17,95.24,89.69,MCH_L1,World Class (≥85%)
SFT_00634,MCH_L1_03,2023-07-31 08:00:00,Shift B (Evening),480,480,0,,873,859,14,100.0,960.0,90.94,98.4,89.48,MCH_L1,World Class (≥85%)
SFT_00635,MCH_L2_03,2023-07-31 16:00:00,Shift C (Night),480,480,0,,867,832,35,100.0,960.0,90.31,95.96,86.66,MCH_L2,World Class (≥85%)
SFT_00636,MCH_L2_02,2023-08-01 00:00:00,Shift A (Morning),480,441,39,Material Starvation,784,763,21,91.88,882.0,88.89,97.32,79.48,MCH_L2,Acceptable (65-84%)
SFT_00637,MCH_L3_05,2023-08-01 08:00:00,Shift B (Evening),480,480,0,,864,848,16,100.0,960.0,90.0,98.15,88.34,MCH_L3,World Class (≥85%)
SFT_00638,MCH_L1_03,2023-08-01 16:00:00,Shift C (Night),480,480,0,,893,873,20,100.0,960.0,93.02,97.76,90.94,MCH_L1,World Class (≥85%)
SFT_00639,MCH_L2_02,2023-08-02 00:00:00,Shift A (Morning),480,480,0,,885,848,37,100.0,960.0,92.19,95.82,88.34,MCH_L2,World Class (≥85%)
SFT_00640,MCH_L3_05,2023-08-02 08:00:00,Shift B (Evening),480,480,0,,940,901,39,100.0,960.0,97.92,95.85,93.86,MCH_L3,World Class (≥85%)
SFT_00641,MCH_L1_03,2023-08-02 16:00:00,Shift C (Night),480,416,64,Tool Breakdown,790,782,8,86.67,832.0,94.95,98.99,81.46,MCH_L1,Acceptable (65-84%)
SFT_00642,MCH_L3_05,2023-08-03 00:00:00,Shift A (Morning),480,480,0,,926,893,33,100.0,960.0,96.46,96.44,93.03,MCH_L3,World Class (≥85%)
SFT_00643,MCH_L2_05,2023-08-03 08:00:00,Shift B (Evening),480,480,0,,871,837,34,100.0,960.0,90.73,96.1,87.19,MCH_L2,World Class (≥85%)
SFT_00644,MCH_L1_02,2023-08-03 16:00:00,Shift C (Night),480,475,5,Pressure Loss,877,843,34,98.96,950.0,92.32,96.12,87.82,MCH_L1,World Class (≥85%)
SFT_00645,MCH_L3_05,2023-08-04 00:00:00,Shift A (Morning),480,480,0,,845,820,25,100.0,960.0,88.02,97.04,85.41,MCH_L3,World Class (≥85%)
SFT_00646,MCH_L2_02,2023-08-04 08:00:00,Shift B (Evening),480,480,0,,929,917,12,100.0,960.0,96.77,98.71,95.52,MCH_L2,World Class (≥85%)
SFT_00647,MCH_L2_04,2023-08-04 16:00:00,Shift C (Night),480,480,0,,924,900,24,100.0,960.0,96.25,97.4,93.75,MCH_L2,World Class (≥85%)
SFT_00648,MCH_L3_03,2023-08-05 00:00:00,Shift A (Morning),480,480,0,,934,910,24,100.0,960.0,97.29,97.43,94.79,MCH_L3,World Class (≥85%)
SFT_00649,MCH_L2_03,2023-08-05 08:00:00,Shift B (Evening),480,480,0,,917,880,37,100.0,960.0,95.52,95.97,91.67,MCH_L2,World Class (≥85%)
SFT_00650,MCH_L2_04,2023-08-05 16:00:00,Shift C (Night),480,480,0,,925,903,22,100.0,960.0,96.35,97.62,94.06,MCH_L2,World Class (≥85%)
SFT_00651,MCH_L3_05,2023-08-06 00:00:00,Shift A (Morning),480,480,0,,911,878,33,100.0,960.0,94.9,96.38,91.46,MCH_L3,World Class (≥85%)
SFT_00652,MCH_L3_01,2023-08-06 08:00:00,Shift B (Evening),480,480,0,,857,832,25,100.0,960.0,89.27,97.08,86.66,MCH_L3,World Class (≥85%)
SFT_00653,MCH_L3_04,2023-08-06 16:00:00,Shift C (Night),480,424,56,Material Starvation,814,777,37,88.33,848.0,95.99,95.45,80.93,MCH_L3,Acceptable (65-84%)
SFT_00654,MCH_L1_04,2023-08-07 00:00:00,Shift A (Morning),480,480,0,,933,917,16,100.0,960.0,97.19,98.29,95.53,MCH_L1,World Class (≥85%)
SFT_00655,MCH_L3_05,2023-08-07 08:00:00,Shift B (Evening),480,480,0,,864,846,18,100.0,960.0,90.0,97.92,88.13,MCH_L3,World Class (≥85%)
SFT_00656,MCH_L3_04,2023-08-07 16:00:00,Shift C (Night),480,448,32,Tool Breakdown,793,771,22,93.33,896.0,88.5,97.23,80.31,MCH_L3,Acceptable (65-84%)
SFT_00657,MCH_L2_05,2023-08-08 00:00:00,Shift A (Morning),480,480,0,,927,897,30,100.0,960.0,96.56,96.76,93.43,MCH_L2,World Class (≥85%)
SFT_00658,MCH_L3_01,2023-08-08 08:00:00,Shift B (Evening),480,474,6,Calibration Lag,884,875,9,98.75,948.0,93.25,98.98,91.15,MCH_L3,World Class (≥85%)
SFT_00659,MCH_L1_03,2023-08-08 16:00:00,Shift C (Night),480,480,0,,875,857,18,100.0,960.0,91.15,97.94,89.27,MCH_L1,World Class (≥85%)
SFT_00660,MCH_L2_02,2023-08-09 00:00:00,Shift A (Morning),480,461,19,Material Starvation,902,876,26,96.04,922.0,97.83,97.12,91.25,MCH_L2,World Class (≥85%)
SFT_00661,MCH_L2_05,2023-08-09 08:00:00,Shift B (Evening),480,480,0,,878,857,21,100.0,960.0,91.46,97.61,89.27,MCH_L2,World Class (≥85%)
SFT_00662,MCH_L2_04,2023-08-09 16:00:00,Shift C (Night),480,480,0,,849,840,9,100.0,960.0,88.44,98.94,87.5,MCH_L2,World Class (≥85%)
SFT_00663,MCH_L2_02,2023-08-10 00:00:00,Shift A (Morning),480,480,0,,930,911,19,100.0,960.0,96.88,97.96,94.9,MCH_L2,World Class (≥85%)
SFT_00664,MCH_L3_05,2023-08-10 08:00:00,Shift B (Evening),480,476,4,Material Starvation,915,873,42,99.17,952.0,96.11,95.41,90.94,MCH_L3,World Class (≥85%)
SFT_00665,MCH_L1_02,2023-08-10 16:00:00,Shift C (Night),480,480,0,,847,816,31,100.0,960.0,88.23,96.34,85.0,MCH_L1,World Class (≥85%)
SFT_00666,MCH_L1_04,2023-08-11 00:00:00,Shift A (Morning),480,480,0,,937,901,36,100.0,960.0,97.6,96.16,93.85,MCH_L1,World Class (≥85%)
SFT_00667,MCH_L1_05,2023-08-11 08:00:00,Shift B (Evening),480,480,0,,852,813,39,100.0,960.0,88.75,95.42,84.69,MCH_L1,Acceptable (65-84%)
SFT_00668,MCH_L1_03,2023-08-11 16:00:00,Shift C (Night),480,480,0,,904,867,37,100.0,960.0,94.17,95.91,90.32,MCH_L1,World Class (≥85%)
SFT_00669,MCH_L1_02,2023-08-12 00:00:00,Shift A (Morning),480,480,0,,854,822,32,100.0,960.0,88.96,96.25,85.62,MCH_L1,World Class (≥85%)
SFT_00670,MCH_L1_03,2023-08-12 08:00:00,Shift B (Evening),480,408,72,Material Starvation,762,749,13,85.0,816.0,93.38,98.29,78.02,MCH_L1,Acceptable (65-84%)
SFT_00671,MCH_L1_02,2023-08-12 16:00:00,Shift C (Night),480,473,7,Tool Breakdown,873,846,27,98.54,946.0,92.28,96.91,88.12,MCH_L1,World Class (≥85%)
SFT_00672,MCH_L3_03,2023-08-13 00:00:00,Shift A (Morning),480,440,40,Calibration Lag,802,791,11,91.67,880.0,91.14,98.63,82.4,MCH_L3,Acceptable (65-84%)
SFT_00673,MCH_L3_05,2023-08-13 08:00:00,Shift B (Evening),480,480,0,,866,841,25,100.0,960.0,90.21,97.11,87.6,MCH_L3,World Class (≥85%)
SFT_00674,MCH_L1_03,2023-08-13 16:00:00,Shift C (Night),480,406,74,Tool Breakdown,770,735,35,84.58,812.0,94.83,95.45,76.56,MCH_L1,Acceptable (65-84%)
SFT_00675,MCH_L3_03,2023-08-14 00:00:00,Shift A (Morning),480,480,0,,893,849,44,100.0,960.0,93.02,95.07,88.43,MCH_L3,World Class (≥85%)
SFT_00676,MCH_L3_01,2023-08-14 08:00:00,Shift B (Evening),480,480,0,,892,881,11,100.0,960.0,92.92,98.77,91.78,MCH_L3,World Class (≥85%)
SFT_00677,MCH_L2_01,2023-08-14 16:00:00,Shift C (Night),480,480,0,,917,907,10,100.0,960.0,95.52,98.91,94.48,MCH_L2,World Class (≥85%)
SFT_00678,MCH_L1_04,2023-08-15 00:00:00,Shift A (Morning),480,480,0,,866,856,10,100.0,960.0,90.21,98.85,89.17,MCH_L1,World Class (≥85%)
SFT_00679,MCH_L3_03,2023-08-15 08:00:00,Shift B (Evening),480,480,0,,878,847,31,100.0,960.0,91.46,96.47,88.23,MCH_L3,World Class (≥85%)
SFT_00680,MCH_L3_04,2023-08-15 16:00:00,Shift C (Night),480,480,0,,921,907,14,100.0,960.0,95.94,98.48,94.48,MCH_L3,World Class (≥85%)
SFT_00681,MCH_L1_02,2023-08-16 00:00:00,Shift A (Morning),480,480,0,,908,870,38,100.0,960.0,94.58,95.81,90.62,MCH_L1,World Class (≥85%)
SFT_00682,MCH_L1_04,2023-08-16 08:00:00,Shift B (Evening),480,480,0,,892,857,35,100.0,960.0,92.92,96.08,89.28,MCH_L1,World Class (≥85%)
SFT_00683,MCH_L1_03,2023-08-16 16:00:00,Shift C (Night),480,480,0,,896,878,18,100.0,960.0,93.33,97.99,91.45,MCH_L1,World Class (≥85%)
SFT_00684,MCH_L3_02,2023-08-17 00:00:00,Shift A (Morning),480,470,10,Material Starvation,884,844,40,97.92,940.0,94.04,95.48,87.92,MCH_L3,World Class (≥85%)
SFT_00685,MCH_L2_01,2023-08-17 08:00:00,Shift B (Evening),480,480,0,,925,907,18,100.0,960.0,96.35,98.05,94.47,MCH_L2,World Class (≥85%)
SFT_00686,MCH_L1_01,2023-08-17 16:00:00,Shift C (Night),480,480,0,,861,841,20,100.0,960.0,89.69,97.68,87.61,MCH_L1,World Class (≥85%)
SFT_00687,MCH_L2_05,2023-08-18 00:00:00,Shift A (Morning),480,480,0,,854,824,30,100.0,960.0,88.96,96.49,85.84,MCH_L2,World Class (≥85%)
SFT_00688,MCH_L1_05,2023-08-18 08:00:00,Shift B (Evening),480,240,240,Calibration Lag,459,441,18,50.0,480.0,95.62,96.08,45.94,MCH_L1,Critical Bottleneck (<65%)
SFT_00689,MCH_L3_02,2023-08-18 16:00:00,Shift C (Night),480,466,14,Tool Breakdown,827,801,26,97.08,932.0,88.73,96.86,83.43,MCH_L3,Acceptable (65-84%)
SFT_00690,MCH_L2_03,2023-08-19 00:00:00,Shift A (Morning),480,480,0,,927,912,15,100.0,960.0,96.56,98.38,95.0,MCH_L2,World Class (≥85%)
SFT_00691,MCH_L1_02,2023-08-19 08:00:00,Shift B (Evening),480,480,0,,932,910,22,100.0,960.0,97.08,97.64,94.79,MCH_L1,World Class (≥85%)
SFT_00692,MCH_L2_05,2023-08-19 16:00:00,Shift C (Night),480,350,130,Calibration Lag,673,652,21,72.92,700.0,96.14,96.88,67.92,MCH_L2,Acceptable (65-84%)
SFT_00693,MCH_L2_02,2023-08-20 00:00:00,Shift A (Morning),480,480,0,,886,865,21,100.0,960.0,92.29,97.63,90.1,MCH_L2,World Class (≥85%)
SFT_00694,MCH_L3_04,2023-08-20 08:00:00,Shift B (Evening),480,480,0,,908,868,40,100.0,960.0,94.58,95.59,90.41,MCH_L3,World Class (≥85%)
SFT_00695,MCH_L2_01,2023-08-20 16:00:00,Shift C (Night),480,480,0,,864,834,30,100.0,960.0,90.0,96.53,86.88,MCH_L2,World Class (≥85%)
SFT_00696,MCH_L1_05,2023-08-21 00:00:00,Shift A (Morning),480,480,0,,937,904,33,100.0,960.0,97.6,96.48,94.16,MCH_L1,World Class (≥85%)
SFT_00697,MCH_L3_04,2023-08-21 08:00:00,Shift B (Evening),480,480,0,,875,850,25,100.0,960.0,91.15,97.14,88.54,MCH_L3,World Class (≥85%)
SFT_00698,MCH_L3_01,2023-08-21 16:00:00,Shift C (Night),480,480,0,,922,886,36,100.0,960.0,96.04,96.1,92.29,MCH_L3,World Class (≥85%)
SFT_00699,MCH_L3_03,2023-08-22 00:00:00,Shift A (Morning),480,480,0,,874,852,22,100.0,960.0,91.04,97.48,88.75,MCH_L3,World Class (≥85%)
SFT_00700,MCH_L3_01,2023-08-22 08:00:00,Shift B (Evening),480,480,0,,897,859,38,100.0,960.0,93.44,95.76,89.48,MCH_L3,World Class (≥85%)
SFT_00701,MCH_L3_05,2023-08-22 16:00:00,Shift C (Night),480,480,0,,875,842,33,100.0,960.0,91.15,96.23,87.71,MCH_L3,World Class (≥85%)
SFT_00702,MCH_L2_04,2023-08-23 00:00:00,Shift A (Morning),480,364,116,Pressure Loss,651,636,15,75.83,728.0,89.42,97.7,66.25,MCH_L2,Acceptable (65-84%)
SFT_00703,MCH_L3_03,2023-08-23 08:00:00,Shift B (Evening),480,480,0,,896,871,25,100.0,960.0,93.33,97.21,90.73,MCH_L3,World Class (≥85%)
SFT_00704,MCH_L3_01,2023-08-23 16:00:00,Shift C (Night),480,480,0,,854,829,25,100.0,960.0,88.96,97.07,86.35,MCH_L3,World Class (≥85%)
SFT_00705,MCH_L2_02,2023-08-24 00:00:00,Shift A (Morning),480,480,0,,852,828,24,100.0,960.0,88.75,97.18,86.25,MCH_L2,World Class (≥85%)
SFT_00706,MCH_L3_01,2023-08-24 08:00:00,Shift B (Evening),480,480,0,,886,851,35,100.0,960.0,92.29,96.05,88.64,MCH_L3,World Class (≥85%)
SFT_00707,MCH_L2_02,2023-08-24 16:00:00,Shift C (Night),480,480,0,,871,849,22,100.0,960.0,90.73,97.47,88.43,MCH_L2,World Class (≥85%)
SFT_00708,MCH_L2_02,2023-08-25 00:00:00,Shift A (Morning),480,427,53,Tool Breakdown,770,743,27,88.96,854.0,90.16,96.49,77.39,MCH_L2,Acceptable (65-84%)
SFT_00709,MCH_L2_01,2023-08-25 08:00:00,Shift B (Evening),480,480,0,,938,924,14,100.0,960.0,97.71,98.51,96.25,MCH_L2,World Class (≥85%)
SFT_00710,MCH_L1_01,2023-08-25 16:00:00,Shift C (Night),480,480,0,,856,847,9,100.0,960.0,89.17,98.95,88.23,MCH_L1,World Class (≥85%)
SFT_00711,MCH_L2_02,2023-08-26 00:00:00,Shift A (Morning),480,480,0,,878,862,16,100.0,960.0,91.46,98.18,89.8,MCH_L2,World Class (≥85%)
SFT_00712,MCH_L2_04,2023-08-26 08:00:00,Shift B (Evening),480,480,0,,928,902,26,100.0,960.0,96.67,97.2,93.96,MCH_L2,World Class (≥85%)
SFT_00713,MCH_L2_02,2023-08-26 16:00:00,Shift C (Night),480,480,0,,867,852,15,100.0,960.0,90.31,98.27,88.75,MCH_L2,World Class (≥85%)
SFT_00714,MCH_L2_03,2023-08-27 00:00:00,Shift A (Morning),480,453,27,Material Starvation,802,777,25,94.38,906.0,88.52,96.88,80.94,MCH_L2,Acceptable (65-84%)
SFT_00715,MCH_L3_02,2023-08-27 08:00:00,Shift B (Evening),480,480,0,,917,877,40,100.0,960.0,95.52,95.64,91.36,MCH_L3,World Class (≥85%)
SFT_00716,MCH_L1_01,2023-08-27 16:00:00,Shift C (Night),480,480,0,,929,886,43,100.0,960.0,96.77,95.37,92.29,MCH_L1,World Class (≥85%)
SFT_00717,MCH_L1_05,2023-08-28 00:00:00,Shift A (Morning),480,480,0,,876,862,14,100.0,960.0,91.25,98.4,89.79,MCH_L1,World Class (≥85%)
SFT_00718,MCH_L3_04,2023-08-28 08:00:00,Shift B (Evening),480,454,26,Calibration Lag,824,784,40,94.58,908.0,90.75,95.15,81.67,MCH_L3,Acceptable (65-84%)
SFT_00719,MCH_L3_04,2023-08-28 16:00:00,Shift C (Night),480,480,0,,927,906,21,100.0,960.0,96.56,97.73,94.37,MCH_L3,World Class (≥85%)
SFT_00720,MCH_L2_05,2023-08-29 00:00:00,Shift A (Morning),480,338,142,Calibration Lag,612,594,18,70.42,676.0,90.53,97.06,61.88,MCH_L2,Critical Bottleneck (<65%)
SFT_00721,MCH_L1_02,2023-08-29 08:00:00,Shift B (Evening),480,480,0,,850,833,17,100.0,960.0,88.54,98.0,86.77,MCH_L1,World Class (≥85%)
SFT_00722,MCH_L2_05,2023-08-29 16:00:00,Shift C (Night),480,456,24,Tool Breakdown,826,789,37,95.0,912.0,90.57,95.52,82.19,MCH_L2,Acceptable (65-84%)
SFT_00723,MCH_L2_02,2023-08-30 00:00:00,Shift A (Morning),480,480,0,,886,876,10,100.0,960.0,92.29,98.87,91.25,MCH_L2,World Class (≥85%)
SFT_00724,MCH_L1_03,2023-08-30 08:00:00,Shift B (Evening),480,480,0,,885,871,14,100.0,960.0,92.19,98.42,90.73,MCH_L1,World Class (≥85%)
SFT_00725,MCH_L1_05,2023-08-30 16:00:00,Shift C (Night),480,480,0,,930,887,43,100.0,960.0,96.88,95.38,92.4,MCH_L1,World Class (≥85%)
SFT_00726,MCH_L1_02,2023-08-31 00:00:00,Shift A (Morning),480,446,34,Material Starvation,800,770,30,92.92,892.0,89.69,96.25,80.21,MCH_L1,Acceptable (65-84%)
SFT_00727,MCH_L2_05,2023-08-31 08:00:00,Shift B (Evening),480,425,55,Material Starvation,815,779,36,88.54,850.0,95.88,95.58,81.14,MCH_L2,Acceptable (65-84%)
SFT_00728,MCH_L2_01,2023-08-31 16:00:00,Shift C (Night),480,480,0,,879,841,38,100.0,960.0,91.56,95.68,87.6,MCH_L2,World Class (≥85%)
SFT_00729,MCH_L1_05,2023-09-01 00:00:00,Shift A (Morning),480,353,127,Tool Breakdown,627,608,19,73.54,706.0,88.81,96.97,63.33,MCH_L1,Critical Bottleneck (<65%)
SFT_00730,MCH_L2_05,2023-09-01 08:00:00,Shift B (Evening),480,480,0,,868,835,33,100.0,960.0,90.42,96.2,86.98,MCH_L2,World Class (≥85%)
SFT_00731,MCH_L1_05,2023-09-01 16:00:00,Shift C (Night),480,480,0,,846,818,28,100.0,960.0,88.12,96.69,85.2,MCH_L1,World Class (≥85%)
SFT_00732,MCH_L2_05,2023-09-02 00:00:00,Shift A (Morning),480,480,0,,866,849,17,100.0,960.0,90.21,98.04,88.44,MCH_L2,World Class (≥85%)
SFT_00733,MCH_L1_02,2023-09-02 08:00:00,Shift B (Evening),480,480,0,,870,827,43,100.0,960.0,90.62,95.06,86.14,MCH_L1,World Class (≥85%)
SFT_00734,MCH_L2_01,2023-09-02 16:00:00,Shift C (Night),480,480,0,,929,888,41,100.0,960.0,96.77,95.59,92.5,MCH_L2,World Class (≥85%)
SFT_00735,MCH_L3_05,2023-09-03 00:00:00,Shift A (Morning),480,480,0,,880,865,15,100.0,960.0,91.67,98.3,90.11,MCH_L3,World Class (≥85%)
SFT_00736,MCH_L2_02,2023-09-03 08:00:00,Shift B (Evening),480,466,14,Pressure Loss,860,848,12,97.08,932.0,92.27,98.6,88.32,MCH_L2,World Class (≥85%)
SFT_00737,MCH_L1_04,2023-09-03 16:00:00,Shift C (Night),480,452,28,Calibration Lag,828,814,14,94.17,904.0,91.59,98.31,84.79,MCH_L1,Acceptable (65-84%)
SFT_00738,MCH_L3_01,2023-09-04 00:00:00,Shift A (Morning),480,480,0,,882,852,30,100.0,960.0,91.88,96.6,88.76,MCH_L3,World Class (≥85%)
SFT_00739,MCH_L1_03,2023-09-04 08:00:00,Shift B (Evening),480,456,24,Pressure Loss,809,785,24,95.0,912.0,88.71,97.03,81.77,MCH_L1,Acceptable (65-84%)
SFT_00740,MCH_L1_01,2023-09-04 16:00:00,Shift C (Night),480,480,0,,923,890,33,100.0,960.0,96.15,96.42,92.71,MCH_L1,World Class (≥85%)
SFT_00741,MCH_L3_05,2023-09-05 00:00:00,Shift A (Morning),480,480,0,,883,843,40,100.0,960.0,91.98,95.47,87.81,MCH_L3,World Class (≥85%)
SFT_00742,MCH_L1_04,2023-09-05 08:00:00,Shift B (Evening),480,442,38,Material Starvation,829,806,23,92.08,884.0,93.78,97.23,83.96,MCH_L1,Acceptable (65-84%)
SFT_00743,MCH_L3_01,2023-09-05 16:00:00,Shift C (Night),480,480,0,,855,838,17,100.0,960.0,89.06,98.01,87.29,MCH_L3,World Class (≥85%)
SFT_00744,MCH_L2_04,2023-09-06 00:00:00,Shift A (Morning),480,480,0,,859,840,19,100.0,960.0,89.48,97.79,87.5,MCH_L2,World Class (≥85%)
SFT_00745,MCH_L3_03,2023-09-06 08:00:00,Shift B (Evening),480,480,0,,856,826,30,100.0,960.0,89.17,96.5,86.05,MCH_L3,World Class (≥85%)
SFT_00746,MCH_L1_03,2023-09-06 16:00:00,Shift C (Night),480,469,11,Pressure Loss,916,889,27,97.71,938.0,97.65,97.05,92.6,MCH_L1,World Class (≥85%)
SFT_00747,MCH_L2_03,2023-09-07 00:00:00,Shift A (Morning),480,480,0,,875,856,19,100.0,960.0,91.15,97.83,89.17,MCH_L2,World Class (≥85%)
SFT_00748,MCH_L3_01,2023-09-07 08:00:00,Shift B (Evening),480,480,0,,909,883,26,100.0,960.0,94.69,97.14,91.98,MCH_L3,World Class (≥85%)
SFT_00749,MCH_L2_03,2023-09-07 16:00:00,Shift C (Night),480,480,0,,858,822,36,100.0,960.0,89.38,95.8,85.63,MCH_L2,World Class (≥85%)
SFT_00750,MCH_L1_05,2023-09-08 00:00:00,Shift A (Morning),480,480,0,,883,873,10,100.0,960.0,91.98,98.87,90.94,MCH_L1,World Class (≥85%)
SFT_00751,MCH_L3_05,2023-09-08 08:00:00,Shift B (Evening),480,480,0,,939,911,28,100.0,960.0,97.81,97.02,94.9,MCH_L3,World Class (≥85%)
SFT_00752,MCH_L1_04,2023-09-08 16:00:00,Shift C (Night),480,480,0,,846,810,36,100.0,960.0,88.12,95.74,84.37,MCH_L1,Acceptable (65-84%)
SFT_00753,MCH_L2_03,2023-09-09 00:00:00,Shift A (Morning),480,480,0,,849,832,17,100.0,960.0,88.44,98.0,86.67,MCH_L2,World Class (≥85%)
SFT_00754,MCH_L1_04,2023-09-09 08:00:00,Shift B (Evening),480,452,28,Material Starvation,810,777,33,94.17,904.0,89.6,95.93,80.94,MCH_L1,Acceptable (65-84%)
SFT_00755,MCH_L2_04,2023-09-09 16:00:00,Shift C (Night),480,469,11,Tool Breakdown,870,846,24,97.71,938.0,92.75,97.24,88.12,MCH_L2,World Class (≥85%)
SFT_00756,MCH_L3_04,2023-09-10 00:00:00,Shift A (Morning),480,480,0,,849,821,28,100.0,960.0,88.44,96.7,85.52,MCH_L3,World Class (≥85%)
SFT_00757,MCH_L2_04,2023-09-10 08:00:00,Shift B (Evening),480,425,55,Tool Breakdown,764,745,19,88.54,850.0,89.88,97.51,77.6,MCH_L2,Acceptable (65-84%)
SFT_00758,MCH_L3_01,2023-09-10 16:00:00,Shift C (Night),480,480,0,,900,872,28,100.0,960.0,93.75,96.89,90.83,MCH_L3,World Class (≥85%)
SFT_00759,MCH_L3_04,2023-09-11 00:00:00,Shift A (Morning),480,468,12,Tool Breakdown,861,832,29,97.5,936.0,91.99,96.63,86.67,MCH_L3,World Class (≥85%)
SFT_00760,MCH_L3_01,2023-09-11 08:00:00,Shift B (Evening),480,480,0,,867,830,37,100.0,960.0,90.31,95.73,86.45,MCH_L3,World Class (≥85%)
SFT_00761,MCH_L3_01,2023-09-11 16:00:00,Shift C (Night),480,480,0,,865,849,16,100.0,960.0,90.1,98.15,88.43,MCH_L3,World Class (≥85%)
SFT_00762,MCH_L2_03,2023-09-12 00:00:00,Shift A (Morning),480,480,0,,905,868,37,100.0,960.0,94.27,95.91,90.41,MCH_L2,World Class (≥85%)
SFT_00763,MCH_L3_01,2023-09-12 08:00:00,Shift B (Evening),480,466,14,Tool Breakdown,876,853,23,97.08,932.0,93.99,97.37,88.85,MCH_L3,World Class (≥85%)
SFT_00764,MCH_L2_02,2023-09-12 16:00:00,Shift C (Night),480,480,0,,907,879,28,100.0,960.0,94.48,96.91,91.56,MCH_L2,World Class (≥85%)
SFT_00765,MCH_L3_01,2023-09-13 00:00:00,Shift A (Morning),480,480,0,,883,869,14,100.0,960.0,91.98,98.41,90.52,MCH_L3,World Class (≥85%)
SFT_00766,MCH_L3_01,2023-09-13 08:00:00,Shift B (Evening),480,480,0,,892,857,35,100.0,960.0,92.92,96.08,89.28,MCH_L3,World Class (≥85%)
SFT_00767,MCH_L3_03,2023-09-13 16:00:00,Shift C (Night),480,480,0,,873,845,28,100.0,960.0,90.94,96.79,88.02,MCH_L3,World Class (≥85%)
SFT_00768,MCH_L3_01,2023-09-14 00:00:00,Shift A (Morning),480,480,0,,915,893,22,100.0,960.0,95.31,97.6,93.02,MCH_L3,World Class (≥85%)
SFT_00769,MCH_L2_05,2023-09-14 08:00:00,Shift B (Evening),480,480,0,,873,849,24,100.0,960.0,90.94,97.25,88.44,MCH_L2,World Class (≥85%)
SFT_00770,MCH_L3_05,2023-09-14 16:00:00,Shift C (Night),480,480,0,,936,895,41,100.0,960.0,97.5,95.62,93.23,MCH_L3,World Class (≥85%)
SFT_00771,MCH_L3_02,2023-09-15 00:00:00,Shift A (Morning),480,480,0,,899,867,32,100.0,960.0,93.65,96.44,90.32,MCH_L3,World Class (≥85%)
SFT_00772,MCH_L3_02,2023-09-15 08:00:00,Shift B (Evening),480,435,45,Tool Breakdown,851,812,39,90.62,870.0,97.82,95.42,84.58,MCH_L3,Acceptable (65-84%)
SFT_00773,MCH_L3_02,2023-09-15 16:00:00,Shift C (Night),480,425,55,Tool Breakdown,806,777,29,88.54,850.0,94.82,96.4,80.93,MCH_L3,Acceptable (65-84%)
SFT_00774,MCH_L2_01,2023-09-16 00:00:00,Shift A (Morning),480,480,0,,893,864,29,100.0,960.0,93.02,96.75,90.0,MCH_L2,World Class (≥85%)
SFT_00775,MCH_L1_05,2023-09-16 08:00:00,Shift B (Evening),480,469,11,Calibration Lag,829,807,22,97.71,938.0,88.38,97.35,84.07,MCH_L1,Acceptable (65-84%)
SFT_00776,MCH_L3_04,2023-09-16 16:00:00,Shift C (Night),480,480,0,,864,830,34,100.0,960.0,90.0,96.06,86.45,MCH_L3,World Class (≥85%)
SFT_00777,MCH_L3_01,2023-09-17 00:00:00,Shift A (Morning),480,480,0,,911,893,18,100.0,960.0,94.9,98.02,93.02,MCH_L3,World Class (≥85%)
SFT_00778,MCH_L2_01,2023-09-17 08:00:00,Shift B (Evening),480,480,0,,890,861,29,100.0,960.0,92.71,96.74,89.69,MCH_L2,World Class (≥85%)
SFT_00779,MCH_L3_03,2023-09-17 16:00:00,Shift C (Night),480,480,0,,855,817,38,100.0,960.0,89.06,95.56,85.11,MCH_L3,World Class (≥85%)
SFT_00780,MCH_L1_02,2023-09-18 00:00:00,Shift A (Morning),480,480,0,,901,878,23,100.0,960.0,93.85,97.45,91.46,MCH_L1,World Class (≥85%)
SFT_00781,MCH_L3_01,2023-09-18 08:00:00,Shift B (Evening),480,480,0,,886,857,29,100.0,960.0,92.29,96.73,89.27,MCH_L3,World Class (≥85%)
SFT_00782,MCH_L1_03,2023-09-18 16:00:00,Shift C (Night),480,480,0,,912,895,17,100.0,960.0,95.0,98.14,93.23,MCH_L1,World Class (≥85%)
SFT_00783,MCH_L3_05,2023-09-19 00:00:00,Shift A (Morning),480,412,68,Pressure Loss,752,731,21,85.83,824.0,91.26,97.21,76.14,MCH_L3,Acceptable (65-84%)
SFT_00784,MCH_L2_01,2023-09-19 08:00:00,Shift B (Evening),480,475,5,Tool Breakdown,897,877,20,98.96,950.0,94.42,97.77,91.35,MCH_L2,World Class (≥85%)
SFT_00785,MCH_L1_02,2023-09-19 16:00:00,Shift C (Night),480,480,0,,918,879,39,100.0,960.0,95.62,95.75,91.56,MCH_L1,World Class (≥85%)
SFT_00786,MCH_L3_04,2023-09-20 00:00:00,Shift A (Morning),480,480,0,,928,917,11,100.0,960.0,96.67,98.81,95.52,MCH_L3,World Class (≥85%)
SFT_00787,MCH_L2_05,2023-09-20 08:00:00,Shift B (Evening),480,474,6,Tool Breakdown,920,894,26,98.75,948.0,97.05,97.17,93.12,MCH_L2,World Class (≥85%)
SFT_00788,MCH_L2_04,2023-09-20 16:00:00,Shift C (Night),480,480,0,,884,869,15,100.0,960.0,92.08,98.3,90.51,MCH_L2,World Class (≥85%)
SFT_00789,MCH_L3_05,2023-09-21 00:00:00,Shift A (Morning),480,480,0,,924,911,13,100.0,960.0,96.25,98.59,94.89,MCH_L3,World Class (≥85%)
SFT_00790,MCH_L2_02,2023-09-21 08:00:00,Shift B (Evening),480,414,66,Tool Breakdown,752,744,8,86.25,828.0,90.82,98.94,77.5,MCH_L2,Acceptable (65-84%)
SFT_00791,MCH_L2_03,2023-09-21 16:00:00,Shift C (Night),480,440,40,Material Starvation,800,769,31,91.67,880.0,90.91,96.12,80.1,MCH_L2,Acceptable (65-84%)
SFT_00792,MCH_L3_05,2023-09-22 00:00:00,Shift A (Morning),480,480,0,,870,839,31,100.0,960.0,90.62,96.44,87.39,MCH_L3,World Class (≥85%)
SFT_00793,MCH_L2_04,2023-09-22 08:00:00,Shift B (Evening),480,480,0,,937,902,35,100.0,960.0,97.6,96.26,93.95,MCH_L2,World Class (≥85%)
SFT_00794,MCH_L3_01,2023-09-22 16:00:00,Shift C (Night),480,480,0,,849,813,36,100.0,960.0,88.44,95.76,84.69,MCH_L3,Acceptable (65-84%)
SFT_00795,MCH_L1_03,2023-09-23 00:00:00,Shift A (Morning),480,480,0,,866,834,32,100.0,960.0,90.21,96.3,86.87,MCH_L1,World Class (≥85%)
SFT_00796,MCH_L3_03,2023-09-23 08:00:00,Shift B (Evening),480,472,8,Tool Breakdown,874,841,33,98.33,944.0,92.58,96.22,87.59,MCH_L3,World Class (≥85%)
SFT_00797,MCH_L1_02,2023-09-23 16:00:00,Shift C (Night),480,480,0,,909,864,45,100.0,960.0,94.69,95.05,90.0,MCH_L1,World Class (≥85%)
SFT_00798,MCH_L1_05,2023-09-24 00:00:00,Shift A (Morning),480,480,0,,894,856,38,100.0,960.0,93.12,95.75,89.16,MCH_L1,World Class (≥85%)
SFT_00799,MCH_L2_04,2023-09-24 08:00:00,Shift B (Evening),480,480,0,,888,849,39,100.0,960.0,92.5,95.61,88.44,MCH_L2,World Class (≥85%)
SFT_00800,MCH_L1_03,2023-09-24 16:00:00,Shift C (Night),480,480,0,,919,898,21,100.0,960.0,95.73,97.71,93.54,MCH_L1,World Class (≥85%)
SFT_00801,MCH_L3_02,2023-09-25 00:00:00,Shift A (Morning),480,480,0,,931,900,31,100.0,960.0,96.98,96.67,93.75,MCH_L3,World Class (≥85%)
SFT_00802,MCH_L3_04,2023-09-25 08:00:00,Shift B (Evening),480,433,47,Pressure Loss,784,762,22,90.21,866.0,90.53,97.19,79.37,MCH_L3,Acceptable (65-84%)
SFT_00803,MCH_L3_01,2023-09-25 16:00:00,Shift C (Night),480,480,0,,908,874,34,100.0,960.0,94.58,96.26,91.04,MCH_L3,World Class (≥85%)
SFT_00804,MCH_L2_05,2023-09-26 00:00:00,Shift A (Morning),480,480,0,,915,903,12,100.0,960.0,95.31,98.69,94.06,MCH_L2,World Class (≥85%)
SFT_00805,MCH_L2_04,2023-09-26 08:00:00,Shift B (Evening),480,480,0,,870,844,26,100.0,960.0,90.62,97.01,87.91,MCH_L2,World Class (≥85%)
SFT_00806,MCH_L1_05,2023-09-26 16:00:00,Shift C (Night),480,480,0,,862,836,26,100.0,960.0,89.79,96.98,87.08,MCH_L1,World Class (≥85%)
SFT_00807,MCH_L2_03,2023-09-27 00:00:00,Shift A (Morning),480,480,0,,904,872,32,100.0,960.0,94.17,96.46,90.84,MCH_L2,World Class (≥85%)
SFT_00808,MCH_L3_04,2023-09-27 08:00:00,Shift B (Evening),480,480,0,,891,862,29,100.0,960.0,92.81,96.75,89.79,MCH_L3,World Class (≥85%)
SFT_00809,MCH_L1_05,2023-09-27 16:00:00,Shift C (Night),480,480,0,,848,835,13,100.0,960.0,88.33,98.47,86.98,MCH_L1,World Class (≥85%)
SFT_00810,MCH_L2_04,2023-09-28 00:00:00,Shift A (Morning),480,480,0,,899,862,37,100.0,960.0,93.65,95.88,89.79,MCH_L2,World Class (≥85%)
SFT_00811,MCH_L3_05,2023-09-28 08:00:00,Shift B (Evening),480,480,0,,867,839,28,100.0,960.0,90.31,96.77,87.39,MCH_L3,World Class (≥85%)
SFT_00812,MCH_L1_04,2023-09-28 16:00:00,Shift C (Night),480,480,0,,885,870,15,100.0,960.0,92.19,98.31,90.63,MCH_L1,World Class (≥85%)
SFT_00813,MCH_L3_02,2023-09-29 00:00:00,Shift A (Morning),480,480,0,,891,866,25,100.0,960.0,92.81,97.19,90.2,MCH_L3,World Class (≥85%)
SFT_00814,MCH_L3_02,2023-09-29 08:00:00,Shift B (Evening),480,480,0,,911,902,9,100.0,960.0,94.9,99.01,93.96,MCH_L3,World Class (≥85%)
SFT_00815,MCH_L2_05,2023-09-29 16:00:00,Shift C (Night),480,462,18,Pressure Loss,882,847,35,96.25,924.0,95.45,96.03,88.22,MCH_L2,World Class (≥85%)
SFT_00816,MCH_L2_03,2023-09-30 00:00:00,Shift A (Morning),480,480,0,,847,810,37,100.0,960.0,88.23,95.63,84.37,MCH_L2,Acceptable (65-84%)
SFT_00817,MCH_L2_01,2023-09-30 08:00:00,Shift B (Evening),480,431,49,Calibration Lag,784,771,13,89.79,862.0,90.95,98.34,80.31,MCH_L2,Acceptable (65-84%)
SFT_00818,MCH_L2_01,2023-09-30 16:00:00,Shift C (Night),480,480,0,,894,885,9,100.0,960.0,93.12,98.99,92.18,MCH_L2,World Class (≥85%)
SFT_00819,MCH_L3_05,2023-10-01 00:00:00,Shift A (Morning),480,480,0,,901,859,42,100.0,960.0,93.85,95.34,89.48,MCH_L3,World Class (≥85%)
SFT_00820,MCH_L2_02,2023-10-01 08:00:00,Shift B (Evening),480,480,0,,848,821,27,100.0,960.0,88.33,96.82,85.52,MCH_L2,World Class (≥85%)
SFT_00821,MCH_L2_05,2023-10-01 16:00:00,Shift C (Night),480,480,0,,895,855,40,100.0,960.0,93.23,95.53,89.06,MCH_L2,World Class (≥85%)
SFT_00822,MCH_L2_01,2023-10-02 00:00:00,Shift A (Morning),480,480,0,,885,849,36,100.0,960.0,92.19,95.93,88.44,MCH_L2,World Class (≥85%)
SFT_00823,MCH_L2_04,2023-10-02 08:00:00,Shift B (Evening),480,480,0,,881,854,27,100.0,960.0,91.77,96.94,88.96,MCH_L2,World Class (≥85%)
SFT_00824,MCH_L3_03,2023-10-02 16:00:00,Shift C (Night),480,480,0,,911,880,31,100.0,960.0,94.9,96.6,91.67,MCH_L3,World Class (≥85%)
SFT_00825,MCH_L1_05,2023-10-03 00:00:00,Shift A (Morning),480,480,0,,902,858,44,100.0,960.0,93.96,95.12,89.37,MCH_L1,World Class (≥85%)
SFT_00826,MCH_L3_05,2023-10-03 08:00:00,Shift B (Evening),480,480,0,,927,886,41,100.0,960.0,96.56,95.58,92.29,MCH_L3,World Class (≥85%)
SFT_00827,MCH_L3_05,2023-10-03 16:00:00,Shift C (Night),480,442,38,Calibration Lag,789,768,21,92.08,884.0,89.25,97.34,80.0,MCH_L3,Acceptable (65-84%)
SFT_00828,MCH_L2_02,2023-10-04 00:00:00,Shift A (Morning),480,425,55,Tool Breakdown,752,721,31,88.54,850.0,88.47,95.88,75.1,MCH_L2,Acceptable (65-84%)
SFT_00829,MCH_L2_04,2023-10-04 08:00:00,Shift B (Evening),480,480,0,,922,880,42,100.0,960.0,96.04,95.44,91.66,MCH_L2,World Class (≥85%)
SFT_00830,MCH_L2_03,2023-10-04 16:00:00,Shift C (Night),480,469,11,Calibration Lag,890,880,10,97.71,938.0,94.88,98.88,91.67,MCH_L2,World Class (≥85%)
SFT_00831,MCH_L3_02,2023-10-05 00:00:00,Shift A (Morning),480,388,92,Material Starvation,741,712,29,80.83,776.0,95.49,96.09,74.17,MCH_L3,Acceptable (65-84%)
SFT_00832,MCH_L2_03,2023-10-05 08:00:00,Shift B (Evening),480,480,0,,900,878,22,100.0,960.0,93.75,97.56,91.46,MCH_L2,World Class (≥85%)
SFT_00833,MCH_L1_05,2023-10-05 16:00:00,Shift C (Night),480,480,0,,898,866,32,100.0,960.0,93.54,96.44,90.21,MCH_L1,World Class (≥85%)
SFT_00834,MCH_L2_02,2023-10-06 00:00:00,Shift A (Morning),480,480,0,,937,923,14,100.0,960.0,97.6,98.51,96.15,MCH_L2,World Class (≥85%)
SFT_00835,MCH_L3_01,2023-10-06 08:00:00,Shift B (Evening),480,480,0,,865,842,23,100.0,960.0,90.1,97.34,87.7,MCH_L3,World Class (≥85%)
SFT_00836,MCH_L3_03,2023-10-06 16:00:00,Shift C (Night),480,480,0,,928,907,21,100.0,960.0,96.67,97.74,94.49,MCH_L3,World Class (≥85%)
SFT_00837,MCH_L3_02,2023-10-07 00:00:00,Shift A (Morning),480,480,0,,902,880,22,100.0,960.0,93.96,97.56,91.67,MCH_L3,World Class (≥85%)
SFT_00838,MCH_L2_05,2023-10-07 08:00:00,Shift B (Evening),480,480,0,,869,836,33,100.0,960.0,90.52,96.2,87.08,MCH_L2,World Class (≥85%)
SFT_00839,MCH_L1_01,2023-10-07 16:00:00,Shift C (Night),480,480,0,,928,890,38,100.0,960.0,96.67,95.91,92.72,MCH_L1,World Class (≥85%)
SFT_00840,MCH_L1_03,2023-10-08 00:00:00,Shift A (Morning),480,468,12,Calibration Lag,835,797,38,97.5,936.0,89.21,95.45,83.02,MCH_L1,Acceptable (65-84%)
SFT_00841,MCH_L3_04,2023-10-08 08:00:00,Shift B (Evening),480,480,0,,870,850,20,100.0,960.0,90.62,97.7,88.54,MCH_L3,World Class (≥85%)
SFT_00842,MCH_L1_04,2023-10-08 16:00:00,Shift C (Night),480,480,0,,907,868,39,100.0,960.0,94.48,95.7,90.42,MCH_L1,World Class (≥85%)
SFT_00843,MCH_L1_04,2023-10-09 00:00:00,Shift A (Morning),480,480,0,,917,908,9,100.0,960.0,95.52,99.02,94.58,MCH_L1,World Class (≥85%)
SFT_00844,MCH_L2_02,2023-10-09 08:00:00,Shift B (Evening),480,480,0,,887,873,14,100.0,960.0,92.4,98.42,90.94,MCH_L2,World Class (≥85%)
SFT_00845,MCH_L3_03,2023-10-09 16:00:00,Shift C (Night),480,480,0,,931,894,37,100.0,960.0,96.98,96.03,93.13,MCH_L3,World Class (≥85%)
SFT_00846,MCH_L2_04,2023-10-10 00:00:00,Shift A (Morning),480,478,2,Tool Breakdown,868,854,14,99.58,956.0,90.79,98.39,88.95,MCH_L2,World Class (≥85%)
SFT_00847,MCH_L2_05,2023-10-10 08:00:00,Shift B (Evening),480,480,0,,911,895,16,100.0,960.0,94.9,98.24,93.23,MCH_L2,World Class (≥85%)
SFT_00848,MCH_L3_01,2023-10-10 16:00:00,Shift C (Night),480,480,0,,859,848,11,100.0,960.0,89.48,98.72,88.33,MCH_L3,World Class (≥85%)
SFT_00849,MCH_L3_02,2023-10-11 00:00:00,Shift A (Morning),480,473,7,Material Starvation,874,863,11,98.54,946.0,92.39,98.74,89.89,MCH_L3,World Class (≥85%)
SFT_00850,MCH_L2_03,2023-10-11 08:00:00,Shift B (Evening),480,480,0,,902,893,9,100.0,960.0,93.96,99.0,93.02,MCH_L2,World Class (≥85%)
SFT_00851,MCH_L1_04,2023-10-11 16:00:00,Shift C (Night),480,452,28,Material Starvation,859,840,19,94.17,904.0,95.02,97.79,87.5,MCH_L1,World Class (≥85%)
SFT_00852,MCH_L1_05,2023-10-12 00:00:00,Shift A (Morning),480,480,0,,869,829,40,100.0,960.0,90.52,95.4,86.36,MCH_L1,World Class (≥85%)
SFT_00853,MCH_L3_05,2023-10-12 08:00:00,Shift B (Evening),480,480,0,,904,882,22,100.0,960.0,94.17,97.57,91.88,MCH_L3,World Class (≥85%)
SFT_00854,MCH_L3_05,2023-10-12 16:00:00,Shift C (Night),480,480,0,,918,885,33,100.0,960.0,95.62,96.41,92.19,MCH_L3,World Class (≥85%)
SFT_00855,MCH_L1_02,2023-10-13 00:00:00,Shift A (Morning),480,480,0,,871,833,38,100.0,960.0,90.73,95.64,86.77,MCH_L1,World Class (≥85%)
SFT_00856,MCH_L2_01,2023-10-13 08:00:00,Shift B (Evening),480,480,0,,886,852,34,100.0,960.0,92.29,96.16,88.75,MCH_L2,World Class (≥85%)
SFT_00857,MCH_L2_04,2023-10-13 16:00:00,Shift C (Night),480,449,31,Tool Breakdown,832,791,41,93.54,898.0,92.65,95.07,82.39,MCH_L2,Acceptable (65-84%)
SFT_00858,MCH_L1_05,2023-10-14 00:00:00,Shift A (Morning),480,480,0,,895,882,13,100.0,960.0,93.23,98.55,91.88,MCH_L1,World Class (≥85%)
SFT_00859,MCH_L1_02,2023-10-14 08:00:00,Shift B (Evening),480,480,0,,875,864,11,100.0,960.0,91.15,98.74,90.0,MCH_L1,World Class (≥85%)
SFT_00860,MCH_L2_05,2023-10-14 16:00:00,Shift C (Night),480,480,0,,938,910,28,100.0,960.0,97.71,97.01,94.79,MCH_L2,World Class (≥85%)
SFT_00861,MCH_L1_04,2023-10-15 00:00:00,Shift A (Morning),480,480,0,,863,849,14,100.0,960.0,89.9,98.38,88.44,MCH_L1,World Class (≥85%)
SFT_00862,MCH_L3_04,2023-10-15 08:00:00,Shift B (Evening),480,480,0,,846,828,18,100.0,960.0,88.12,97.87,86.24,MCH_L3,World Class (≥85%)
SFT_00863,MCH_L2_02,2023-10-15 16:00:00,Shift C (Night),480,480,0,,861,823,38,100.0,960.0,89.69,95.59,85.73,MCH_L2,World Class (≥85%)
SFT_00864,MCH_L3_05,2023-10-16 00:00:00,Shift A (Morning),480,475,5,Pressure Loss,880,861,19,98.96,950.0,92.63,97.84,89.69,MCH_L3,World Class (≥85%)
SFT_00865,MCH_L1_01,2023-10-16 08:00:00,Shift B (Evening),480,431,49,Tool Breakdown,767,760,7,89.79,862.0,88.98,99.09,79.17,MCH_L1,Acceptable (65-84%)
SFT_00866,MCH_L3_03,2023-10-16 16:00:00,Shift C (Night),480,480,0,,913,889,24,100.0,960.0,95.1,97.37,92.6,MCH_L3,World Class (≥85%)
SFT_00867,MCH_L1_03,2023-10-17 00:00:00,Shift A (Morning),480,472,8,Material Starvation,839,809,30,98.33,944.0,88.88,96.42,84.27,MCH_L1,Acceptable (65-84%)
SFT_00868,MCH_L1_05,2023-10-17 08:00:00,Shift B (Evening),480,443,37,Tool Breakdown,852,827,25,92.29,886.0,96.16,97.07,86.15,MCH_L1,World Class (≥85%)
SFT_00869,MCH_L2_04,2023-10-17 16:00:00,Shift C (Night),480,462,18,Material Starvation,825,792,33,96.25,924.0,89.29,96.0,82.5,MCH_L2,Acceptable (65-84%)
SFT_00870,MCH_L3_05,2023-10-18 00:00:00,Shift A (Morning),480,480,0,,869,830,39,100.0,960.0,90.52,95.51,86.46,MCH_L3,World Class (≥85%)
SFT_00871,MCH_L1_05,2023-10-18 08:00:00,Shift B (Evening),480,476,4,Material Starvation,896,875,21,99.17,952.0,94.12,97.66,91.15,MCH_L1,World Class (≥85%)
SFT_00872,MCH_L3_02,2023-10-18 16:00:00,Shift C (Night),480,480,0,,936,915,21,100.0,960.0,97.5,97.76,95.32,MCH_L3,World Class (≥85%)
SFT_00873,MCH_L1_02,2023-10-19 00:00:00,Shift A (Morning),480,480,0,,859,838,21,100.0,960.0,89.48,97.56,87.3,MCH_L1,World Class (≥85%)
SFT_00874,MCH_L1_04,2023-10-19 08:00:00,Shift B (Evening),480,480,0,,898,864,34,100.0,960.0,93.54,96.21,89.99,MCH_L1,World Class (≥85%)
SFT_00875,MCH_L1_05,2023-10-19 16:00:00,Shift C (Night),480,480,0,,899,884,15,100.0,960.0,93.65,98.33,92.09,MCH_L1,World Class (≥85%)
SFT_00876,MCH_L3_05,2023-10-20 00:00:00,Shift A (Morning),480,480,0,,917,895,22,100.0,960.0,95.52,97.6,93.23,MCH_L3,World Class (≥85%)
SFT_00877,MCH_L2_04,2023-10-20 08:00:00,Shift B (Evening),480,480,0,,862,837,25,100.0,960.0,89.79,97.1,87.19,MCH_L2,World Class (≥85%)
SFT_00878,MCH_L2_01,2023-10-20 16:00:00,Shift C (Night),480,480,0,,849,808,41,100.0,960.0,88.44,95.17,84.17,MCH_L2,Acceptable (65-84%)
SFT_00879,MCH_L2_02,2023-10-21 00:00:00,Shift A (Morning),480,480,0,,938,915,23,100.0,960.0,97.71,97.55,95.32,MCH_L2,World Class (≥85%)
SFT_00880,MCH_L3_01,2023-10-21 08:00:00,Shift B (Evening),480,480,0,,862,844,18,100.0,960.0,89.79,97.91,87.91,MCH_L3,World Class (≥85%)
SFT_00881,MCH_L1_05,2023-10-21 16:00:00,Shift C (Night),480,480,0,,870,857,13,100.0,960.0,90.62,98.51,89.27,MCH_L1,World Class (≥85%)
SFT_00882,MCH_L3_04,2023-10-22 00:00:00,Shift A (Morning),480,480,0,,885,872,13,100.0,960.0,92.19,98.53,90.83,MCH_L3,World Class (≥85%)
SFT_00883,MCH_L2_02,2023-10-22 08:00:00,Shift B (Evening),480,480,0,,908,866,42,100.0,960.0,94.58,95.37,90.2,MCH_L2,World Class (≥85%)
SFT_00884,MCH_L1_01,2023-10-22 16:00:00,Shift C (Night),480,480,0,,866,830,36,100.0,960.0,90.21,95.84,86.46,MCH_L1,World Class (≥85%)
SFT_00885,MCH_L3_02,2023-10-23 00:00:00,Shift A (Morning),480,480,0,,908,888,20,100.0,960.0,94.58,97.8,92.5,MCH_L3,World Class (≥85%)
SFT_00886,MCH_L3_02,2023-10-23 08:00:00,Shift B (Evening),480,423,57,Material Starvation,781,769,12,88.12,846.0,92.32,98.46,80.1,MCH_L3,Acceptable (65-84%)
SFT_00887,MCH_L3_02,2023-10-23 16:00:00,Shift C (Night),480,480,0,,871,837,34,100.0,960.0,90.73,96.1,87.19,MCH_L3,World Class (≥85%)
SFT_00888,MCH_L3_01,2023-10-24 00:00:00,Shift A (Morning),480,480,0,,921,893,28,100.0,960.0,95.94,96.96,93.02,MCH_L3,World Class (≥85%)
SFT_00889,MCH_L2_03,2023-10-24 08:00:00,Shift B (Evening),480,480,0,,919,877,42,100.0,960.0,95.73,95.43,91.36,MCH_L2,World Class (≥85%)
SFT_00890,MCH_L1_05,2023-10-24 16:00:00,Shift C (Night),480,460,20,Tool Breakdown,851,811,40,95.83,920.0,92.5,95.3,84.48,MCH_L1,Acceptable (65-84%)
SFT_00891,MCH_L1_04,2023-10-25 00:00:00,Shift A (Morning),480,480,0,,894,865,29,100.0,960.0,93.12,96.76,90.1,MCH_L1,World Class (≥85%)
SFT_00892,MCH_L1_04,2023-10-25 08:00:00,Shift B (Evening),480,480,0,,912,901,11,100.0,960.0,95.0,98.79,93.85,MCH_L1,World Class (≥85%)
SFT_00893,MCH_L3_02,2023-10-25 16:00:00,Shift C (Night),480,480,0,,850,827,23,100.0,960.0,88.54,97.29,86.14,MCH_L3,World Class (≥85%)
SFT_00894,MCH_L3_01,2023-10-26 00:00:00,Shift A (Morning),480,480,0,,869,838,31,100.0,960.0,90.52,96.43,87.29,MCH_L3,World Class (≥85%)
SFT_00895,MCH_L1_03,2023-10-26 08:00:00,Shift B (Evening),480,473,7,Material Starvation,902,888,14,98.54,946.0,95.35,98.45,92.5,MCH_L1,World Class (≥85%)
SFT_00896,MCH_L2_03,2023-10-26 16:00:00,Shift C (Night),480,480,0,,897,875,22,100.0,960.0,93.44,97.55,91.15,MCH_L2,World Class (≥85%)
SFT_00897,MCH_L2_04,2023-10-27 00:00:00,Shift A (Morning),480,480,0,,882,850,32,100.0,960.0,91.88,96.37,88.54,MCH_L2,World Class (≥85%)
SFT_00898,MCH_L3_04,2023-10-27 08:00:00,Shift B (Evening),480,480,0,,861,826,35,100.0,960.0,89.69,95.93,86.04,MCH_L3,World Class (≥85%)
SFT_00899,MCH_L1_05,2023-10-27 16:00:00,Shift C (Night),480,480,0,,897,855,42,100.0,960.0,93.44,95.32,89.07,MCH_L1,World Class (≥85%)
SFT_00900,MCH_L1_02,2023-10-28 00:00:00,Shift A (Morning),480,480,0,,922,888,34,100.0,960.0,96.04,96.31,92.5,MCH_L1,World Class (≥85%)
SFT_00901,MCH_L1_02,2023-10-28 08:00:00,Shift B (Evening),480,480,0,,861,850,11,100.0,960.0,89.69,98.72,88.54,MCH_L1,World Class (≥85%)
SFT_00902,MCH_L2_04,2023-10-28 16:00:00,Shift C (Night),480,431,49,Tool Breakdown,807,789,18,89.79,862.0,93.62,97.77,82.19,MCH_L2,Acceptable (65-84%)
SFT_00903,MCH_L1_05,2023-10-29 00:00:00,Shift A (Morning),480,474,6,Tool Breakdown,924,878,46,98.75,948.0,97.47,95.02,91.46,MCH_L1,World Class (≥85%)
SFT_00904,MCH_L3_04,2023-10-29 08:00:00,Shift B (Evening),480,480,0,,863,839,24,100.0,960.0,89.9,97.22,87.4,MCH_L3,World Class (≥85%)
SFT_00905,MCH_L3_01,2023-10-29 16:00:00,Shift C (Night),480,480,0,,877,843,34,100.0,960.0,91.35,96.12,87.81,MCH_L3,World Class (≥85%)
SFT_00906,MCH_L2_03,2023-10-30 00:00:00,Shift A (Morning),480,480,0,,882,846,36,100.0,960.0,91.88,95.92,88.13,MCH_L2,World Class (≥85%)
SFT_00907,MCH_L1_05,2023-10-30 08:00:00,Shift B (Evening),480,480,0,,927,905,22,100.0,960.0,96.56,97.63,94.27,MCH_L1,World Class (≥85%)
SFT_00908,MCH_L1_03,2023-10-30 16:00:00,Shift C (Night),480,480,0,,925,899,26,100.0,960.0,96.35,97.19,93.64,MCH_L1,World Class (≥85%)
SFT_00909,MCH_L2_02,2023-10-31 00:00:00,Shift A (Morning),480,462,18,Calibration Lag,860,821,39,96.25,924.0,93.07,95.47,85.52,MCH_L2,World Class (≥85%)
SFT_00910,MCH_L1_01,2023-10-31 08:00:00,Shift B (Evening),480,480,0,,855,833,22,100.0,960.0,89.06,97.43,86.77,MCH_L1,World Class (≥85%)
SFT_00911,MCH_L3_04,2023-10-31 16:00:00,Shift C (Night),480,480,0,,918,894,24,100.0,960.0,95.62,97.39,93.12,MCH_L3,World Class (≥85%)
SFT_00912,MCH_L1_01,2023-11-01 00:00:00,Shift A (Morning),480,448,32,Material Starvation,805,782,23,93.33,896.0,89.84,97.14,81.45,MCH_L1,Acceptable (65-84%)
SFT_00913,MCH_L2_03,2023-11-01 08:00:00,Shift B (Evening),480,480,0,,914,873,41,100.0,960.0,95.21,95.51,90.94,MCH_L2,World Class (≥85%)
SFT_00914,MCH_L2_04,2023-11-01 16:00:00,Shift C (Night),480,439,41,Tool Breakdown,803,781,22,91.46,878.0,91.46,97.26,81.36,MCH_L2,Acceptable (65-84%)
SFT_00915,MCH_L2_01,2023-11-02 00:00:00,Shift A (Morning),480,480,0,,892,867,25,100.0,960.0,92.92,97.2,90.32,MCH_L2,World Class (≥85%)
SFT_00916,MCH_L3_03,2023-11-02 08:00:00,Shift B (Evening),480,480,0,,890,865,25,100.0,960.0,92.71,97.19,90.1,MCH_L3,World Class (≥85%)
SFT_00917,MCH_L3_05,2023-11-02 16:00:00,Shift C (Night),480,401,79,Pressure Loss,725,715,10,83.54,802.0,90.4,98.62,74.48,MCH_L3,Acceptable (65-84%)
SFT_00918,MCH_L2_01,2023-11-03 00:00:00,Shift A (Morning),480,480,0,,865,851,14,100.0,960.0,90.1,98.38,88.64,MCH_L2,World Class (≥85%)
SFT_00919,MCH_L2_02,2023-11-03 08:00:00,Shift B (Evening),480,480,0,,886,862,24,100.0,960.0,92.29,97.29,89.79,MCH_L2,World Class (≥85%)
SFT_00920,MCH_L3_04,2023-11-03 16:00:00,Shift C (Night),480,480,0,,860,841,19,100.0,960.0,89.58,97.79,87.6,MCH_L3,World Class (≥85%)
SFT_00921,MCH_L3_03,2023-11-04 00:00:00,Shift A (Morning),480,480,0,,876,863,13,100.0,960.0,91.25,98.52,89.9,MCH_L3,World Class (≥85%)
SFT_00922,MCH_L3_03,2023-11-04 08:00:00,Shift B (Evening),480,411,69,Material Starvation,749,731,18,85.62,822.0,91.12,97.6,76.14,MCH_L3,Acceptable (65-84%)
SFT_00923,MCH_L2_05,2023-11-04 16:00:00,Shift C (Night),480,431,49,Calibration Lag,823,792,31,89.79,862.0,95.48,96.23,82.5,MCH_L2,Acceptable (65-84%)
SFT_00924,MCH_L1_04,2023-11-05 00:00:00,Shift A (Morning),480,480,0,,846,826,20,100.0,960.0,88.12,97.64,86.04,MCH_L1,World Class (≥85%)
SFT_00925,MCH_L3_05,2023-11-05 08:00:00,Shift B (Evening),480,480,0,,872,849,23,100.0,960.0,90.83,97.36,88.43,MCH_L3,World Class (≥85%)
SFT_00926,MCH_L2_04,2023-11-05 16:00:00,Shift C (Night),480,480,0,,859,837,22,100.0,960.0,89.48,97.44,87.19,MCH_L2,World Class (≥85%)
SFT_00927,MCH_L2_01,2023-11-06 00:00:00,Shift A (Morning),480,480,0,,868,837,31,100.0,960.0,90.42,96.43,87.19,MCH_L2,World Class (≥85%)
SFT_00928,MCH_L1_01,2023-11-06 08:00:00,Shift B (Evening),480,480,0,,882,842,40,100.0,960.0,91.88,95.46,87.71,MCH_L1,World Class (≥85%)
SFT_00929,MCH_L3_05,2023-11-06 16:00:00,Shift C (Night),480,356,124,Tool Breakdown,632,619,13,74.17,712.0,88.76,97.94,64.48,MCH_L3,Critical Bottleneck (<65%)
SFT_00930,MCH_L3_01,2023-11-07 00:00:00,Shift A (Morning),480,480,0,,901,889,12,100.0,960.0,93.85,98.67,92.6,MCH_L3,World Class (≥85%)
SFT_00931,MCH_L3_02,2023-11-07 08:00:00,Shift B (Evening),480,480,0,,861,836,25,100.0,960.0,89.69,97.1,87.09,MCH_L3,World Class (≥85%)
SFT_00932,MCH_L2_01,2023-11-07 16:00:00,Shift C (Night),480,480,0,,877,844,33,100.0,960.0,91.35,96.24,87.92,MCH_L2,World Class (≥85%)
SFT_00933,MCH_L2_02,2023-11-08 00:00:00,Shift A (Morning),480,480,0,,901,862,39,100.0,960.0,93.85,95.67,89.79,MCH_L2,World Class (≥85%)
SFT_00934,MCH_L3_05,2023-11-08 08:00:00,Shift B (Evening),480,480,0,,846,826,20,100.0,960.0,88.12,97.64,86.04,MCH_L3,World Class (≥85%)
SFT_00935,MCH_L2_03,2023-11-08 16:00:00,Shift C (Night),480,480,0,,851,839,12,100.0,960.0,88.65,98.59,87.4,MCH_L2,World Class (≥85%)
SFT_00936,MCH_L1_05,2023-11-09 00:00:00,Shift A (Morning),480,469,11,Material Starvation,897,865,32,97.71,938.0,95.63,96.43,90.1,MCH_L1,World Class (≥85%)
SFT_00937,MCH_L1_02,2023-11-09 08:00:00,Shift B (Evening),480,480,0,,875,838,37,100.0,960.0,91.15,95.77,87.29,MCH_L1,World Class (≥85%)
SFT_00938,MCH_L3_04,2023-11-09 16:00:00,Shift C (Night),480,480,0,,871,849,22,100.0,960.0,90.73,97.47,88.43,MCH_L3,World Class (≥85%)
SFT_00939,MCH_L3_02,2023-11-10 00:00:00,Shift A (Morning),480,453,27,Pressure Loss,857,838,19,94.38,906.0,94.59,97.78,87.29,MCH_L3,World Class (≥85%)
SFT_00940,MCH_L1_01,2023-11-10 08:00:00,Shift B (Evening),480,480,0,,875,851,24,100.0,960.0,91.15,97.26,88.65,MCH_L1,World Class (≥85%)
SFT_00941,MCH_L1_04,2023-11-10 16:00:00,Shift C (Night),480,480,0,,901,859,42,100.0,960.0,93.85,95.34,89.48,MCH_L1,World Class (≥85%)
SFT_00942,MCH_L2_03,2023-11-11 00:00:00,Shift A (Morning),480,457,23,Tool Breakdown,819,782,37,95.21,914.0,89.61,95.48,81.46,MCH_L2,Acceptable (65-84%)
SFT_00943,MCH_L2_03,2023-11-11 08:00:00,Shift B (Evening),480,480,0,,892,852,40,100.0,960.0,92.92,95.52,88.76,MCH_L2,World Class (≥85%)
SFT_00944,MCH_L2_05,2023-11-11 16:00:00,Shift C (Night),480,480,0,,848,814,34,100.0,960.0,88.33,95.99,84.79,MCH_L2,Acceptable (65-84%)
SFT_00945,MCH_L2_05,2023-11-12 00:00:00,Shift A (Morning),480,480,0,,915,883,32,100.0,960.0,95.31,96.5,91.97,MCH_L2,World Class (≥85%)
SFT_00946,MCH_L1_01,2023-11-12 08:00:00,Shift B (Evening),480,471,9,Pressure Loss,912,881,31,98.12,942.0,96.82,96.6,91.77,MCH_L1,World Class (≥85%)
SFT_00947,MCH_L3_02,2023-11-12 16:00:00,Shift C (Night),480,405,75,Tool Breakdown,769,753,16,84.38,810.0,94.94,97.92,78.44,MCH_L3,Acceptable (65-84%)
SFT_00948,MCH_L1_02,2023-11-13 00:00:00,Shift A (Morning),480,480,0,,858,816,42,100.0,960.0,89.38,95.1,85.0,MCH_L1,World Class (≥85%)
SFT_00949,MCH_L3_05,2023-11-13 08:00:00,Shift B (Evening),480,480,0,,880,859,21,100.0,960.0,91.67,97.61,89.48,MCH_L3,World Class (≥85%)
SFT_00950,MCH_L3_03,2023-11-13 16:00:00,Shift C (Night),480,458,22,Calibration Lag,893,873,20,95.42,916.0,97.49,97.76,90.94,MCH_L3,World Class (≥85%)
SFT_00951,MCH_L2_01,2023-11-14 00:00:00,Shift A (Morning),480,480,0,,933,888,45,100.0,960.0,97.19,95.18,92.51,MCH_L2,World Class (≥85%)
SFT_00952,MCH_L3_01,2023-11-14 08:00:00,Shift B (Evening),480,480,0,,861,842,19,100.0,960.0,89.69,97.79,87.71,MCH_L3,World Class (≥85%)
SFT_00953,MCH_L3_01,2023-11-14 16:00:00,Shift C (Night),480,480,0,,888,855,33,100.0,960.0,92.5,96.28,89.06,MCH_L3,World Class (≥85%)
SFT_00954,MCH_L1_03,2023-11-15 00:00:00,Shift A (Morning),480,480,0,,927,911,16,100.0,960.0,96.56,98.27,94.89,MCH_L1,World Class (≥85%)
SFT_00955,MCH_L3_05,2023-11-15 08:00:00,Shift B (Evening),480,480,0,,860,823,37,100.0,960.0,89.58,95.7,85.73,MCH_L3,World Class (≥85%)
SFT_00956,MCH_L1_05,2023-11-15 16:00:00,Shift C (Night),480,480,0,,899,876,23,100.0,960.0,93.65,97.44,91.25,MCH_L1,World Class (≥85%)
SFT_00957,MCH_L1_03,2023-11-16 00:00:00,Shift A (Morning),480,480,0,,872,854,18,100.0,960.0,90.83,97.94,88.96,MCH_L1,World Class (≥85%)
SFT_00958,MCH_L1_01,2023-11-16 08:00:00,Shift B (Evening),480,480,0,,927,912,15,100.0,960.0,96.56,98.38,95.0,MCH_L1,World Class (≥85%)
SFT_00959,MCH_L2_03,2023-11-16 16:00:00,Shift C (Night),480,480,0,,868,858,10,100.0,960.0,90.42,98.85,89.38,MCH_L2,World Class (≥85%)
SFT_00960,MCH_L2_03,2023-11-17 00:00:00,Shift A (Morning),480,480,0,,884,845,39,100.0,960.0,92.08,95.59,88.02,MCH_L2,World Class (≥85%)
SFT_00961,MCH_L1_01,2023-11-17 08:00:00,Shift B (Evening),480,480,0,,890,859,31,100.0,960.0,92.71,96.52,89.48,MCH_L1,World Class (≥85%)
SFT_00962,MCH_L3_02,2023-11-17 16:00:00,Shift C (Night),480,368,112,Calibration Lag,657,641,16,76.67,736.0,89.27,97.56,66.77,MCH_L3,Acceptable (65-84%)
SFT_00963,MCH_L1_03,2023-11-18 00:00:00,Shift A (Morning),480,480,0,,856,827,29,100.0,960.0,89.17,96.61,86.15,MCH_L1,World Class (≥85%)
SFT_00964,MCH_L2_03,2023-11-18 08:00:00,Shift B (Evening),480,480,0,,911,892,19,100.0,960.0,94.9,97.91,92.92,MCH_L2,World Class (≥85%)
SFT_00965,MCH_L3_01,2023-11-18 16:00:00,Shift C (Night),480,480,0,,939,930,9,100.0,960.0,97.81,99.04,96.87,MCH_L3,World Class (≥85%)
SFT_00966,MCH_L2_02,2023-11-19 00:00:00,Shift A (Morning),480,480,0,,909,867,42,100.0,960.0,94.69,95.38,90.32,MCH_L2,World Class (≥85%)
SFT_00967,MCH_L3_03,2023-11-19 08:00:00,Shift B (Evening),480,480,0,,883,840,43,100.0,960.0,91.98,95.13,87.5,MCH_L3,World Class (≥85%)
SFT_00968,MCH_L3_01,2023-11-19 16:00:00,Shift C (Night),480,480,0,,939,893,46,100.0,960.0,97.81,95.1,93.02,MCH_L3,World Class (≥85%)
SFT_00969,MCH_L1_05,2023-11-20 00:00:00,Shift A (Morning),480,480,0,,925,908,17,100.0,960.0,96.35,98.16,94.58,MCH_L1,World Class (≥85%)
SFT_00970,MCH_L2_01,2023-11-20 08:00:00,Shift B (Evening),480,465,15,Tool Breakdown,905,892,13,96.88,930.0,97.31,98.56,92.92,MCH_L2,World Class (≥85%)
SFT_00971,MCH_L1_03,2023-11-20 16:00:00,Shift C (Night),480,387,93,Calibration Lag,726,691,35,80.62,774.0,93.8,95.18,71.98,MCH_L1,Acceptable (65-84%)
SFT_00972,MCH_L1_04,2023-11-21 00:00:00,Shift A (Morning),480,475,5,Tool Breakdown,899,887,12,98.96,950.0,94.63,98.67,92.4,MCH_L1,World Class (≥85%)
SFT_00973,MCH_L3_04,2023-11-21 08:00:00,Shift B (Evening),480,468,12,Pressure Loss,883,856,27,97.5,936.0,94.34,96.94,89.17,MCH_L3,World Class (≥85%)
SFT_00974,MCH_L1_04,2023-11-21 16:00:00,Shift C (Night),480,480,0,,861,822,39,100.0,960.0,89.69,95.47,85.63,MCH_L1,World Class (≥85%)
SFT_00975,MCH_L2_03,2023-11-22 00:00:00,Shift A (Morning),480,480,0,,931,898,33,100.0,960.0,96.98,96.46,93.55,MCH_L2,World Class (≥85%)
SFT_00976,MCH_L3_05,2023-11-22 08:00:00,Shift B (Evening),480,429,51,Tool Breakdown,822,795,27,89.38,858.0,95.8,96.72,82.82,MCH_L3,Acceptable (65-84%)
SFT_00977,MCH_L3_01,2023-11-22 16:00:00,Shift C (Night),480,381,99,Material Starvation,693,684,9,79.38,762.0,90.94,98.7,71.25,MCH_L3,Acceptable (65-84%)
SFT_00978,MCH_L2_03,2023-11-23 00:00:00,Shift A (Morning),480,480,0,,928,890,38,100.0,960.0,96.67,95.91,92.72,MCH_L2,World Class (≥85%)
SFT_00979,MCH_L3_02,2023-11-23 08:00:00,Shift B (Evening),480,480,0,,889,876,13,100.0,960.0,92.6,98.54,91.25,MCH_L3,World Class (≥85%)
SFT_00980,MCH_L3_04,2023-11-23 16:00:00,Shift C (Night),480,480,0,,899,859,40,100.0,960.0,93.65,95.55,89.48,MCH_L3,World Class (≥85%)
SFT_00981,MCH_L3_03,2023-11-24 00:00:00,Shift A (Morning),480,480,0,,898,863,35,100.0,960.0,93.54,96.1,89.89,MCH_L3,World Class (≥85%)
SFT_00982,MCH_L3_02,2023-11-24 08:00:00,Shift B (Evening),480,480,0,,905,861,44,100.0,960.0,94.27,95.14,89.69,MCH_L3,World Class (≥85%)
SFT_00983,MCH_L3_01,2023-11-24 16:00:00,Shift C (Night),480,480,0,,925,895,30,100.0,960.0,96.35,96.76,93.23,MCH_L3,World Class (≥85%)
SFT_00984,MCH_L1_04,2023-11-25 00:00:00,Shift A (Morning),480,480,0,,912,874,38,100.0,960.0,95.0,95.83,91.04,MCH_L1,World Class (≥85%)
SFT_00985,MCH_L2_05,2023-11-25 08:00:00,Shift B (Evening),480,461,19,Tool Breakdown,833,803,30,96.04,922.0,90.35,96.4,83.65,MCH_L2,Acceptable (65-84%)
SFT_00986,MCH_L2_05,2023-11-25 16:00:00,Shift C (Night),480,480,0,,924,909,15,100.0,960.0,96.25,98.38,94.69,MCH_L2,World Class (≥85%)
SFT_00987,MCH_L2_03,2023-11-26 00:00:00,Shift A (Morning),480,480,0,,928,907,21,100.0,960.0,96.67,97.74,94.49,MCH_L2,World Class (≥85%)
SFT_00988,MCH_L1_02,2023-11-26 08:00:00,Shift B (Evening),480,480,0,,938,929,9,100.0,960.0,97.71,99.04,96.77,MCH_L1,World Class (≥85%)
SFT_00989,MCH_L1_03,2023-11-26 16:00:00,Shift C (Night),480,427,53,Tool Breakdown,818,788,30,88.96,854.0,95.78,96.33,82.08,MCH_L1,Acceptable (65-84%)
SFT_00990,MCH_L2_04,2023-11-27 00:00:00,Shift A (Morning),480,480,0,,885,852,33,100.0,960.0,92.19,96.27,88.75,MCH_L2,World Class (≥85%)
SFT_00991,MCH_L1_05,2023-11-27 08:00:00,Shift B (Evening),480,480,0,,932,886,46,100.0,960.0,97.08,95.06,92.28,MCH_L1,World Class (≥85%)
SFT_00992,MCH_L3_01,2023-11-27 16:00:00,Shift C (Night),480,480,0,,926,885,41,100.0,960.0,96.46,95.57,92.19,MCH_L3,World Class (≥85%)
SFT_00993,MCH_L1_02,2023-11-28 00:00:00,Shift A (Morning),480,480,0,,857,847,10,100.0,960.0,89.27,98.83,88.23,MCH_L1,World Class (≥85%)
SFT_00994,MCH_L1_02,2023-11-28 08:00:00,Shift B (Evening),480,480,0,,852,817,35,100.0,960.0,88.75,95.89,85.1,MCH_L1,World Class (≥85%)
SFT_00995,MCH_L2_04,2023-11-28 16:00:00,Shift C (Night),480,480,0,,889,877,12,100.0,960.0,92.6,98.65,91.35,MCH_L2,World Class (≥85%)
SFT_00996,MCH_L1_04,2023-11-29 00:00:00,Shift A (Morning),480,480,0,,906,893,13,100.0,960.0,94.38,98.57,93.03,MCH_L1,World Class (≥85%)
SFT_00997,MCH_L2_04,2023-11-29 08:00:00,Shift B (Evening),480,480,0,,888,875,13,100.0,960.0,92.5,98.54,91.15,MCH_L2,World Class (≥85%)
SFT_00998,MCH_L2_03,2023-11-29 16:00:00,Shift C (Night),480,480,0,,923,909,14,100.0,960.0,96.15,98.48,94.69,MCH_L2,World Class (≥85%)
SFT_00999,MCH_L1_05,2023-11-30 00:00:00,Shift A (Morning),480,480,0,,912,883,29,100.0,960.0,95.0,96.82,91.98,MCH_L1,World Class (≥85%)
SFT_01000,MCH_L3_01,2023-11-30 08:00:00,Shift B (Evening),480,468,12,Tool Breakdown,897,888,9,97.5,936.0,95.83,99.0,92.5,MCH_L3,World Class (≥85%)
SFT_01001,MCH_L2_05,2023-11-30 16:00:00,Shift C (Night),480,477,3,Pressure Loss,924,883,41,99.38,954.0,96.86,95.56,91.99,MCH_L2,World Class (≥85%)
SFT_01002,MCH_L1_04,2023-12-01 00:00:00,Shift A (Morning),480,480,0,,874,845,29,100.0,960.0,91.04,96.68,88.02,MCH_L1,World Class (≥85%)
SFT_01003,MCH_L3_05,2023-12-01 08:00:00,Shift B (Evening),480,480,0,,852,825,27,100.0,960.0,88.75,96.83,85.94,MCH_L3,World Class (≥85%)
SFT_01004,MCH_L2_02,2023-12-01 16:00:00,Shift C (Night),480,466,14,Calibration Lag,870,860,10,97.08,932.0,93.35,98.85,89.58,MCH_L2,World Class (≥85%)
SFT_01005,MCH_L1_04,2023-12-02 00:00:00,Shift A (Morning),480,480,0,,895,854,41,100.0,960.0,93.23,95.42,88.96,MCH_L1,World Class (≥85%)
SFT_01006,MCH_L3_01,2023-12-02 08:00:00,Shift B (Evening),480,480,0,,901,890,11,100.0,960.0,93.85,98.78,92.71,MCH_L3,World Class (≥85%)
SFT_01007,MCH_L3_04,2023-12-02 16:00:00,Shift C (Night),480,480,0,,905,860,45,100.0,960.0,94.27,95.03,89.58,MCH_L3,World Class (≥85%)
SFT_01008,MCH_L2_05,2023-12-03 00:00:00,Shift A (Morning),480,439,41,Tool Breakdown,813,788,25,91.46,878.0,92.6,96.92,82.08,MCH_L2,Acceptable (65-84%)
SFT_01009,MCH_L3_05,2023-12-03 08:00:00,Shift B (Evening),480,480,0,,881,856,25,100.0,960.0,91.77,97.16,89.16,MCH_L3,World Class (≥85%)
SFT_01010,MCH_L3_01,2023-12-03 16:00:00,Shift C (Night),480,408,72,Calibration Lag,729,702,27,85.0,816.0,89.34,96.3,73.13,MCH_L3,Acceptable (65-84%)
SFT_01011,MCH_L2_03,2023-12-04 00:00:00,Shift A (Morning),480,391,89,Tool Breakdown,744,736,8,81.46,782.0,95.14,98.92,76.66,MCH_L2,Acceptable (65-84%)
SFT_01012,MCH_L2_03,2023-12-04 08:00:00,Shift B (Evening),480,480,0,,913,900,13,100.0,960.0,95.1,98.58,93.75,MCH_L2,World Class (≥85%)
SFT_01013,MCH_L2_05,2023-12-04 16:00:00,Shift C (Night),480,480,0,,894,853,41,100.0,960.0,93.12,95.41,88.85,MCH_L2,World Class (≥85%)
SFT_01014,MCH_L2_04,2023-12-05 00:00:00,Shift A (Morning),480,480,0,,915,887,28,100.0,960.0,95.31,96.94,92.39,MCH_L2,World Class (≥85%)
SFT_01015,MCH_L3_04,2023-12-05 08:00:00,Shift B (Evening),480,480,0,,904,886,18,100.0,960.0,94.17,98.01,92.3,MCH_L3,World Class (≥85%)
SFT_01016,MCH_L2_05,2023-12-05 16:00:00,Shift C (Night),480,480,0,,906,882,24,100.0,960.0,94.38,97.35,91.88,MCH_L2,World Class (≥85%)
SFT_01017,MCH_L3_02,2023-12-06 00:00:00,Shift A (Morning),480,463,17,Calibration Lag,832,800,32,96.46,926.0,89.85,96.15,83.33,MCH_L3,Acceptable (65-84%)
SFT_01018,MCH_L3_02,2023-12-06 08:00:00,Shift B (Evening),480,479,1,Calibration Lag,868,853,15,99.79,958.0,90.61,98.27,88.86,MCH_L3,World Class (≥85%)
SFT_01019,MCH_L3_05,2023-12-06 16:00:00,Shift C (Night),480,471,9,Pressure Loss,864,846,18,98.12,942.0,91.72,97.92,88.12,MCH_L3,World Class (≥85%)
SFT_01020,MCH_L2_04,2023-12-07 00:00:00,Shift A (Morning),480,480,0,,865,840,25,100.0,960.0,90.1,97.11,87.5,MCH_L2,World Class (≥85%)
SFT_01021,MCH_L3_04,2023-12-07 08:00:00,Shift B (Evening),480,480,0,,937,908,29,100.0,960.0,97.6,96.91,94.58,MCH_L3,World Class (≥85%)
SFT_01022,MCH_L1_03,2023-12-07 16:00:00,Shift C (Night),480,412,68,Tool Breakdown,780,744,36,85.83,824.0,94.66,95.38,77.49,MCH_L1,Acceptable (65-84%)
SFT_01023,MCH_L3_03,2023-12-08 00:00:00,Shift A (Morning),480,480,0,,913,872,41,100.0,960.0,95.1,95.51,90.83,MCH_L3,World Class (≥85%)
SFT_01024,MCH_L3_03,2023-12-08 08:00:00,Shift B (Evening),480,480,0,,899,867,32,100.0,960.0,93.65,96.44,90.32,MCH_L3,World Class (≥85%)
SFT_01025,MCH_L2_02,2023-12-08 16:00:00,Shift C (Night),480,480,0,,861,833,28,100.0,960.0,89.69,96.75,86.78,MCH_L2,World Class (≥85%)
SFT_01026,MCH_L1_03,2023-12-09 00:00:00,Shift A (Morning),480,480,0,,940,924,16,100.0,960.0,97.92,98.3,96.26,MCH_L1,World Class (≥85%)
SFT_01027,MCH_L1_01,2023-12-09 08:00:00,Shift B (Evening),480,475,5,Pressure Loss,866,854,12,98.96,950.0,91.16,98.61,88.96,MCH_L1,World Class (≥85%)
SFT_01028,MCH_L3_02,2023-12-09 16:00:00,Shift C (Night),480,340,140,Tool Breakdown,655,644,11,70.83,680.0,96.32,98.32,67.08,MCH_L3,Acceptable (65-84%)
SFT_01029,MCH_L2_04,2023-12-10 00:00:00,Shift A (Morning),480,480,0,,875,856,19,100.0,960.0,91.15,97.83,89.17,MCH_L2,World Class (≥85%)
SFT_01030,MCH_L2_01,2023-12-10 08:00:00,Shift B (Evening),480,480,0,,911,871,40,100.0,960.0,94.9,95.61,90.73,MCH_L2,World Class (≥85%)
SFT_01031,MCH_L1_01,2023-12-10 16:00:00,Shift C (Night),480,480,0,,908,894,14,100.0,960.0,94.58,98.46,93.12,MCH_L1,World Class (≥85%)
SFT_01032,MCH_L3_05,2023-12-11 00:00:00,Shift A (Morning),480,372,108,Pressure Loss,674,664,10,77.5,744.0,90.59,98.52,69.17,MCH_L3,Acceptable (65-84%)
SFT_01033,MCH_L2_03,2023-12-11 08:00:00,Shift B (Evening),480,480,0,,882,867,15,100.0,960.0,91.88,98.3,90.32,MCH_L2,World Class (≥85%)
SFT_01034,MCH_L3_01,2023-12-11 16:00:00,Shift C (Night),480,480,0,,859,839,20,100.0,960.0,89.48,97.67,87.4,MCH_L3,World Class (≥85%)
SFT_01035,MCH_L1_05,2023-12-12 00:00:00,Shift A (Morning),480,480,0,,845,810,35,100.0,960.0,88.02,95.86,84.38,MCH_L1,Acceptable (65-84%)
SFT_01036,MCH_L3_02,2023-12-12 08:00:00,Shift B (Evening),480,434,46,Pressure Loss,803,769,34,90.42,868.0,92.51,95.77,80.11,MCH_L3,Acceptable (65-84%)
SFT_01037,MCH_L2_01,2023-12-12 16:00:00,Shift C (Night),480,480,0,,937,915,22,100.0,960.0,97.6,97.65,95.31,MCH_L2,World Class (≥85%)
SFT_01038,MCH_L1_03,2023-12-13 00:00:00,Shift A (Morning),480,480,0,,924,906,18,100.0,960.0,96.25,98.05,94.37,MCH_L1,World Class (≥85%)
SFT_01039,MCH_L1_03,2023-12-13 08:00:00,Shift B (Evening),480,480,0,,882,853,29,100.0,960.0,91.88,96.71,88.86,MCH_L1,World Class (≥85%)
SFT_01040,MCH_L2_04,2023-12-13 16:00:00,Shift C (Night),480,471,9,Tool Breakdown,879,856,23,98.12,942.0,93.31,97.38,89.16,MCH_L2,World Class (≥85%)
SFT_01041,MCH_L3_02,2023-12-14 00:00:00,Shift A (Morning),480,480,0,,882,847,35,100.0,960.0,91.88,96.03,88.23,MCH_L3,World Class (≥85%)
SFT_01042,MCH_L1_01,2023-12-14 08:00:00,Shift B (Evening),480,450,30,Tool Breakdown,823,803,20,93.75,900.0,91.44,97.57,83.64,MCH_L1,Acceptable (65-84%)
SFT_01043,MCH_L2_01,2023-12-14 16:00:00,Shift C (Night),480,480,0,,907,892,15,100.0,960.0,94.48,98.35,92.92,MCH_L2,World Class (≥85%)
SFT_01044,MCH_L1_03,2023-12-15 00:00:00,Shift A (Morning),480,480,0,,848,837,11,100.0,960.0,88.33,98.7,87.18,MCH_L1,World Class (≥85%)
SFT_01045,MCH_L3_02,2023-12-15 08:00:00,Shift B (Evening),480,480,0,,891,863,28,100.0,960.0,92.81,96.86,89.9,MCH_L3,World Class (≥85%)
SFT_01046,MCH_L3_01,2023-12-15 16:00:00,Shift C (Night),480,480,0,,924,881,43,100.0,960.0,96.25,95.35,91.77,MCH_L3,World Class (≥85%)
SFT_01047,MCH_L3_04,2023-12-16 00:00:00,Shift A (Morning),480,480,0,,895,885,10,100.0,960.0,93.23,98.88,92.19,MCH_L3,World Class (≥85%)
SFT_01048,MCH_L3_05,2023-12-16 08:00:00,Shift B (Evening),480,480,0,,874,840,34,100.0,960.0,91.04,96.11,87.5,MCH_L3,World Class (≥85%)
SFT_01049,MCH_L3_05,2023-12-16 16:00:00,Shift C (Night),480,480,0,,885,874,11,100.0,960.0,92.19,98.76,91.05,MCH_L3,World Class (≥85%)
SFT_01050,MCH_L3_01,2023-12-17 00:00:00,Shift A (Morning),480,480,0,,855,819,36,100.0,960.0,89.06,95.79,85.31,MCH_L3,World Class (≥85%)
SFT_01051,MCH_L3_03,2023-12-17 08:00:00,Shift B (Evening),480,480,0,,887,846,41,100.0,960.0,92.4,95.38,88.13,MCH_L3,World Class (≥85%)
SFT_01052,MCH_L2_01,2023-12-17 16:00:00,Shift C (Night),480,465,15,Material Starvation,827,787,40,96.88,930.0,88.92,95.16,81.98,MCH_L2,Acceptable (65-84%)
SFT_01053,MCH_L1_05,2023-12-18 00:00:00,Shift A (Morning),480,480,0,,918,879,39,100.0,960.0,95.62,95.75,91.56,MCH_L1,World Class (≥85%)
SFT_01054,MCH_L2_03,2023-12-18 08:00:00,Shift B (Evening),480,480,0,,867,858,9,100.0,960.0,90.31,98.96,89.37,MCH_L2,World Class (≥85%)
SFT_01055,MCH_L1_02,2023-12-18 16:00:00,Shift C (Night),480,251,229,Material Starvation,450,432,18,52.29,502.0,89.64,96.0,45.0,MCH_L1,Critical Bottleneck (<65%)
SFT_01056,MCH_L2_04,2023-12-19 00:00:00,Shift A (Morning),480,480,0,,860,848,12,100.0,960.0,89.58,98.6,88.33,MCH_L2,World Class (≥85%)
SFT_01057,MCH_L2_03,2023-12-19 08:00:00,Shift B (Evening),480,480,0,,937,903,34,100.0,960.0,97.6,96.37,94.06,MCH_L2,World Class (≥85%)
SFT_01058,MCH_L3_02,2023-12-19 16:00:00,Shift C (Night),480,475,5,Material Starvation,855,820,35,98.96,950.0,90.0,95.91,85.42,MCH_L3,World Class (≥85%)
SFT_01059,MCH_L1_04,2023-12-20 00:00:00,Shift A (Morning),480,458,22,Material Starvation,819,807,12,95.42,916.0,89.41,98.53,84.06,MCH_L1,Acceptable (65-84%)
SFT_01060,MCH_L2_04,2023-12-20 08:00:00,Shift B (Evening),480,480,0,,875,864,11,100.0,960.0,91.15,98.74,90.0,MCH_L2,World Class (≥85%)
SFT_01061,MCH_L2_05,2023-12-20 16:00:00,Shift C (Night),480,480,0,,907,898,9,100.0,960.0,94.48,99.01,93.54,MCH_L2,World Class (≥85%)
SFT_01062,MCH_L3_04,2023-12-21 00:00:00,Shift A (Morning),480,480,0,,871,833,38,100.0,960.0,90.73,95.64,86.77,MCH_L3,World Class (≥85%)
SFT_01063,MCH_L3_02,2023-12-21 08:00:00,Shift B (Evening),480,480,0,,924,894,30,100.0,960.0,96.25,96.75,93.12,MCH_L3,World Class (≥85%)
SFT_01064,MCH_L1_04,2023-12-21 16:00:00,Shift C (Night),480,480,0,,848,838,10,100.0,960.0,88.33,98.82,87.29,MCH_L1,World Class (≥85%)
SFT_01065,MCH_L3_04,2023-12-22 00:00:00,Shift A (Morning),480,469,11,Calibration Lag,856,823,33,97.71,938.0,91.26,96.14,85.73,MCH_L3,World Class (≥85%)
SFT_01066,MCH_L2_05,2023-12-22 08:00:00,Shift B (Evening),480,480,0,,880,861,19,100.0,960.0,91.67,97.84,89.69,MCH_L2,World Class (≥85%)
SFT_01067,MCH_L3_05,2023-12-22 16:00:00,Shift C (Night),480,480,0,,881,838,43,100.0,960.0,91.77,95.12,87.29,MCH_L3,World Class (≥85%)
SFT_01068,MCH_L1_02,2023-12-23 00:00:00,Shift A (Morning),480,480,0,,850,841,9,100.0,960.0,88.54,98.94,87.6,MCH_L1,World Class (≥85%)
SFT_01069,MCH_L2_04,2023-12-23 08:00:00,Shift B (Evening),480,480,0,,861,840,21,100.0,960.0,89.69,97.56,87.5,MCH_L2,World Class (≥85%)
SFT_01070,MCH_L2_01,2023-12-23 16:00:00,Shift C (Night),480,426,54,Material Starvation,791,769,22,88.75,852.0,92.84,97.22,80.1,MCH_L2,Acceptable (65-84%)
SFT_01071,MCH_L3_01,2023-12-24 00:00:00,Shift A (Morning),480,410,70,Calibration Lag,755,748,7,85.42,820.0,92.07,99.07,77.91,MCH_L3,Acceptable (65-84%)
SFT_01072,MCH_L1_04,2023-12-24 08:00:00,Shift B (Evening),480,480,0,,892,880,12,100.0,960.0,92.92,98.65,91.67,MCH_L1,World Class (≥85%)
SFT_01073,MCH_L3_04,2023-12-24 16:00:00,Shift C (Night),480,480,0,,872,846,26,100.0,960.0,90.83,97.02,88.12,MCH_L3,World Class (≥85%)
SFT_01074,MCH_L3_03,2023-12-25 00:00:00,Shift A (Morning),480,480,0,,866,852,14,100.0,960.0,90.21,98.38,88.75,MCH_L3,World Class (≥85%)
SFT_01075,MCH_L2_01,2023-12-25 08:00:00,Shift B (Evening),480,480,0,,846,834,12,100.0,960.0,88.12,98.58,86.87,MCH_L2,World Class (≥85%)
SFT_01076,MCH_L2_04,2023-12-25 16:00:00,Shift C (Night),480,315,165,Calibration Lag,591,568,23,65.62,630.0,93.81,96.11,59.16,MCH_L2,Critical Bottleneck (<65%)
SFT_01077,MCH_L3_01,2023-12-26 00:00:00,Shift A (Morning),480,480,0,,880,838,42,100.0,960.0,91.67,95.23,87.3,MCH_L3,World Class (≥85%)
SFT_01078,MCH_L3_02,2023-12-26 08:00:00,Shift B (Evening),480,480,0,,875,855,20,100.0,960.0,91.15,97.71,89.06,MCH_L3,World Class (≥85%)
SFT_01079,MCH_L2_05,2023-12-26 16:00:00,Shift C (Night),480,424,56,Tool Breakdown,778,745,33,88.33,848.0,91.75,95.76,77.61,MCH_L2,Acceptable (65-84%)
SFT_01080,MCH_L1_03,2023-12-27 00:00:00,Shift A (Morning),480,480,0,,925,900,25,100.0,960.0,96.35,97.3,93.75,MCH_L1,World Class (≥85%)
SFT_01081,MCH_L2_01,2023-12-27 08:00:00,Shift B (Evening),480,480,0,,856,836,20,100.0,960.0,89.17,97.66,87.08,MCH_L2,World Class (≥85%)
SFT_01082,MCH_L2_03,2023-12-27 16:00:00,Shift C (Night),480,480,0,,853,826,27,100.0,960.0,88.85,96.83,86.03,MCH_L2,World Class (≥85%)
SFT_01083,MCH_L3_05,2023-12-28 00:00:00,Shift A (Morning),480,469,11,Tool Breakdown,866,824,42,97.71,938.0,92.32,95.15,85.83,MCH_L3,World Class (≥85%)
SFT_01084,MCH_L3_02,2023-12-28 08:00:00,Shift B (Evening),480,480,0,,907,873,34,100.0,960.0,94.48,96.25,90.94,MCH_L3,World Class (≥85%)
SFT_01085,MCH_L1_03,2023-12-28 16:00:00,Shift C (Night),480,473,7,Calibration Lag,897,864,33,98.54,946.0,94.82,96.32,90.0,MCH_L1,World Class (≥85%)
SFT_01086,MCH_L3_02,2023-12-29 00:00:00,Shift A (Morning),480,480,0,,866,838,28,100.0,960.0,90.21,96.77,87.3,MCH_L3,World Class (≥85%)
SFT_01087,MCH_L3_03,2023-12-29 08:00:00,Shift B (Evening),480,480,0,,850,817,33,100.0,960.0,88.54,96.12,85.1,MCH_L3,World Class (≥85%)
SFT_01088,MCH_L2_04,2023-12-29 16:00:00,Shift C (Night),480,480,0,,940,900,40,100.0,960.0,97.92,95.74,93.75,MCH_L2,World Class (≥85%)
SFT_01089,MCH_L2_02,2023-12-30 00:00:00,Shift A (Morning),480,480,0,,901,872,29,100.0,960.0,93.85,96.78,90.83,MCH_L2,World Class (≥85%)
SFT_01090,MCH_L1_04,2023-12-30 08:00:00,Shift B (Evening),480,480,0,,881,857,24,100.0,960.0,91.77,97.28,89.27,MCH_L1,World Class (≥85%)
SFT_01091,MCH_L3_02,2023-12-30 16:00:00,Shift C (Night),480,480,0,,934,890,44,100.0,960.0,97.29,95.29,92.71,MCH_L3,World Class (≥85%)
SFT_01092,MCH_L1_03,2023-12-31 00:00:00,Shift A (Morning),480,480,0,,849,815,34,100.0,960.0,88.44,96.0,84.9,MCH_L1,Acceptable (65-84%)
SFT_01093,MCH_L1_05,2023-12-31 08:00:00,Shift B (Evening),480,479,1,Material Starvation,867,856,11,99.79,958.0,90.5,98.73,89.16,MCH_L1,World Class (≥85%)
SFT_01094,MCH_L2_03,2023-12-31 16:00:00,Shift C (Night),480,480,0,,880,859,21,100.0,960.0,91.67,97.61,89.48,MCH_L2,World Class (≥85%)
SFT_01095,MCH_L1_01,2024-01-01 00:00:00,Shift A (Morning),480,480,0,,918,888,30,100.0,960.0,95.62,96.73,92.49,MCH_L1,World Class (≥85%)
SFT_01096,MCH_L1_05,2024-01-01 08:00:00,Shift B (Evening),480,480,0,,939,930,9,100.0,960.0,97.81,99.04,96.87,MCH_L1,World Class (≥85%)
SFT_01097,MCH_L3_03,2024-01-01 16:00:00,Shift C (Night),480,480,0,,869,844,25,100.0,960.0,90.52,97.12,87.91,MCH_L3,World Class (≥85%)
SFT_01098,MCH_L3_03,2024-01-02 00:00:00,Shift A (Morning),480,480,0,,849,812,37,100.0,960.0,88.44,95.64,84.58,MCH_L3,Acceptable (65-84%)
SFT_01099,MCH_L3_02,2024-01-02 08:00:00,Shift B (Evening),480,469,11,Tool Breakdown,853,815,38,97.71,938.0,90.94,95.55,84.9,MCH_L3,Acceptable (65-84%)
SFT_01100,MCH_L3_02,2024-01-02 16:00:00,Shift C (Night),480,480,0,,904,886,18,100.0,960.0,94.17,98.01,92.3,MCH_L3,World Class (≥85%)
SFT_01101,MCH_L3_03,2024-01-03 00:00:00,Shift A (Morning),480,480,0,,871,830,41,100.0,960.0,90.73,95.29,86.46,MCH_L3,World Class (≥85%)
SFT_01102,MCH_L1_04,2024-01-03 08:00:00,Shift B (Evening),480,477,3,Tool Breakdown,865,850,15,99.38,954.0,90.67,98.27,88.55,MCH_L1,World Class (≥85%)
SFT_01103,MCH_L2_04,2024-01-03 16:00:00,Shift C (Night),480,480,0,,859,827,32,100.0,960.0,89.48,96.27,86.14,MCH_L2,World Class (≥85%)
SFT_01104,MCH_L1_05,2024-01-04 00:00:00,Shift A (Morning),480,480,0,,921,884,37,100.0,960.0,95.94,95.98,92.08,MCH_L1,World Class (≥85%)
SFT_01105,MCH_L2_02,2024-01-04 08:00:00,Shift B (Evening),480,480,0,,875,861,14,100.0,960.0,91.15,98.4,89.69,MCH_L2,World Class (≥85%)
SFT_01106,MCH_L2_04,2024-01-04 16:00:00,Shift C (Night),480,480,0,,939,924,15,100.0,960.0,97.81,98.4,96.25,MCH_L2,World Class (≥85%)
SFT_01107,MCH_L2_01,2024-01-05 00:00:00,Shift A (Morning),480,480,0,,936,899,37,100.0,960.0,97.5,96.05,93.65,MCH_L2,World Class (≥85%)
SFT_01108,MCH_L2_02,2024-01-05 08:00:00,Shift B (Evening),480,422,58,Tool Breakdown,822,785,37,87.92,844.0,97.39,95.5,81.77,MCH_L2,Acceptable (65-84%)
SFT_01109,MCH_L3_01,2024-01-05 16:00:00,Shift C (Night),480,480,0,,926,882,44,100.0,960.0,96.46,95.25,91.88,MCH_L3,World Class (≥85%)
SFT_01110,MCH_L3_03,2024-01-06 00:00:00,Shift A (Morning),480,480,0,,892,869,23,100.0,960.0,92.92,97.42,90.52,MCH_L3,World Class (≥85%)
SFT_01111,MCH_L2_03,2024-01-06 08:00:00,Shift B (Evening),480,480,0,,901,892,9,100.0,960.0,93.85,99.0,92.91,MCH_L2,World Class (≥85%)
SFT_01112,MCH_L3_05,2024-01-06 16:00:00,Shift C (Night),480,480,0,,861,846,15,100.0,960.0,89.69,98.26,88.13,MCH_L3,World Class (≥85%)
SFT_01113,MCH_L3_03,2024-01-07 00:00:00,Shift A (Morning),480,480,0,,936,906,30,100.0,960.0,97.5,96.79,94.37,MCH_L3,World Class (≥85%)
SFT_01114,MCH_L1_03,2024-01-07 08:00:00,Shift B (Evening),480,333,147,Tool Breakdown,644,632,12,69.38,666.0,96.7,98.14,65.84,MCH_L1,Acceptable (65-84%)
SFT_01115,MCH_L2_03,2024-01-07 16:00:00,Shift C (Night),480,480,0,,924,895,29,100.0,960.0,96.25,96.86,93.23,MCH_L2,World Class (≥85%)
SFT_01116,MCH_L3_03,2024-01-08 00:00:00,Shift A (Morning),480,477,3,Tool Breakdown,911,870,41,99.38,954.0,95.49,95.5,90.63,MCH_L3,World Class (≥85%)
SFT_01117,MCH_L1_04,2024-01-08 08:00:00,Shift B (Evening),480,405,75,Calibration Lag,735,720,15,84.38,810.0,90.74,97.96,75.0,MCH_L1,Acceptable (65-84%)
SFT_01118,MCH_L3_01,2024-01-08 16:00:00,Shift C (Night),480,303,177,Pressure Loss,580,555,25,63.12,606.0,95.71,95.69,57.81,MCH_L3,Critical Bottleneck (<65%)
SFT_01119,MCH_L3_05,2024-01-09 00:00:00,Shift A (Morning),480,480,0,,863,850,13,100.0,960.0,89.9,98.49,88.54,MCH_L3,World Class (≥85%)
SFT_01120,MCH_L3_05,2024-01-09 08:00:00,Shift B (Evening),480,480,0,,929,893,36,100.0,960.0,96.77,96.12,93.02,MCH_L3,World Class (≥85%)
SFT_01121,MCH_L3_05,2024-01-09 16:00:00,Shift C (Night),480,444,36,Tool Breakdown,819,810,9,92.5,888.0,92.23,98.9,84.37,MCH_L3,Acceptable (65-84%)
SFT_01122,MCH_L3_03,2024-01-10 00:00:00,Shift A (Morning),480,479,1,Pressure Loss,858,818,40,99.79,958.0,89.56,95.34,85.21,MCH_L3,World Class (≥85%)
SFT_01123,MCH_L1_01,2024-01-10 08:00:00,Shift B (Evening),480,480,0,,845,811,34,100.0,960.0,88.02,95.98,84.48,MCH_L1,Acceptable (65-84%)
SFT_01124,MCH_L1_05,2024-01-10 16:00:00,Shift C (Night),480,480,0,,878,862,16,100.0,960.0,91.46,98.18,89.8,MCH_L1,World Class (≥85%)
SFT_01125,MCH_L2_01,2024-01-11 00:00:00,Shift A (Morning),480,480,0,,917,880,37,100.0,960.0,95.52,95.97,91.67,MCH_L2,World Class (≥85%)
SFT_01126,MCH_L2_01,2024-01-11 08:00:00,Shift B (Evening),480,480,0,,856,824,32,100.0,960.0,89.17,96.26,85.84,MCH_L2,World Class (≥85%)
SFT_01127,MCH_L3_02,2024-01-11 16:00:00,Shift C (Night),480,480,0,,915,904,11,100.0,960.0,95.31,98.8,94.17,MCH_L3,World Class (≥85%)
SFT_01128,MCH_L2_01,2024-01-12 00:00:00,Shift A (Morning),480,480,0,,916,877,39,100.0,960.0,95.42,95.74,91.36,MCH_L2,World Class (≥85%)
SFT_01129,MCH_L1_03,2024-01-12 08:00:00,Shift B (Evening),480,480,0,,935,903,32,100.0,960.0,97.4,96.58,94.07,MCH_L1,World Class (≥85%)
SFT_01130,MCH_L2_04,2024-01-12 16:00:00,Shift C (Night),480,480,0,,881,838,43,100.0,960.0,91.77,95.12,87.29,MCH_L2,World Class (≥85%)
SFT_01131,MCH_L1_05,2024-01-13 00:00:00,Shift A (Morning),480,480,0,,861,827,34,100.0,960.0,89.69,96.05,86.15,MCH_L1,World Class (≥85%)
SFT_01132,MCH_L2_03,2024-01-13 08:00:00,Shift B (Evening),480,480,0,,880,846,34,100.0,960.0,91.67,96.14,88.13,MCH_L2,World Class (≥85%)
SFT_01133,MCH_L2_03,2024-01-13 16:00:00,Shift C (Night),480,480,0,,940,912,28,100.0,960.0,97.92,97.02,95.0,MCH_L2,World Class (≥85%)
SFT_01134,MCH_L2_03,2024-01-14 00:00:00,Shift A (Morning),480,480,0,,873,843,30,100.0,960.0,90.94,96.56,87.81,MCH_L2,World Class (≥85%)
SFT_01135,MCH_L2_04,2024-01-14 08:00:00,Shift B (Evening),480,480,0,,867,838,29,100.0,960.0,90.31,96.66,87.29,MCH_L2,World Class (≥85%)
SFT_01136,MCH_L3_03,2024-01-14 16:00:00,Shift C (Night),480,480,0,,912,877,35,100.0,960.0,95.0,96.16,91.35,MCH_L3,World Class (≥85%)
SFT_01137,MCH_L1_05,2024-01-15 00:00:00,Shift A (Morning),480,463,17,Calibration Lag,906,862,44,96.46,926.0,97.84,95.14,89.79,MCH_L1,World Class (≥85%)
SFT_01138,MCH_L1_02,2024-01-15 08:00:00,Shift B (Evening),480,467,13,Tool Breakdown,901,868,33,97.29,934.0,96.47,96.34,90.42,MCH_L1,World Class (≥85%)
SFT_01139,MCH_L2_03,2024-01-15 16:00:00,Shift C (Night),480,480,0,,924,886,38,100.0,960.0,96.25,95.89,92.29,MCH_L2,World Class (≥85%)
SFT_01140,MCH_L1_03,2024-01-16 00:00:00,Shift A (Morning),480,480,0,,919,895,24,100.0,960.0,95.73,97.39,93.23,MCH_L1,World Class (≥85%)
SFT_01141,MCH_L1_01,2024-01-16 08:00:00,Shift B (Evening),480,480,0,,862,832,30,100.0,960.0,89.79,96.52,86.67,MCH_L1,World Class (≥85%)
SFT_01142,MCH_L3_05,2024-01-16 16:00:00,Shift C (Night),480,480,0,,875,838,37,100.0,960.0,91.15,95.77,87.29,MCH_L3,World Class (≥85%)
SFT_01143,MCH_L3_03,2024-01-17 00:00:00,Shift A (Morning),480,480,0,,905,881,24,100.0,960.0,94.27,97.35,91.77,MCH_L3,World Class (≥85%)
SFT_01144,MCH_L1_04,2024-01-17 08:00:00,Shift B (Evening),480,464,16,Calibration Lag,864,848,16,96.67,928.0,93.1,98.15,88.33,MCH_L1,World Class (≥85%)
SFT_01145,MCH_L1_05,2024-01-17 16:00:00,Shift C (Night),480,473,7,Calibration Lag,837,821,16,98.54,946.0,88.48,98.09,85.52,MCH_L1,World Class (≥85%)
SFT_01146,MCH_L1_02,2024-01-18 00:00:00,Shift A (Morning),480,480,0,,853,839,14,100.0,960.0,88.85,98.36,87.39,MCH_L1,World Class (≥85%)
SFT_01147,MCH_L3_01,2024-01-18 08:00:00,Shift B (Evening),480,480,0,,934,896,38,100.0,960.0,97.29,95.93,93.33,MCH_L3,World Class (≥85%)
SFT_01148,MCH_L1_05,2024-01-18 16:00:00,Shift C (Night),480,480,0,,906,883,23,100.0,960.0,94.38,97.46,91.98,MCH_L1,World Class (≥85%)
SFT_01149,MCH_L1_02,2024-01-19 00:00:00,Shift A (Morning),480,480,0,,893,855,38,100.0,960.0,93.02,95.74,89.06,MCH_L1,World Class (≥85%)
SFT_01150,MCH_L1_02,2024-01-19 08:00:00,Shift B (Evening),480,480,0,,936,917,19,100.0,960.0,97.5,97.97,95.52,MCH_L1,World Class (≥85%)
SFT_01151,MCH_L2_04,2024-01-19 16:00:00,Shift C (Night),480,433,47,Material Starvation,832,799,33,90.21,866.0,96.07,96.03,83.22,MCH_L2,Acceptable (65-84%)
SFT_01152,MCH_L3_04,2024-01-20 00:00:00,Shift A (Morning),480,480,0,,868,829,39,100.0,960.0,90.42,95.51,86.36,MCH_L3,World Class (≥85%)
SFT_01153,MCH_L3_01,2024-01-20 08:00:00,Shift B (Evening),480,480,0,,900,872,28,100.0,960.0,93.75,96.89,90.83,MCH_L3,World Class (≥85%)
SFT_01154,MCH_L2_02,2024-01-20 16:00:00,Shift C (Night),480,461,19,Material Starvation,884,863,21,96.04,922.0,95.88,97.62,89.89,MCH_L2,World Class (≥85%)
SFT_01155,MCH_L1_01,2024-01-21 00:00:00,Shift A (Morning),480,414,66,Material Starvation,753,745,8,86.25,828.0,90.94,98.94,77.6,MCH_L1,Acceptable (65-84%)
SFT_01156,MCH_L2_03,2024-01-21 08:00:00,Shift B (Evening),480,480,0,,877,849,28,100.0,960.0,91.35,96.81,88.44,MCH_L2,World Class (≥85%)
SFT_01157,MCH_L1_02,2024-01-21 16:00:00,Shift C (Night),480,480,0,,900,887,13,100.0,960.0,93.75,98.56,92.4,MCH_L1,World Class (≥85%)
SFT_01158,MCH_L2_01,2024-01-22 00:00:00,Shift A (Morning),480,480,0,,876,843,33,100.0,960.0,91.25,96.23,87.81,MCH_L2,World Class (≥85%)
SFT_01159,MCH_L3_05,2024-01-22 08:00:00,Shift B (Evening),480,480,0,,853,831,22,100.0,960.0,88.85,97.42,86.56,MCH_L3,World Class (≥85%)
SFT_01160,MCH_L1_02,2024-01-22 16:00:00,Shift C (Night),480,480,0,,861,822,39,100.0,960.0,89.69,95.47,85.63,MCH_L1,World Class (≥85%)
SFT_01161,MCH_L3_05,2024-01-23 00:00:00,Shift A (Morning),480,480,0,,882,863,19,100.0,960.0,91.88,97.85,89.9,MCH_L3,World Class (≥85%)
SFT_01162,MCH_L2_01,2024-01-23 08:00:00,Shift B (Evening),480,418,62,Material Starvation,756,741,15,87.08,836.0,90.43,98.02,77.19,MCH_L2,Acceptable (65-84%)
SFT_01163,MCH_L3_02,2024-01-23 16:00:00,Shift C (Night),480,363,117,Calibration Lag,660,647,13,75.62,726.0,90.91,98.03,67.39,MCH_L3,Acceptable (65-84%)
SFT_01164,MCH_L2_04,2024-01-24 00:00:00,Shift A (Morning),480,480,0,,914,902,12,100.0,960.0,95.21,98.69,93.96,MCH_L2,World Class (≥85%)
SFT_01165,MCH_L2_01,2024-01-24 08:00:00,Shift B (Evening),480,480,0,,848,838,10,100.0,960.0,88.33,98.82,87.29,MCH_L2,World Class (≥85%)
SFT_01166,MCH_L2_05,2024-01-24 16:00:00,Shift C (Night),480,480,0,,868,854,14,100.0,960.0,90.42,98.39,88.96,MCH_L2,World Class (≥85%)
SFT_01167,MCH_L3_01,2024-01-25 00:00:00,Shift A (Morning),480,480,0,,891,875,16,100.0,960.0,92.81,98.2,91.14,MCH_L3,World Class (≥85%)
SFT_01168,MCH_L1_01,2024-01-25 08:00:00,Shift B (Evening),480,480,0,,923,888,35,100.0,960.0,96.15,96.21,92.51,MCH_L1,World Class (≥85%)
SFT_01169,MCH_L1_05,2024-01-25 16:00:00,Shift C (Night),480,480,0,,859,820,39,100.0,960.0,89.48,95.46,85.42,MCH_L1,World Class (≥85%)
SFT_01170,MCH_L1_02,2024-01-26 00:00:00,Shift A (Morning),480,480,0,,869,844,25,100.0,960.0,90.52,97.12,87.91,MCH_L1,World Class (≥85%)
SFT_01171,MCH_L3_04,2024-01-26 08:00:00,Shift B (Evening),480,480,0,,918,886,32,100.0,960.0,95.62,96.51,92.28,MCH_L3,World Class (≥85%)
SFT_01172,MCH_L3_04,2024-01-26 16:00:00,Shift C (Night),480,464,16,Material Starvation,865,848,17,96.67,928.0,93.21,98.03,88.33,MCH_L3,World Class (≥85%)
SFT_01173,MCH_L1_01,2024-01-27 00:00:00,Shift A (Morning),480,480,0,,857,825,32,100.0,960.0,89.27,96.27,85.94,MCH_L1,World Class (≥85%)
SFT_01174,MCH_L1_01,2024-01-27 08:00:00,Shift B (Evening),480,480,0,,848,822,26,100.0,960.0,88.33,96.93,85.62,MCH_L1,World Class (≥85%)
SFT_01175,MCH_L1_01,2024-01-27 16:00:00,Shift C (Night),480,448,32,Calibration Lag,837,828,9,93.33,896.0,93.42,98.92,86.25,MCH_L1,World Class (≥85%)
SFT_01176,MCH_L2_01,2024-01-28 00:00:00,Shift A (Morning),480,480,0,,873,858,15,100.0,960.0,90.94,98.28,89.38,MCH_L2,World Class (≥85%)
SFT_01177,MCH_L3_03,2024-01-28 08:00:00,Shift B (Evening),480,480,0,,933,924,9,100.0,960.0,97.19,99.04,96.26,MCH_L3,World Class (≥85%)
SFT_01178,MCH_L1_02,2024-01-28 16:00:00,Shift C (Night),480,480,0,,911,885,26,100.0,960.0,94.9,97.15,92.2,MCH_L1,World Class (≥85%)
SFT_01179,MCH_L2_01,2024-01-29 00:00:00,Shift A (Morning),480,474,6,Tool Breakdown,854,812,42,98.75,948.0,90.08,95.08,84.58,MCH_L2,Acceptable (65-84%)
SFT_01180,MCH_L3_01,2024-01-29 08:00:00,Shift B (Evening),480,480,0,,854,820,34,100.0,960.0,88.96,96.02,85.42,MCH_L3,World Class (≥85%)
SFT_01181,MCH_L2_04,2024-01-29 16:00:00,Shift C (Night),480,480,0,,902,864,38,100.0,960.0,93.96,95.79,90.0,MCH_L2,World Class (≥85%)
SFT_01182,MCH_L2_04,2024-01-30 00:00:00,Shift A (Morning),480,434,46,Pressure Loss,811,794,17,90.42,868.0,93.43,97.9,82.71,MCH_L2,Acceptable (65-84%)
SFT_01183,MCH_L3_03,2024-01-30 08:00:00,Shift B (Evening),480,480,0,,863,853,10,100.0,960.0,89.9,98.84,88.86,MCH_L3,World Class (≥85%)
SFT_01184,MCH_L2_04,2024-01-30 16:00:00,Shift C (Night),480,480,0,,936,895,41,100.0,960.0,97.5,95.62,93.23,MCH_L2,World Class (≥85%)
SFT_01185,MCH_L1_04,2024-01-31 00:00:00,Shift A (Morning),480,468,12,Material Starvation,865,825,40,97.5,936.0,92.41,95.38,85.94,MCH_L1,World Class (≥85%)
SFT_01186,MCH_L3_03,2024-01-31 08:00:00,Shift B (Evening),480,466,14,Tool Breakdown,879,870,9,97.08,932.0,94.31,98.98,90.62,MCH_L3,World Class (≥85%)
SFT_01187,MCH_L3_01,2024-01-31 16:00:00,Shift C (Night),480,480,0,,862,824,38,100.0,960.0,89.79,95.59,85.83,MCH_L3,World Class (≥85%)
SFT_01188,MCH_L2_05,2024-02-01 00:00:00,Shift A (Morning),480,480,0,,904,862,42,100.0,960.0,94.17,95.35,89.79,MCH_L2,World Class (≥85%)
SFT_01189,MCH_L1_03,2024-02-01 08:00:00,Shift B (Evening),480,480,0,,935,913,22,100.0,960.0,97.4,97.65,95.11,MCH_L1,World Class (≥85%)
SFT_01190,MCH_L1_04,2024-02-01 16:00:00,Shift C (Night),480,480,0,,898,857,41,100.0,960.0,93.54,95.43,89.27,MCH_L1,World Class (≥85%)
SFT_01191,MCH_L3_05,2024-02-02 00:00:00,Shift A (Morning),480,480,0,,905,868,37,100.0,960.0,94.27,95.91,90.41,MCH_L3,World Class (≥85%)
SFT_01192,MCH_L2_01,2024-02-02 08:00:00,Shift B (Evening),480,480,0,,874,853,21,100.0,960.0,91.04,97.6,88.86,MCH_L2,World Class (≥85%)
SFT_01193,MCH_L3_05,2024-02-02 16:00:00,Shift C (Night),480,476,4,Pressure Loss,868,852,16,99.17,952.0,91.18,98.16,88.76,MCH_L3,World Class (≥85%)
SFT_01194,MCH_L3_01,2024-02-03 00:00:00,Shift A (Morning),480,416,64,Material Starvation,770,758,12,86.67,832.0,92.55,98.44,78.96,MCH_L3,Acceptable (65-84%)
SFT_01195,MCH_L1_04,2024-02-03 08:00:00,Shift B (Evening),480,480,0,,878,848,30,100.0,960.0,91.46,96.58,88.33,MCH_L1,World Class (≥85%)
SFT_01196,MCH_L3_04,2024-02-03 16:00:00,Shift C (Night),480,480,0,,927,909,18,100.0,960.0,96.56,98.06,94.69,MCH_L3,World Class (≥85%)
SFT_01197,MCH_L1_04,2024-02-04 00:00:00,Shift A (Morning),480,480,0,,894,876,18,100.0,960.0,93.12,97.99,91.25,MCH_L1,World Class (≥85%)
SFT_01198,MCH_L2_05,2024-02-04 08:00:00,Shift B (Evening),480,480,0,,933,910,23,100.0,960.0,97.19,97.53,94.79,MCH_L2,World Class (≥85%)
SFT_01199,MCH_L3_04,2024-02-04 16:00:00,Shift C (Night),480,480,0,,880,855,25,100.0,960.0,91.67,97.16,89.07,MCH_L3,World Class (≥85%)
