log_id,machine_id,timestamp,air_temperature_k,process_temperature_k,rotational_speed_rpm,torque_nm,tool_wear_minutes,failure_type,machine_failed
LOG_0000001,MCH_L2_02,2023-01-01 00:00:00,300.77,309.04,1436,41.21,141,No Failure,0
LOG_0000002,MCH_L1_04,2023-01-01 00:30:00,299.92,312.43,1490,54.77,82,No Failure,0
LOG_0000003,MCH_L3_03,2023-01-01 01:00:00,297.97,308.43,1754,48.53,185,No Failure,0
LOG_0000004,MCH_L3_05,2023-01-01 01:30:00,305.55,316.94,1741,26.23,81,No Failure,0
LOG_0000005,MCH_L3_01,2023-01-01 02:00:00,297.57,308.39,1435,24.71,120,No Failure,0
LOG_0000006,MCH_L2_03,2023-01-01 02:30:00,294.39,304.43,1649,43.55,134,No Failure,0
LOG_0000007,MCH_L3_03,2023-01-01 03:00:00,303.95,313.3,1502,39.14,227,No Failure,0
LOG_0000008,MCH_L1_05,2023-01-01 03:30:00,298.54,307.66,1742,25.13,156,No Failure,0
LOG_0000009,MCH_L2_02,2023-01-01 04:00:00,299.26,310.2,1638,23.85,2,No Failure,0
LOG_0000010,MCH_L2_05,2023-01-01 04:30:00,299.11,309.98,1533,37.88,12,No Failure,0
LOG_0000011,MCH_L1_03,2023-01-01 05:00:00,298.58,309.25,1509,42.18,163,No Failure,0
LOG_0000012,MCH_L2_02,2023-01-01 05:30:00,298.08,307.94,1573,42.5,104,No Failure,0
LOG_0000013,MCH_L3_01,2023-01-01 06:00:00,297.51,308.01,1558,34.85,88,No Failure,0
LOG_0000014,MCH_L3_01,2023-01-01 06:30:00,300.16,309.65,1367,35.26,91,No Failure,0
LOG_0000015,MCH_L2_03,2023-01-01 07:00:00,299.0,308.18,1524,35.73,165,No Failure,0
LOG_0000016,MCH_L1_05,2023-01-01 07:30:00,301.83,311.5,1421,44.19,74,No Failure,0
LOG_0000017,MCH_L1_04,2023-01-01 08:00:00,301.21,310.93,1436,27.0,59,No Failure,0
LOG_0000018,MCH_L2_03,2023-01-01 08:30:00,297.68,309.44,1633,40.17,232,No Failure,0
LOG_0000019,MCH_L2_03,2023-01-01 09:00:00,300.27,308.63,1524,48.66,125,No Failure,0
LOG_0000020,MCH_L1_03,2023-01-01 09:30:00,298.96,308.92,1445,37.01,72,No Failure,0
LOG_0000021,MCH_L2_01,2023-01-01 10:00:00,297.52,308.28,1354,41.36,21,No Failure,0
LOG_0000022,MCH_L1_05,2023-01-01 10:30:00,301.72,314.1,1406,43.53,148,No Failure,0
LOG_0000023,MCH_L1_02,2023-01-01 11:00:00,299.7,308.97,1492,34.41,122,No Failure,0
LOG_0000024,MCH_L2_03,2023-01-01 11:30:00,298.98,307.64,1702,39.14,210,No Failure,0
LOG_0000025,MCH_L3_02,2023-01-01 12:00:00,297.86,308.73,1374,28.95,32,No Failure,0
LOG_0000026,MCH_L3_04,2023-01-01 12:30:00,297.43,307.63,1535,44.13,3,No Failure,0
LOG_0000027,MCH_L2_01,2023-01-01 13:00:00,304.97,314.71,1548,41.38,224,Heat Dissipation,1
LOG_0000028,MCH_L1_02,2023-01-01 13:30:00,300.84,311.37,1646,49.91,236,No Failure,0
LOG_0000029,MCH_L3_02,2023-01-01 14:00:00,297.27,308.3,1514,47.46,207,No Failure,0
LOG_0000030,MCH_L1_05,2023-01-01 14:30:00,300.72,311.6,1548,50.04,171,No Failure,0
LOG_0000031,MCH_L1_01,2023-01-01 15:00:00,302.66,313.02,1641,50.44,128,No Failure,0
LOG_0000032,MCH_L3_02,2023-01-01 15:30:00,300.42,312.0,1406,33.85,189,Overstrain,1
LOG_0000033,MCH_L2_05,2023-01-01 16:00:00,303.44,313.68,1594,44.08,206,No Failure,0
LOG_0000034,MCH_L2_01,2023-01-01 16:30:00,296.14,306.19,1332,45.73,149,No Failure,0
LOG_0000035,MCH_L3_03,2023-01-01 17:00:00,295.02,305.88,1507,34.7,223,No Failure,0
LOG_0000036,MCH_L3_02,2023-01-01 17:30:00,300.65,309.14,1471,50.48,58,No Failure,0
LOG_0000037,MCH_L2_04,2023-01-01 18:00:00,300.69,311.43,1413,39.08,36,No Failure,0
LOG_0000038,MCH_L1_01,2023-01-01 18:30:00,291.65,301.29,1616,45.44,150,No Failure,0
LOG_0000039,MCH_L3_01,2023-01-01 19:00:00,298.44,306.84,1623,49.38,160,No Failure,0
LOG_0000040,MCH_L3_01,2023-01-01 19:30:00,297.48,307.99,1628,43.64,112,No Failure,0
LOG_0000041,MCH_L3_05,2023-01-01 20:00:00,296.52,305.97,1545,55.42,231,No Failure,0
LOG_0000042,MCH_L2_05,2023-01-01 20:30:00,297.47,305.53,1352,60.56,149,No Failure,0
LOG_0000043,MCH_L3_02,2023-01-01 21:00:00,301.49,310.44,1460,40.15,191,No Failure,0
LOG_0000044,MCH_L3_02,2023-01-01 21:30:00,297.46,309.49,1620,48.14,231,No Failure,0
LOG_0000045,MCH_L3_05,2023-01-01 22:00:00,297.54,306.87,1619,60.13,126,No Failure,0
LOG_0000046,MCH_L3_04,2023-01-01 22:30:00,295.95,306.34,1643,34.75,189,No Failure,0
LOG_0000047,MCH_L3_04,2023-01-01 23:00:00,303.17,311.87,1537,16.31,117,No Failure,0
LOG_0000048,MCH_L3_05,2023-01-01 23:30:00,301.09,313.61,1478,48.19,181,No Failure,0
LOG_0000049,MCH_L3_04,2023-01-02 00:00:00,293.77,303.85,1264,36.72,185,No Failure,0
LOG_0000050,MCH_L1_03,2023-01-02 00:30:00,297.54,306.72,1603,29.78,238,No Failure,0
LOG_0000051,MCH_L3_02,2023-01-02 01:00:00,301.32,312.38,1488,33.94,139,No Failure,0
LOG_0000052,MCH_L2_02,2023-01-02 01:30:00,303.2,315.66,1349,26.74,111,No Failure,0
LOG_0000053,MCH_L1_04,2023-01-02 02:00:00,302.1,311.61,1591,54.44,145,No Failure,0
LOG_0000054,MCH_L2_04,2023-01-02 02:30:00,299.11,308.27,1670,52.36,223,No Failure,0
LOG_0000055,MCH_L1_03,2023-01-02 03:00:00,295.17,307.92,1604,38.05,194,No Failure,0
LOG_0000056,MCH_L1_05,2023-01-02 03:30:00,302.18,312.03,1580,38.77,187,No Failure,0
LOG_0000057,MCH_L1_03,2023-01-02 04:00:00,299.26,308.98,1612,41.66,124,No Failure,0
LOG_0000058,MCH_L2_02,2023-01-02 04:30:00,300.17,307.6,1172,54.22,99,No Failure,0
LOG_0000059,MCH_L1_05,2023-01-02 05:00:00,299.56,309.52,1706,30.99,238,No Failure,0
LOG_0000060,MCH_L2_04,2023-01-02 05:30:00,296.61,304.98,1404,38.59,237,No Failure,0
LOG_0000061,MCH_L2_02,2023-01-02 06:00:00,300.91,310.24,1415,50.61,0,No Failure,0
LOG_0000062,MCH_L1_02,2023-01-02 06:30:00,300.57,308.15,1443,37.16,120,No Failure,0
LOG_0000063,MCH_L1_04,2023-01-02 07:00:00,298.94,310.42,1457,32.9,88,No Failure,0
LOG_0000064,MCH_L2_04,2023-01-02 07:30:00,301.18,309.42,1680,41.41,19,No Failure,0
LOG_0000065,MCH_L3_02,2023-01-02 08:00:00,296.57,304.24,1565,24.84,16,No Failure,0
LOG_0000066,MCH_L3_04,2023-01-02 08:30:00,299.33,308.24,1418,43.16,176,No Failure,0
LOG_0000067,MCH_L1_02,2023-01-02 09:00:00,300.07,311.57,1436,37.86,149,No Failure,0
LOG_0000068,MCH_L2_05,2023-01-02 09:30:00,295.66,305.13,1799,45.41,113,No Failure,0
LOG_0000069,MCH_L2_04,2023-01-02 10:00:00,299.86,309.49,1542,34.1,160,No Failure,0
LOG_0000070,MCH_L2_05,2023-01-02 10:30:00,301.83,312.4,1448,43.85,25,No Failure,0
LOG_0000071,MCH_L1_05,2023-01-02 11:00:00,299.24,309.06,1305,41.79,26,No Failure,0
LOG_0000072,MCH_L1_02,2023-01-02 11:30:00,299.91,311.4,1298,29.96,187,No Failure,0
LOG_0000073,MCH_L1_04,2023-01-02 12:00:00,301.41,311.12,1365,31.97,161,No Failure,0
LOG_0000074,MCH_L3_02,2023-01-02 12:30:00,299.03,308.76,1511,50.45,86,No Failure,0
LOG_0000075,MCH_L3_05,2023-01-02 13:00:00,299.26,311.98,1633,48.14,79,No Failure,0
LOG_0000076,MCH_L3_02,2023-01-02 13:30:00,297.06,307.13,1573,25.29,205,No Failure,0
LOG_0000077,MCH_L2_02,2023-01-02 14:00:00,299.96,310.24,1640,36.3,179,No Failure,0
LOG_0000078,MCH_L3_02,2023-01-02 14:30:00,299.16,308.91,1567,42.68,54,No Failure,0
LOG_0000079,MCH_L3_03,2023-01-02 15:00:00,301.25,308.34,1352,44.53,60,Overstrain,1
LOG_0000080,MCH_L2_03,2023-01-02 15:30:00,301.41,312.46,1550,42.34,177,No Failure,0
LOG_0000081,MCH_L3_05,2023-01-02 16:00:00,301.98,313.97,1556,43.22,232,No Failure,0
LOG_0000082,MCH_L1_03,2023-01-02 16:30:00,298.73,310.24,1485,36.94,190,No Failure,0
LOG_0000083,MCH_L3_04,2023-01-02 17:00:00,294.56,303.89,1463,41.48,191,No Failure,0
LOG_0000084,MCH_L1_01,2023-01-02 17:30:00,301.85,311.64,1482,31.67,13,No Failure,0
LOG_0000085,MCH_L1_04,2023-01-02 18:00:00,301.08,311.5,1314,36.88,125,No Failure,0
LOG_0000086,MCH_L1_02,2023-01-02 18:30:00,298.41,308.79,1340,22.28,108,No Failure,0
LOG_0000087,MCH_L2_03,2023-01-02 19:00:00,301.39,312.21,1805,31.02,217,No Failure,0
LOG_0000088,MCH_L1_04,2023-01-02 19:30:00,296.38,306.62,1349,32.52,237,No Failure,0
LOG_0000089,MCH_L1_02,2023-01-02 20:00:00,302.58,312.15,1288,32.94,121,No Failure,0
LOG_0000090,MCH_L3_04,2023-01-02 20:30:00,299.17,309.33,1413,46.2,50,No Failure,0
LOG_0000091,MCH_L2_01,2023-01-02 21:00:00,297.93,309.13,1555,26.63,112,No Failure,0
LOG_0000092,MCH_L2_01,2023-01-02 21:30:00,298.45,311.95,1567,34.57,154,No Failure,0
LOG_0000093,MCH_L2_05,2023-01-02 22:00:00,299.42,308.82,1377,45.48,167,No Failure,0
LOG_0000094,MCH_L1_04,2023-01-02 22:30:00,299.97,310.24,1511,28.74,67,Heat Dissipation,1
LOG_0000095,MCH_L2_01,2023-01-02 23:00:00,300.12,309.68,1434,50.78,8,Overstrain,1
LOG_0000096,MCH_L3_03,2023-01-02 23:30:00,298.93,309.3,1522,41.52,183,No Failure,0
LOG_0000097,MCH_L3_05,2023-01-03 00:00:00,300.5,311.67,1464,45.86,218,No Failure,0
LOG_0000098,MCH_L1_02,2023-01-03 00:30:00,300.02,309.77,1416,31.97,234,No Failure,0
LOG_0000099,MCH_L2_05,2023-01-03 01:00:00,298.38,305.92,1422,33.54,38,No Failure,0
LOG_0000100,MCH_L3_02,2023-01-03 01:30:00,298.0,309.23,1236,38.79,142,No Failure,0
LOG_0000101,MCH_L1_02,2023-01-03 02:00:00,301.52,311.68,1473,46.9,88,No Failure,0
LOG_0000102,MCH_L2_05,2023-01-03 02:30:00,301.31,310.9,1490,46.64,17,No Failure,0
LOG_0000103,MCH_L3_04,2023-01-03 03:00:00,300.14,309.46,1330,43.38,51,No Failure,0
LOG_0000104,MCH_L1_04,2023-01-03 03:30:00,302.31,312.68,1459,38.14,188,No Failure,0
LOG_0000105,MCH_L3_04,2023-01-03 04:00:00,295.1,304.26,1469,33.46,221,No Failure,0
LOG_0000106,MCH_L3_05,2023-01-03 04:30:00,298.59,307.9,1277,48.93,36,No Failure,0
LOG_0000107,MCH_L3_05,2023-01-03 05:00:00,297.11,305.61,1407,36.99,79,No Failure,0
LOG_0000108,MCH_L2_03,2023-01-03 05:30:00,305.64,314.82,1403,26.9,180,Heat Dissipation,1
LOG_0000109,MCH_L3_04,2023-01-03 06:00:00,301.78,312.54,1521,31.83,139,No Failure,0
LOG_0000110,MCH_L2_02,2023-01-03 06:30:00,299.8,308.14,1649,34.02,208,No Failure,0
LOG_0000111,MCH_L3_02,2023-01-03 07:00:00,301.96,313.34,1505,37.09,152,No Failure,0
LOG_0000112,MCH_L2_04,2023-01-03 07:30:00,302.79,311.38,1639,39.38,78,No Failure,0
LOG_0000113,MCH_L3_04,2023-01-03 08:00:00,302.76,312.94,1473,28.37,24,No Failure,0
LOG_0000114,MCH_L2_03,2023-01-03 08:30:00,302.3,312.88,1544,35.88,148,No Failure,0
LOG_0000115,MCH_L1_05,2023-01-03 09:00:00,299.34,310.33,1508,36.96,121,No Failure,0
LOG_0000116,MCH_L3_03,2023-01-03 09:30:00,298.75,309.74,1789,38.28,210,No Failure,0
LOG_0000117,MCH_L1_02,2023-01-03 10:00:00,297.59,307.49,1481,33.39,87,No Failure,0
LOG_0000118,MCH_L3_05,2023-01-03 10:30:00,301.26,311.05,1593,61.01,134,No Failure,0
LOG_0000119,MCH_L1_05,2023-01-03 11:00:00,299.6,310.32,1524,36.97,203,No Failure,0
LOG_0000120,MCH_L2_03,2023-01-03 11:30:00,298.95,309.28,1635,34.94,176,No Failure,0
LOG_0000121,MCH_L2_05,2023-01-03 12:00:00,298.82,308.41,1575,30.67,38,No Failure,0
LOG_0000122,MCH_L2_04,2023-01-03 12:30:00,303.63,314.08,1540,46.48,74,No Failure,0
LOG_0000123,MCH_L3_02,2023-01-03 13:00:00,302.38,312.18,1363,24.23,96,No Failure,0
LOG_0000124,MCH_L3_02,2023-01-03 13:30:00,304.58,313.86,1373,24.88,48,No Failure,0
LOG_0000125,MCH_L3_02,2023-01-03 14:00:00,301.32,310.87,1426,39.71,216,No Failure,0
LOG_0000126,MCH_L3_03,2023-01-03 14:30:00,300.14,310.72,1464,43.95,230,No Failure,0
LOG_0000127,MCH_L2_04,2023-01-03 15:00:00,299.94,308.83,1513,39.24,161,No Failure,0
LOG_0000128,MCH_L3_03,2023-01-03 15:30:00,297.45,308.78,1426,57.25,202,No Failure,0
LOG_0000129,MCH_L3_05,2023-01-03 16:00:00,296.85,306.18,1262,35.58,143,No Failure,0
LOG_0000130,MCH_L3_03,2023-01-03 16:30:00,301.27,308.56,1623,37.42,95,No Failure,0
LOG_0000131,MCH_L1_01,2023-01-03 17:00:00,297.66,308.32,1553,39.66,142,No Failure,0
LOG_0000132,MCH_L2_04,2023-01-03 17:30:00,300.53,307.29,1507,40.36,39,No Failure,0
LOG_0000133,MCH_L2_02,2023-01-03 18:00:00,302.79,311.58,1650,38.95,206,No Failure,0
LOG_0000134,MCH_L2_04,2023-01-03 18:30:00,298.34,311.25,1403,38.52,6,No Failure,0
LOG_0000135,MCH_L2_03,2023-01-03 19:00:00,305.03,316.3,1484,28.9,100,Overstrain,1
LOG_0000136,MCH_L1_01,2023-01-03 19:30:00,297.52,308.69,1519,45.85,39,No Failure,0
LOG_0000137,MCH_L3_02,2023-01-03 20:00:00,302.48,311.14,1450,48.32,193,No Failure,0
LOG_0000138,MCH_L2_03,2023-01-03 20:30:00,301.06,310.84,1404,35.99,69,No Failure,0
LOG_0000139,MCH_L2_03,2023-01-03 21:00:00,302.99,314.48,1604,39.62,227,No Failure,0
LOG_0000140,MCH_L3_05,2023-01-03 21:30:00,297.21,307.98,1534,53.22,102,No Failure,0
LOG_0000141,MCH_L3_01,2023-01-03 22:00:00,305.77,317.13,1574,33.6,229,Heat Dissipation,1
LOG_0000142,MCH_L1_03,2023-01-03 22:30:00,299.55,311.69,1401,41.75,91,No Failure,0
LOG_0000143,MCH_L1_01,2023-01-03 23:00:00,301.69,312.48,1599,40.84,21,No Failure,0
LOG_0000144,MCH_L2_03,2023-01-03 23:30:00,303.61,312.13,1425,53.64,100,No Failure,0
LOG_0000145,MCH_L1_03,2023-01-04 00:00:00,298.49,309.21,1529,55.79,186,No Failure,0
LOG_0000146,MCH_L1_03,2023-01-04 00:30:00,302.06,311.78,1737,46.77,132,No Failure,0
LOG_0000147,MCH_L1_01,2023-01-04 01:00:00,298.07,306.52,1602,70.11,145,No Failure,0
LOG_0000148,MCH_L3_01,2023-01-04 01:30:00,303.49,314.56,1540,40.24,10,No Failure,0
LOG_0000149,MCH_L1_05,2023-01-04 02:00:00,298.1,309.54,1662,2.04,118,No Failure,0
LOG_0000150,MCH_L2_05,2023-01-04 02:30:00,300.1,309.99,1431,35.65,7,No Failure,0
LOG_0000151,MCH_L2_02,2023-01-04 03:00:00,300.77,311.15,1558,36.17,19,No Failure,0
LOG_0000152,MCH_L2_05,2023-01-04 03:30:00,301.96,309.47,1400,53.18,202,No Failure,0
LOG_0000153,MCH_L2_04,2023-01-04 04:00:00,304.92,316.27,1456,38.41,58,No Failure,0
LOG_0000154,MCH_L3_02,2023-01-04 04:30:00,298.87,309.82,1690,51.27,90,No Failure,0
LOG_0000155,MCH_L2_02,2023-01-04 05:00:00,302.85,313.15,1532,46.84,220,No Failure,0
LOG_0000156,MCH_L2_04,2023-01-04 05:30:00,304.93,313.43,1668,42.5,152,No Failure,0
LOG_0000157,MCH_L2_03,2023-01-04 06:00:00,300.41,308.44,1487,43.43,185,No Failure,0
LOG_0000158,MCH_L3_02,2023-01-04 06:30:00,298.62,311.05,1646,42.42,114,No Failure,0
LOG_0000159,MCH_L1_02,2023-01-04 07:00:00,295.67,304.47,1506,49.67,18,No Failure,0
LOG_0000160,MCH_L1_01,2023-01-04 07:30:00,304.71,314.87,1516,37.87,124,No Failure,0
LOG_0000161,MCH_L2_02,2023-01-04 08:00:00,299.39,308.23,1502,36.75,129,No Failure,0
LOG_0000162,MCH_L2_02,2023-01-04 08:30:00,297.5,304.75,1543,43.49,105,No Failure,0
LOG_0000163,MCH_L3_04,2023-01-04 09:00:00,296.6,307.14,1468,41.66,230,No Failure,0
LOG_0000164,MCH_L2_03,2023-01-04 09:30:00,297.49,308.21,1333,38.23,235,No Failure,0
LOG_0000165,MCH_L1_05,2023-01-04 10:00:00,302.3,310.3,1495,58.58,185,No Failure,0
LOG_0000166,MCH_L1_03,2023-01-04 10:30:00,302.64,313.97,1515,46.07,65,No Failure,0
LOG_0000167,MCH_L3_02,2023-01-04 11:00:00,301.63,311.0,1696,35.25,6,No Failure,0
LOG_0000168,MCH_L2_03,2023-01-04 11:30:00,300.33,309.03,1228,45.09,50,No Failure,0
LOG_0000169,MCH_L2_01,2023-01-04 12:00:00,296.89,305.51,1694,32.0,94,No Failure,0
LOG_0000170,MCH_L3_01,2023-01-04 12:30:00,298.18,309.23,1625,30.26,160,No Failure,0
LOG_0000171,MCH_L1_03,2023-01-04 13:00:00,297.23,304.92,1582,46.81,74,No Failure,0
LOG_0000172,MCH_L1_01,2023-01-04 13:30:00,301.43,309.94,1518,32.7,231,No Failure,0
LOG_0000173,MCH_L1_03,2023-01-04 14:00:00,297.34,307.86,1377,40.35,103,No Failure,0
LOG_0000174,MCH_L1_05,2023-01-04 14:30:00,298.21,308.57,1734,31.16,237,No Failure,0
LOG_0000175,MCH_L3_05,2023-01-04 15:00:00,299.54,308.31,1648,37.54,12,Tool Wear,1
LOG_0000176,MCH_L3_04,2023-01-04 15:30:00,295.83,307.37,1530,36.33,137,No Failure,0
LOG_0000177,MCH_L1_03,2023-01-04 16:00:00,300.12,308.78,1534,39.2,112,No Failure,0
LOG_0000178,MCH_L1_01,2023-01-04 16:30:00,299.73,309.48,1486,59.61,58,No Failure,0
LOG_0000179,MCH_L1_05,2023-01-04 17:00:00,302.96,312.55,1571,50.9,37,No Failure,0
LOG_0000180,MCH_L2_05,2023-01-04 17:30:00,297.95,307.55,1494,39.04,19,No Failure,0
LOG_0000181,MCH_L2_02,2023-01-04 18:00:00,296.75,306.52,1536,38.25,212,No Failure,0
LOG_0000182,MCH_L3_05,2023-01-04 18:30:00,299.06,308.79,1552,34.0,13,Overstrain,1
LOG_0000183,MCH_L3_04,2023-01-04 19:00:00,297.25,306.96,1791,31.18,215,No Failure,0
LOG_0000184,MCH_L2_02,2023-01-04 19:30:00,300.1,309.88,1390,38.73,39,No Failure,0
LOG_0000185,MCH_L3_01,2023-01-04 20:00:00,295.35,306.65,1519,51.33,134,No Failure,0
LOG_0000186,MCH_L2_04,2023-01-04 20:30:00,298.49,308.21,1647,13.15,196,No Failure,0
LOG_0000187,MCH_L3_05,2023-01-04 21:00:00,297.68,308.51,1599,48.68,5,No Failure,0
LOG_0000188,MCH_L3_05,2023-01-04 21:30:00,301.42,311.6,1581,49.75,167,No Failure,0
LOG_0000189,MCH_L2_05,2023-01-04 22:00:00,297.97,308.41,1861,21.87,180,No Failure,0
LOG_0000190,MCH_L2_05,2023-01-04 22:30:00,295.66,306.59,1630,40.31,226,No Failure,0
LOG_0000191,MCH_L3_02,2023-01-04 23:00:00,299.5,308.13,1425,36.29,8,Heat Dissipation,1
LOG_0000192,MCH_L3_03,2023-01-04 23:30:00,300.8,311.55,1411,38.58,105,No Failure,0
LOG_0000193,MCH_L1_03,2023-01-05 00:00:00,299.32,309.07,1495,41.82,64,No Failure,0
LOG_0000194,MCH_L3_05,2023-01-05 00:30:00,298.47,307.32,1447,42.7,230,Heat Dissipation,1
LOG_0000195,MCH_L2_02,2023-01-05 01:00:00,298.32,309.25,1509,28.35,147,No Failure,0
LOG_0000196,MCH_L1_01,2023-01-05 01:30:00,300.28,309.77,1540,53.83,133,No Failure,0
LOG_0000197,MCH_L1_04,2023-01-05 02:00:00,297.78,308.23,1532,35.96,95,No Failure,0
LOG_0000198,MCH_L3_03,2023-01-05 02:30:00,299.18,305.93,1205,62.36,204,No Failure,0
LOG_0000199,MCH_L1_04,2023-01-05 03:00:00,301.88,312.75,1409,31.99,38,No Failure,0
LOG_0000200,MCH_L3_04,2023-01-05 03:30:00,296.75,309.86,1585,31.01,231,No Failure,0
LOG_0000201,MCH_L1_05,2023-01-05 04:00:00,299.89,309.88,1697,42.75,122,No Failure,0
LOG_0000202,MCH_L2_02,2023-01-05 04:30:00,295.53,305.21,1451,47.64,20,No Failure,0
LOG_0000203,MCH_L2_02,2023-01-05 05:00:00,300.57,310.02,1452,50.83,36,No Failure,0
LOG_0000204,MCH_L3_03,2023-01-05 05:30:00,297.55,308.22,1489,31.6,11,No Failure,0
LOG_0000205,MCH_L3_05,2023-01-05 06:00:00,302.55,312.19,1706,37.16,197,No Failure,0
LOG_0000206,MCH_L3_01,2023-01-05 06:30:00,296.31,307.09,1506,55.86,14,No Failure,0
LOG_0000207,MCH_L3_03,2023-01-05 07:00:00,301.11,313.18,1230,36.86,148,No Failure,0
LOG_0000208,MCH_L1_04,2023-01-05 07:30:00,303.05,314.06,1714,47.57,84,No Failure,0
LOG_0000209,MCH_L3_03,2023-01-05 08:00:00,297.42,307.21,1582,23.9,91,No Failure,0
LOG_0000210,MCH_L2_02,2023-01-05 08:30:00,297.85,306.51,1344,26.29,99,No Failure,0
LOG_0000211,MCH_L3_01,2023-01-05 09:00:00,297.64,307.15,1438,48.21,208,No Failure,0
LOG_0000212,MCH_L1_03,2023-01-05 09:30:00,298.79,308.6,1404,38.74,173,Power Failure,1
LOG_0000213,MCH_L2_01,2023-01-05 10:00:00,301.29,309.71,1474,46.43,198,No Failure,0
LOG_0000214,MCH_L3_02,2023-01-05 10:30:00,298.58,309.88,1678,34.66,214,No Failure,0
LOG_0000215,MCH_L1_02,2023-01-05 11:00:00,297.2,307.88,1275,25.92,108,No Failure,0
LOG_0000216,MCH_L2_05,2023-01-05 11:30:00,294.95,303.69,1458,40.79,85,No Failure,0
LOG_0000217,MCH_L3_03,2023-01-05 12:00:00,304.0,311.86,1513,28.13,137,No Failure,0
LOG_0000218,MCH_L3_04,2023-01-05 12:30:00,304.2,315.06,1491,41.06,81,No Failure,0
LOG_0000219,MCH_L2_04,2023-01-05 13:00:00,301.4,309.43,1404,31.79,65,No Failure,0
LOG_0000220,MCH_L1_05,2023-01-05 13:30:00,297.97,308.07,1642,45.55,117,No Failure,0
LOG_0000221,MCH_L2_01,2023-01-05 14:00:00,301.87,311.38,1480,37.7,203,No Failure,0
LOG_0000222,MCH_L3_02,2023-01-05 14:30:00,302.37,313.33,1465,37.43,236,No Failure,0
LOG_0000223,MCH_L3_02,2023-01-05 15:00:00,299.36,310.33,1541,42.9,116,No Failure,0
LOG_0000224,MCH_L3_02,2023-01-05 15:30:00,300.1,309.11,1466,47.9,166,No Failure,0
LOG_0000225,MCH_L3_02,2023-01-05 16:00:00,303.08,314.15,1433,41.55,21,No Failure,0
LOG_0000226,MCH_L1_04,2023-01-05 16:30:00,295.9,305.55,1388,55.15,234,No Failure,0
LOG_0000227,MCH_L3_04,2023-01-05 17:00:00,302.5,312.52,1762,54.8,85,No Failure,0
LOG_0000228,MCH_L3_04,2023-01-05 17:30:00,299.23,309.28,1595,34.03,169,No Failure,0
LOG_0000229,MCH_L3_01,2023-01-05 18:00:00,297.22,309.92,1454,30.5,213,No Failure,0
LOG_0000230,MCH_L2_05,2023-01-05 18:30:00,297.42,307.28,1652,29.61,133,No Failure,0
LOG_0000231,MCH_L2_02,2023-01-05 19:00:00,297.84,305.83,1562,55.32,109,No Failure,0
LOG_0000232,MCH_L3_02,2023-01-05 19:30:00,296.97,306.11,1504,29.65,179,No Failure,0
LOG_0000233,MCH_L2_04,2023-01-05 20:00:00,304.43,315.32,1376,36.7,164,No Failure,0
LOG_0000234,MCH_L2_02,2023-01-05 20:30:00,301.23,310.89,1400,40.09,211,No Failure,0
LOG_0000235,MCH_L3_04,2023-01-05 21:00:00,302.66,312.68,1616,55.05,5,No Failure,0
LOG_0000236,MCH_L1_01,2023-01-05 21:30:00,301.41,310.89,1590,28.86,72,No Failure,0
LOG_0000237,MCH_L1_01,2023-01-05 22:00:00,300.15,306.77,1335,49.24,156,No Failure,0
LOG_0000238,MCH_L2_04,2023-01-05 22:30:00,300.19,309.26,1451,40.12,100,No Failure,0
LOG_0000239,MCH_L3_01,2023-01-05 23:00:00,299.01,308.92,1581,38.91,196,Tool Wear,1
LOG_0000240,MCH_L3_04,2023-01-05 23:30:00,299.21,307.09,1633,39.77,178,No Failure,0
LOG_0000241,MCH_L2_04,2023-01-06 00:00:00,296.48,305.07,1561,34.02,76,No Failure,0
LOG_0000242,MCH_L1_04,2023-01-06 00:30:00,302.7,312.29,1445,36.47,26,No Failure,0
LOG_0000243,MCH_L3_03,2023-01-06 01:00:00,295.47,305.07,1528,33.85,214,No Failure,0
LOG_0000244,MCH_L2_04,2023-01-06 01:30:00,297.35,307.82,1474,28.85,164,No Failure,0
LOG_0000245,MCH_L1_03,2023-01-06 02:00:00,305.03,314.7,1545,29.99,173,No Failure,0
LOG_0000246,MCH_L2_02,2023-01-06 02:30:00,300.34,310.77,1677,50.05,97,No Failure,0
LOG_0000247,MCH_L2_01,2023-01-06 03:00:00,300.44,309.6,1406,37.02,24,No Failure,0
LOG_0000248,MCH_L2_03,2023-01-06 03:30:00,301.59,311.84,1533,45.7,164,No Failure,0
LOG_0000249,MCH_L3_01,2023-01-06 04:00:00,296.15,307.92,1488,38.49,150,No Failure,0
LOG_0000250,MCH_L2_04,2023-01-06 04:30:00,296.52,306.87,1468,38.34,219,No Failure,0
LOG_0000251,MCH_L3_04,2023-01-06 05:00:00,298.89,308.61,1483,39.35,153,Tool Wear,1
LOG_0000252,MCH_L1_05,2023-01-06 05:30:00,297.74,306.61,1657,46.21,75,No Failure,0
LOG_0000253,MCH_L1_01,2023-01-06 06:00:00,299.81,309.91,1569,34.17,119,No Failure,0
LOG_0000254,MCH_L1_03,2023-01-06 06:30:00,301.21,310.95,1442,38.69,179,No Failure,0
LOG_0000255,MCH_L2_05,2023-01-06 07:00:00,303.47,314.14,1577,47.69,230,No Failure,0
LOG_0000256,MCH_L3_02,2023-01-06 07:30:00,302.03,309.84,1432,49.21,2,No Failure,0
LOG_0000257,MCH_L2_03,2023-01-06 08:00:00,297.51,307.28,1285,52.62,72,Power Failure,1
LOG_0000258,MCH_L3_05,2023-01-06 08:30:00,299.06,309.56,1223,31.82,110,No Failure,0
LOG_0000259,MCH_L3_01,2023-01-06 09:00:00,298.38,308.54,1560,34.56,78,No Failure,0
LOG_0000260,MCH_L2_01,2023-01-06 09:30:00,297.46,307.06,1465,38.31,71,No Failure,0
LOG_0000261,MCH_L2_03,2023-01-06 10:00:00,296.89,306.47,1619,28.82,155,No Failure,0
LOG_0000262,MCH_L2_04,2023-01-06 10:30:00,304.16,312.84,1546,47.42,217,No Failure,0
LOG_0000263,MCH_L1_04,2023-01-06 11:00:00,300.03,310.48,1531,42.45,207,No Failure,0
LOG_0000264,MCH_L1_01,2023-01-06 11:30:00,299.44,309.95,1445,38.68,33,No Failure,0
LOG_0000265,MCH_L3_04,2023-01-06 12:00:00,301.21,309.51,1562,48.75,83,No Failure,0
LOG_0000266,MCH_L1_01,2023-01-06 12:30:00,301.33,312.25,1686,33.58,64,No Failure,0
LOG_0000267,MCH_L2_05,2023-01-06 13:00:00,302.8,312.01,1257,49.59,215,No Failure,0
LOG_0000268,MCH_L1_04,2023-01-06 13:30:00,298.14,307.69,1482,54.81,28,No Failure,0
LOG_0000269,MCH_L3_02,2023-01-06 14:00:00,301.01,313.23,1661,42.62,3,No Failure,0
LOG_0000270,MCH_L3_04,2023-01-06 14:30:00,297.72,309.64,1362,39.94,195,No Failure,0
LOG_0000271,MCH_L2_02,2023-01-06 15:00:00,299.52,307.78,1516,41.43,118,No Failure,0
LOG_0000272,MCH_L1_02,2023-01-06 15:30:00,300.14,308.61,1418,28.19,189,No Failure,0
LOG_0000273,MCH_L1_03,2023-01-06 16:00:00,300.39,309.13,1467,38.33,165,No Failure,0
LOG_0000274,MCH_L1_01,2023-01-06 16:30:00,300.28,312.18,1287,57.49,194,No Failure,0
LOG_0000275,MCH_L1_05,2023-01-06 17:00:00,302.0,311.27,1618,58.06,231,No Failure,0
LOG_0000276,MCH_L1_01,2023-01-06 17:30:00,298.51,306.74,1518,40.78,129,No Failure,0
LOG_0000277,MCH_L2_03,2023-01-06 18:00:00,300.45,311.93,1326,35.37,220,No Failure,0
LOG_0000278,MCH_L1_01,2023-01-06 18:30:00,298.1,308.81,1550,48.75,112,No Failure,0
LOG_0000279,MCH_L3_01,2023-01-06 19:00:00,307.3,320.0,1524,39.7,91,No Failure,0
LOG_0000280,MCH_L1_01,2023-01-06 19:30:00,297.72,308.43,1417,48.04,75,No Failure,0
LOG_0000281,MCH_L1_02,2023-01-06 20:00:00,298.25,308.21,1736,33.68,124,No Failure,0
LOG_0000282,MCH_L1_02,2023-01-06 20:30:00,302.21,312.51,1561,42.6,43,No Failure,0
LOG_0000283,MCH_L3_02,2023-01-06 21:00:00,298.93,308.39,1654,36.93,206,No Failure,0
LOG_0000284,MCH_L2_01,2023-01-06 21:30:00,302.21,313.78,1480,39.95,113,No Failure,0
LOG_0000285,MCH_L2_02,2023-01-06 22:00:00,300.38,312.01,1304,35.15,104,Power Failure,1
LOG_0000286,MCH_L1_05,2023-01-06 22:30:00,298.99,307.09,1221,38.81,94,No Failure,0
LOG_0000287,MCH_L1_01,2023-01-06 23:00:00,298.12,309.25,1378,42.57,116,No Failure,0
LOG_0000288,MCH_L1_01,2023-01-06 23:30:00,298.03,306.74,1661,45.91,100,No Failure,0
LOG_0000289,MCH_L1_03,2023-01-07 00:00:00,299.02,311.92,1438,38.64,31,No Failure,0
LOG_0000290,MCH_L3_04,2023-01-07 00:30:00,299.56,311.38,1624,52.33,213,No Failure,0
LOG_0000291,MCH_L1_02,2023-01-07 01:00:00,297.92,306.55,1360,29.06,130,Tool Wear,1
LOG_0000292,MCH_L1_05,2023-01-07 01:30:00,299.73,310.02,1420,27.28,16,No Failure,0
LOG_0000293,MCH_L3_02,2023-01-07 02:00:00,297.26,308.45,1437,34.95,220,No Failure,0
LOG_0000294,MCH_L2_05,2023-01-07 02:30:00,301.89,311.14,1527,40.09,118,No Failure,0
LOG_0000295,MCH_L2_01,2023-01-07 03:00:00,302.37,310.73,1337,53.8,139,No Failure,0
LOG_0000296,MCH_L2_02,2023-01-07 03:30:00,298.24,308.36,1404,38.42,63,No Failure,0
LOG_0000297,MCH_L1_04,2023-01-07 04:00:00,298.1,307.91,1472,31.96,190,No Failure,0
LOG_0000298,MCH_L2_02,2023-01-07 04:30:00,300.44,309.34,1338,34.54,77,No Failure,0
LOG_0000299,MCH_L3_01,2023-01-07 05:00:00,303.16,314.64,1288,40.69,199,No Failure,0
LOG_0000300,MCH_L2_03,2023-01-07 05:30:00,303.72,312.17,1503,30.85,40,No Failure,0
LOG_0000301,MCH_L3_01,2023-01-07 06:00:00,296.49,306.36,1340,56.4,1,No Failure,0
LOG_0000302,MCH_L1_01,2023-01-07 06:30:00,302.52,312.74,1645,20.1,180,No Failure,0
LOG_0000303,MCH_L3_05,2023-01-07 07:00:00,299.85,310.22,1649,33.51,33,No Failure,0
LOG_0000304,MCH_L2_01,2023-01-07 07:30:00,299.89,311.25,1429,35.23,124,No Failure,0
LOG_0000305,MCH_L2_03,2023-01-07 08:00:00,301.26,310.97,1572,31.71,87,No Failure,0
LOG_0000306,MCH_L1_05,2023-01-07 08:30:00,298.8,305.68,1508,45.72,111,Power Failure,1
LOG_0000307,MCH_L1_04,2023-01-07 09:00:00,302.74,312.28,1628,34.42,211,No Failure,0
LOG_0000308,MCH_L1_02,2023-01-07 09:30:00,303.56,314.43,1445,45.27,234,No Failure,0
LOG_0000309,MCH_L2_01,2023-01-07 10:00:00,303.65,313.48,1561,53.43,201,No Failure,0
LOG_0000310,MCH_L2_01,2023-01-07 10:30:00,295.39,305.23,1537,50.52,39,No Failure,0
LOG_0000311,MCH_L3_01,2023-01-07 11:00:00,299.43,310.06,1531,41.36,198,No Failure,0
LOG_0000312,MCH_L3_05,2023-01-07 11:30:00,295.16,305.95,1426,40.02,192,Heat Dissipation,1
LOG_0000313,MCH_L1_01,2023-01-07 12:00:00,298.09,305.95,1642,47.51,54,No Failure,0
LOG_0000314,MCH_L2_04,2023-01-07 12:30:00,294.01,303.99,1451,37.57,125,No Failure,0
LOG_0000315,MCH_L3_02,2023-01-07 13:00:00,301.13,310.9,1450,35.86,73,No Failure,0
LOG_0000316,MCH_L3_01,2023-01-07 13:30:00,300.55,310.64,1413,31.58,178,No Failure,0
LOG_0000317,MCH_L2_01,2023-01-07 14:00:00,298.92,306.56,1420,42.62,4,No Failure,0
LOG_0000318,MCH_L3_03,2023-01-07 14:30:00,298.02,309.61,1471,31.02,55,No Failure,0
LOG_0000319,MCH_L1_03,2023-01-07 15:00:00,300.79,310.8,1553,33.99,117,No Failure,0
LOG_0000320,MCH_L1_04,2023-01-07 15:30:00,297.47,307.98,1594,57.88,231,No Failure,0
LOG_0000321,MCH_L3_02,2023-01-07 16:00:00,297.3,309.42,1515,45.73,148,No Failure,0
LOG_0000322,MCH_L3_01,2023-01-07 16:30:00,296.99,307.51,1669,43.43,57,No Failure,0
LOG_0000323,MCH_L1_04,2023-01-07 17:00:00,299.49,307.64,1514,33.88,200,No Failure,0
LOG_0000324,MCH_L1_03,2023-01-07 17:30:00,298.54,308.44,1284,46.56,92,No Failure,0
LOG_0000325,MCH_L2_05,2023-01-07 18:00:00,299.04,309.85,1361,31.36,30,No Failure,0
LOG_0000326,MCH_L1_03,2023-01-07 18:30:00,301.3,311.37,1584,27.04,236,No Failure,0
LOG_0000327,MCH_L3_05,2023-01-07 19:00:00,302.41,314.46,1460,35.3,173,No Failure,0
LOG_0000328,MCH_L1_03,2023-01-07 19:30:00,303.63,312.6,1452,29.97,154,No Failure,0
LOG_0000329,MCH_L1_04,2023-01-07 20:00:00,300.15,311.64,1384,43.95,197,No Failure,0
LOG_0000330,MCH_L2_02,2023-01-07 20:30:00,300.87,311.88,1451,43.11,106,No Failure,0
LOG_0000331,MCH_L1_04,2023-01-07 21:00:00,300.47,310.58,1453,41.94,158,No Failure,0
LOG_0000332,MCH_L2_04,2023-01-07 21:30:00,295.81,306.21,1558,44.96,168,No Failure,0
LOG_0000333,MCH_L1_01,2023-01-07 22:00:00,299.08,307.91,1470,44.59,44,No Failure,0
LOG_0000334,MCH_L2_03,2023-01-07 22:30:00,299.09,308.72,1653,34.25,163,No Failure,0
LOG_0000335,MCH_L2_02,2023-01-07 23:00:00,298.72,309.41,1421,44.08,1,No Failure,0
LOG_0000336,MCH_L1_02,2023-01-07 23:30:00,299.9,309.72,1524,42.67,61,Tool Wear,1
LOG_0000337,MCH_L2_03,2023-01-08 00:00:00,299.45,309.52,1301,34.76,148,No Failure,0
LOG_0000338,MCH_L1_01,2023-01-08 00:30:00,297.53,308.72,1579,36.96,161,No Failure,0
LOG_0000339,MCH_L3_01,2023-01-08 01:00:00,299.62,307.33,1329,47.24,85,No Failure,0
LOG_0000340,MCH_L3_02,2023-01-08 01:30:00,298.4,308.84,1568,28.82,12,No Failure,0
LOG_0000341,MCH_L2_04,2023-01-08 02:00:00,293.45,305.58,1279,42.83,18,No Failure,0
LOG_0000342,MCH_L2_04,2023-01-08 02:30:00,296.51,306.06,1375,39.08,160,No Failure,0
LOG_0000343,MCH_L1_02,2023-01-08 03:00:00,300.22,308.73,1600,39.76,123,No Failure,0
LOG_0000344,MCH_L2_02,2023-01-08 03:30:00,302.73,312.26,1687,37.59,101,No Failure,0
LOG_0000345,MCH_L3_05,2023-01-08 04:00:00,293.93,302.11,1174,43.58,103,No Failure,0
LOG_0000346,MCH_L3_04,2023-01-08 04:30:00,297.82,308.09,1369,26.6,48,No Failure,0
LOG_0000347,MCH_L2_05,2023-01-08 05:00:00,301.08,310.99,1719,42.14,2,No Failure,0
LOG_0000348,MCH_L1_03,2023-01-08 05:30:00,302.2,312.58,1517,31.09,165,No Failure,0
LOG_0000349,MCH_L2_02,2023-01-08 06:00:00,298.95,308.79,1376,48.77,210,Overstrain,1
LOG_0000350,MCH_L3_02,2023-01-08 06:30:00,298.29,308.53,1677,29.01,70,No Failure,0
LOG_0000351,MCH_L2_05,2023-01-08 07:00:00,303.05,313.59,1570,19.64,14,No Failure,0
LOG_0000352,MCH_L2_04,2023-01-08 07:30:00,301.99,310.55,1513,25.56,37,No Failure,0
LOG_0000353,MCH_L1_04,2023-01-08 08:00:00,302.15,312.57,1269,39.52,152,No Failure,0
LOG_0000354,MCH_L3_02,2023-01-08 08:30:00,298.83,310.57,1751,26.8,60,No Failure,0
LOG_0000355,MCH_L1_01,2023-01-08 09:00:00,302.78,311.63,1531,28.89,213,No Failure,0
LOG_0000356,MCH_L1_02,2023-01-08 09:30:00,295.14,305.51,1462,34.07,214,No Failure,0
LOG_0000357,MCH_L1_01,2023-01-08 10:00:00,302.83,314.38,1675,44.5,177,No Failure,0
LOG_0000358,MCH_L3_04,2023-01-08 10:30:00,299.83,308.44,1389,33.48,9,No Failure,0
LOG_0000359,MCH_L3_02,2023-01-08 11:00:00,300.32,311.28,1368,38.22,99,No Failure,0
LOG_0000360,MCH_L1_05,2023-01-08 11:30:00,297.64,307.37,1383,38.08,100,No Failure,0
LOG_0000361,MCH_L1_05,2023-01-08 12:00:00,295.46,306.67,1454,27.71,177,No Failure,0
LOG_0000362,MCH_L3_01,2023-01-08 12:30:00,300.27,309.28,1503,43.46,122,No Failure,0
LOG_0000363,MCH_L2_02,2023-01-08 13:00:00,301.38,311.37,1576,59.14,233,No Failure,0
LOG_0000364,MCH_L2_04,2023-01-08 13:30:00,301.76,309.94,1349,25.31,41,No Failure,0
LOG_0000365,MCH_L2_04,2023-01-08 14:00:00,301.49,312.01,1536,32.5,233,No Failure,0
LOG_0000366,MCH_L1_03,2023-01-08 14:30:00,300.92,311.46,1427,29.18,198,No Failure,0
LOG_0000367,MCH_L1_03,2023-01-08 15:00:00,297.69,308.34,1487,38.32,179,No Failure,0
LOG_0000368,MCH_L1_03,2023-01-08 15:30:00,301.92,312.51,1645,27.67,173,No Failure,0
LOG_0000369,MCH_L1_04,2023-01-08 16:00:00,297.41,307.3,1559,50.65,216,No Failure,0
LOG_0000370,MCH_L2_03,2023-01-08 16:30:00,302.77,311.0,1569,52.02,39,No Failure,0
LOG_0000371,MCH_L2_01,2023-01-08 17:00:00,299.79,310.98,1426,45.88,185,No Failure,0
LOG_0000372,MCH_L2_03,2023-01-08 17:30:00,299.87,309.82,1731,47.95,232,No Failure,0
LOG_0000373,MCH_L1_01,2023-01-08 18:00:00,302.16,312.63,1580,40.98,23,No Failure,0
LOG_0000374,MCH_L2_03,2023-01-08 18:30:00,302.5,312.28,1449,49.18,68,No Failure,0
LOG_0000375,MCH_L1_04,2023-01-08 19:00:00,301.93,314.28,1636,37.42,84,No Failure,0
LOG_0000376,MCH_L3_01,2023-01-08 19:30:00,297.95,307.27,1568,35.44,167,No Failure,0
LOG_0000377,MCH_L1_01,2023-01-08 20:00:00,301.91,311.18,1348,45.64,147,No Failure,0
LOG_0000378,MCH_L2_03,2023-01-08 20:30:00,297.96,306.09,1524,36.72,28,No Failure,0
LOG_0000379,MCH_L1_04,2023-01-08 21:00:00,301.97,312.11,1383,58.17,36,No Failure,0
LOG_0000380,MCH_L2_01,2023-01-08 21:30:00,296.44,308.67,1255,48.96,19,No Failure,0
LOG_0000381,MCH_L2_03,2023-01-08 22:00:00,299.77,309.92,1448,35.26,145,Heat Dissipation,1
LOG_0000382,MCH_L1_04,2023-01-08 22:30:00,297.95,308.22,1636,38.57,3,No Failure,0
LOG_0000383,MCH_L3_04,2023-01-08 23:00:00,302.17,313.34,1676,38.8,138,No Failure,0
LOG_0000384,MCH_L1_03,2023-01-08 23:30:00,302.79,312.98,1438,33.62,191,Overstrain,1
LOG_0000385,MCH_L3_04,2023-01-09 00:00:00,300.5,311.94,1465,47.55,85,No Failure,0
LOG_0000386,MCH_L2_04,2023-01-09 00:30:00,300.42,312.04,1667,32.58,51,No Failure,0
LOG_0000387,MCH_L1_03,2023-01-09 01:00:00,301.76,311.05,1580,39.21,42,No Failure,0
LOG_0000388,MCH_L2_04,2023-01-09 01:30:00,302.8,311.08,1558,33.45,141,No Failure,0
LOG_0000389,MCH_L3_03,2023-01-09 02:00:00,300.09,310.92,1516,35.35,121,No Failure,0
LOG_0000390,MCH_L1_02,2023-01-09 02:30:00,298.75,309.14,1586,46.53,172,No Failure,0
LOG_0000391,MCH_L3_04,2023-01-09 03:00:00,301.62,310.36,1496,45.76,155,Overstrain,1
LOG_0000392,MCH_L1_02,2023-01-09 03:30:00,295.35,304.54,1683,37.03,131,No Failure,0
LOG_0000393,MCH_L1_02,2023-01-09 04:00:00,302.27,311.45,1485,49.67,143,No Failure,0
LOG_0000394,MCH_L2_01,2023-01-09 04:30:00,298.22,308.4,1483,44.87,165,No Failure,0
LOG_0000395,MCH_L1_03,2023-01-09 05:00:00,299.4,310.6,1253,41.0,190,No Failure,0
LOG_0000396,MCH_L3_03,2023-01-09 05:30:00,302.29,313.55,1626,47.72,150,No Failure,0
LOG_0000397,MCH_L2_04,2023-01-09 06:00:00,298.96,309.91,1384,52.06,76,No Failure,0
LOG_0000398,MCH_L1_04,2023-01-09 06:30:00,301.62,311.27,1215,43.74,147,No Failure,0
LOG_0000399,MCH_L1_01,2023-01-09 07:00:00,302.85,315.51,1478,42.32,196,No Failure,0
LOG_0000400,MCH_L1_04,2023-01-09 07:30:00,300.28,310.32,1459,23.68,82,No Failure,0
LOG_0000401,MCH_L1_01,2023-01-09 08:00:00,300.78,310.31,1553,42.23,148,No Failure,0
LOG_0000402,MCH_L3_04,2023-01-09 08:30:00,299.7,308.06,1577,43.95,169,No Failure,0
LOG_0000403,MCH_L1_05,2023-01-09 09:00:00,300.29,309.87,1400,42.67,68,No Failure,0
LOG_0000404,MCH_L1_04,2023-01-09 09:30:00,297.21,307.74,1826,32.34,13,No Failure,0
LOG_0000405,MCH_L2_03,2023-01-09 10:00:00,299.27,307.37,1475,34.16,227,No Failure,0
LOG_0000406,MCH_L2_03,2023-01-09 10:30:00,296.78,305.64,1297,46.14,69,Overstrain,1
LOG_0000407,MCH_L2_02,2023-01-09 11:00:00,297.75,307.19,1689,36.7,4,No Failure,0
LOG_0000408,MCH_L1_03,2023-01-09 11:30:00,294.99,304.06,1587,41.51,151,Tool Wear,1
LOG_0000409,MCH_L1_01,2023-01-09 12:00:00,300.66,309.63,1549,22.13,220,No Failure,0
LOG_0000410,MCH_L1_01,2023-01-09 12:30:00,304.23,315.58,1447,39.87,156,No Failure,0
LOG_0000411,MCH_L3_02,2023-01-09 13:00:00,298.86,306.88,1505,46.85,1,No Failure,0
LOG_0000412,MCH_L3_01,2023-01-09 13:30:00,302.41,312.62,1239,42.57,5,No Failure,0
LOG_0000413,MCH_L1_03,2023-01-09 14:00:00,302.81,313.43,1467,38.82,33,No Failure,0
LOG_0000414,MCH_L2_01,2023-01-09 14:30:00,297.0,306.42,1794,31.08,203,No Failure,0
LOG_0000415,MCH_L2_02,2023-01-09 15:00:00,297.54,307.27,1385,24.76,21,No Failure,0
LOG_0000416,MCH_L2_01,2023-01-09 15:30:00,302.48,312.43,1521,33.36,131,Tool Wear,1
LOG_0000417,MCH_L3_04,2023-01-09 16:00:00,299.77,310.53,1297,48.84,236,No Failure,0
LOG_0000418,MCH_L3_04,2023-01-09 16:30:00,296.77,308.61,1437,39.54,112,No Failure,0
LOG_0000419,MCH_L2_01,2023-01-09 17:00:00,298.41,306.87,1348,45.87,133,No Failure,0
LOG_0000420,MCH_L2_01,2023-01-09 17:30:00,301.05,309.95,1551,52.19,66,No Failure,0
LOG_0000421,MCH_L3_03,2023-01-09 18:00:00,298.02,306.98,1525,41.06,76,No Failure,0
LOG_0000422,MCH_L1_03,2023-01-09 18:30:00,293.06,303.04,1343,47.19,190,No Failure,0
LOG_0000423,MCH_L2_01,2023-01-09 19:00:00,299.19,308.71,1510,49.65,214,No Failure,0
LOG_0000424,MCH_L2_03,2023-01-09 19:30:00,299.4,310.2,1514,28.11,226,No Failure,0
LOG_0000425,MCH_L3_01,2023-01-09 20:00:00,300.02,309.23,1520,33.52,89,No Failure,0
LOG_0000426,MCH_L3_01,2023-01-09 20:30:00,303.15,312.08,1602,25.69,115,No Failure,0
LOG_0000427,MCH_L1_02,2023-01-09 21:00:00,300.13,309.21,1687,24.53,200,No Failure,0
LOG_0000428,MCH_L1_05,2023-01-09 21:30:00,300.61,310.75,1426,35.76,86,No Failure,0
LOG_0000429,MCH_L3_04,2023-01-09 22:00:00,302.64,313.8,1463,37.83,67,No Failure,0
LOG_0000430,MCH_L1_01,2023-01-09 22:30:00,300.03,309.98,1479,24.09,161,No Failure,0
LOG_0000431,MCH_L3_02,2023-01-09 23:00:00,305.34,314.67,1343,43.86,100,No Failure,0
LOG_0000432,MCH_L3_05,2023-01-09 23:30:00,296.84,305.6,1379,35.87,199,No Failure,0
LOG_0000433,MCH_L1_01,2023-01-10 00:00:00,297.66,309.41,1567,52.2,161,No Failure,0
LOG_0000434,MCH_L1_05,2023-01-10 00:30:00,301.53,309.42,1730,41.56,56,No Failure,0
LOG_0000435,MCH_L3_02,2023-01-10 01:00:00,303.14,312.92,1375,41.5,164,Overstrain,1
LOG_0000436,MCH_L3_03,2023-01-10 01:30:00,299.5,310.39,1775,38.26,133,No Failure,0
LOG_0000437,MCH_L1_03,2023-01-10 02:00:00,297.47,307.23,1432,38.99,70,No Failure,0
LOG_0000438,MCH_L1_04,2023-01-10 02:30:00,304.4,313.72,1645,43.15,172,No Failure,0
LOG_0000439,MCH_L1_03,2023-01-10 03:00:00,298.02,308.66,1551,47.7,168,No Failure,0
LOG_0000440,MCH_L1_01,2023-01-10 03:30:00,300.85,309.54,1523,28.67,102,No Failure,0
LOG_0000441,MCH_L1_01,2023-01-10 04:00:00,303.29,311.2,1448,32.88,227,No Failure,0
LOG_0000442,MCH_L3_02,2023-01-10 04:30:00,298.9,309.32,1501,42.5,132,No Failure,0
LOG_0000443,MCH_L3_02,2023-01-10 05:00:00,298.44,307.25,1414,39.67,59,No Failure,0
LOG_0000444,MCH_L3_04,2023-01-10 05:30:00,298.62,308.78,1613,46.73,194,No Failure,0
LOG_0000445,MCH_L3_03,2023-01-10 06:00:00,302.25,312.1,1634,34.28,144,No Failure,0
LOG_0000446,MCH_L3_04,2023-01-10 06:30:00,302.65,312.96,1421,50.74,210,No Failure,0
LOG_0000447,MCH_L1_05,2023-01-10 07:00:00,300.08,309.81,1303,35.6,108,Heat Dissipation,1
LOG_0000448,MCH_L2_01,2023-01-10 07:30:00,304.71,315.37,1460,37.3,192,No Failure,0
LOG_0000449,MCH_L1_03,2023-01-10 08:00:00,300.08,309.24,1738,49.31,100,No Failure,0
LOG_0000450,MCH_L3_02,2023-01-10 08:30:00,303.23,314.17,1527,44.86,182,No Failure,0
LOG_0000451,MCH_L2_04,2023-01-10 09:00:00,298.92,307.46,1638,56.85,8,No Failure,0
LOG_0000452,MCH_L1_05,2023-01-10 09:30:00,305.83,317.24,1388,48.07,131,No Failure,0
LOG_0000453,MCH_L2_03,2023-01-10 10:00:00,303.93,316.39,1441,50.96,169,No Failure,0
LOG_0000454,MCH_L3_03,2023-01-10 10:30:00,299.68,309.81,1462,37.48,173,No Failure,0
LOG_0000455,MCH_L1_01,2023-01-10 11:00:00,303.59,315.47,1359,51.08,73,Heat Dissipation,1
LOG_0000456,MCH_L3_04,2023-01-10 11:30:00,303.46,315.65,1520,40.59,95,No Failure,0
LOG_0000457,MCH_L1_05,2023-01-10 12:00:00,303.88,313.49,1401,21.13,128,No Failure,0
LOG_0000458,MCH_L3_05,2023-01-10 12:30:00,293.8,303.86,1613,44.03,86,No Failure,0
LOG_0000459,MCH_L1_03,2023-01-10 13:00:00,301.8,310.82,1510,44.76,114,No Failure,0
LOG_0000460,MCH_L3_02,2023-01-10 13:30:00,301.36,310.46,1677,30.72,144,No Failure,0
LOG_0000461,MCH_L1_01,2023-01-10 14:00:00,301.18,311.46,1298,43.06,115,No Failure,0
LOG_0000462,MCH_L1_04,2023-01-10 14:30:00,300.55,308.59,1436,40.98,221,No Failure,0
LOG_0000463,MCH_L3_05,2023-01-10 15:00:00,300.62,311.62,1451,50.31,127,No Failure,0
LOG_0000464,MCH_L3_03,2023-01-10 15:30:00,303.21,313.41,1555,43.73,90,No Failure,0
LOG_0000465,MCH_L1_05,2023-01-10 16:00:00,301.35,312.17,1449,40.0,78,No Failure,0
LOG_0000466,MCH_L2_02,2023-01-10 16:30:00,300.54,310.32,1706,28.69,117,No Failure,0
LOG_0000467,MCH_L1_01,2023-01-10 17:00:00,302.85,313.66,1477,23.29,229,No Failure,0
LOG_0000468,MCH_L1_03,2023-01-10 17:30:00,301.05,311.35,1391,50.76,6,No Failure,0
LOG_0000469,MCH_L1_02,2023-01-10 18:00:00,301.28,311.89,1480,43.35,224,No Failure,0
LOG_0000470,MCH_L2_04,2023-01-10 18:30:00,304.67,315.75,1460,37.96,132,No Failure,0
LOG_0000471,MCH_L2_05,2023-01-10 19:00:00,298.91,307.39,1611,44.71,179,No Failure,0
LOG_0000472,MCH_L3_05,2023-01-10 19:30:00,296.21,305.37,1450,37.98,115,No Failure,0
LOG_0000473,MCH_L2_01,2023-01-10 20:00:00,300.18,312.96,1317,22.99,102,No Failure,0
LOG_0000474,MCH_L2_05,2023-01-10 20:30:00,300.54,310.79,1521,48.61,225,No Failure,0
LOG_0000475,MCH_L1_03,2023-01-10 21:00:00,301.8,309.74,1421,49.7,52,No Failure,0
LOG_0000476,MCH_L2_03,2023-01-10 21:30:00,300.27,308.22,1361,37.21,118,No Failure,0
LOG_0000477,MCH_L3_04,2023-01-10 22:00:00,301.89,311.8,1502,39.65,2,No Failure,0
LOG_0000478,MCH_L2_03,2023-01-10 22:30:00,306.26,315.63,1484,34.79,61,No Failure,0
LOG_0000479,MCH_L1_02,2023-01-10 23:00:00,302.0,311.03,1473,55.68,31,No Failure,0
LOG_0000480,MCH_L3_05,2023-01-10 23:30:00,302.44,314.59,1531,50.23,1,No Failure,0
LOG_0000481,MCH_L2_01,2023-01-11 00:00:00,299.68,309.24,1430,33.1,79,Heat Dissipation,1
LOG_0000482,MCH_L2_02,2023-01-11 00:30:00,296.54,307.53,1513,45.14,123,No Failure,0
LOG_0000483,MCH_L1_02,2023-01-11 01:00:00,294.25,304.55,1429,32.54,80,No Failure,0
LOG_0000484,MCH_L3_05,2023-01-11 01:30:00,298.7,308.35,1598,33.09,52,No Failure,0
LOG_0000485,MCH_L3_01,2023-01-11 02:00:00,293.55,302.18,1497,36.24,139,No Failure,0
LOG_0000486,MCH_L2_05,2023-01-11 02:30:00,301.28,312.2,1709,34.83,123,Tool Wear,1
LOG_0000487,MCH_L1_02,2023-01-11 03:00:00,299.04,306.23,1440,26.75,132,No Failure,0
LOG_0000488,MCH_L2_05,2023-01-11 03:30:00,296.72,307.76,1542,51.27,3,No Failure,0
LOG_0000489,MCH_L1_01,2023-01-11 04:00:00,300.33,310.51,1635,41.8,55,No Failure,0
LOG_0000490,MCH_L2_03,2023-01-11 04:30:00,298.15,308.89,1564,53.21,79,No Failure,0
LOG_0000491,MCH_L1_01,2023-01-11 05:00:00,301.13,311.14,1516,38.59,209,No Failure,0
LOG_0000492,MCH_L2_04,2023-01-11 05:30:00,301.77,310.29,1540,27.52,191,No Failure,0
LOG_0000493,MCH_L3_01,2023-01-11 06:00:00,298.25,308.73,1560,48.72,44,No Failure,0
LOG_0000494,MCH_L2_01,2023-01-11 06:30:00,299.41,310.43,1535,42.22,187,No Failure,0
LOG_0000495,MCH_L2_02,2023-01-11 07:00:00,300.54,309.97,1498,37.74,147,No Failure,0
LOG_0000496,MCH_L3_03,2023-01-11 07:30:00,296.48,307.27,1588,50.24,52,No Failure,0
LOG_0000497,MCH_L2_05,2023-01-11 08:00:00,300.54,310.9,1489,28.58,72,No Failure,0
LOG_0000498,MCH_L2_02,2023-01-11 08:30:00,296.42,306.96,1381,48.34,15,No Failure,0
LOG_0000499,MCH_L2_05,2023-01-11 09:00:00,301.41,310.38,1747,46.1,226,No Failure,0
LOG_0000500,MCH_L1_03,2023-01-11 09:30:00,298.91,310.45,1605,41.97,92,No Failure,0
LOG_0000501,MCH_L1_02,2023-01-11 10:00:00,296.41,306.77,1390,27.44,112,No Failure,0
LOG_0000502,MCH_L2_04,2023-01-11 10:30:00,298.55,309.55,1470,47.97,29,No Failure,0
LOG_0000503,MCH_L2_03,2023-01-11 11:00:00,298.66,308.19,1431,46.33,19,No Failure,0
LOG_0000504,MCH_L3_03,2023-01-11 11:30:00,302.67,313.85,1440,42.26,105,No Failure,0
LOG_0000505,MCH_L3_02,2023-01-11 12:00:00,300.43,309.92,1604,39.54,213,No Failure,0
LOG_0000506,MCH_L2_05,2023-01-11 12:30:00,297.61,306.54,1460,30.41,86,No Failure,0
LOG_0000507,MCH_L2_02,2023-01-11 13:00:00,304.12,316.25,1729,30.48,179,No Failure,0
LOG_0000508,MCH_L2_04,2023-01-11 13:30:00,301.57,308.72,1287,33.41,35,No Failure,0
LOG_0000509,MCH_L1_04,2023-01-11 14:00:00,299.16,312.75,1496,26.61,21,No Failure,0
LOG_0000510,MCH_L3_03,2023-01-11 14:30:00,296.12,306.96,1340,26.89,128,No Failure,0
LOG_0000511,MCH_L1_04,2023-01-11 15:00:00,298.94,308.56,1539,36.23,20,No Failure,0
LOG_0000512,MCH_L1_01,2023-01-11 15:30:00,299.45,309.84,1553,28.67,175,No Failure,0
LOG_0000513,MCH_L2_03,2023-01-11 16:00:00,300.92,311.76,1607,38.02,234,No Failure,0
LOG_0000514,MCH_L3_04,2023-01-11 16:30:00,301.52,311.12,1352,40.56,210,No Failure,0
LOG_0000515,MCH_L3_04,2023-01-11 17:00:00,302.02,314.46,1551,27.68,199,No Failure,0
LOG_0000516,MCH_L3_02,2023-01-11 17:30:00,295.97,307.74,1395,47.03,4,No Failure,0
LOG_0000517,MCH_L1_03,2023-01-11 18:00:00,300.52,313.79,1511,48.59,119,No Failure,0
LOG_0000518,MCH_L2_02,2023-01-11 18:30:00,299.6,308.13,1446,21.42,167,No Failure,0
LOG_0000519,MCH_L3_05,2023-01-11 19:00:00,306.69,316.95,1348,51.5,220,No Failure,0
LOG_0000520,MCH_L3_02,2023-01-11 19:30:00,300.16,308.5,1586,44.75,81,No Failure,0
LOG_0000521,MCH_L1_02,2023-01-11 20:00:00,298.44,307.13,1468,40.8,220,No Failure,0
LOG_0000522,MCH_L1_02,2023-01-11 20:30:00,300.28,309.89,1602,52.43,78,No Failure,0
LOG_0000523,MCH_L2_02,2023-01-11 21:00:00,299.98,309.61,1611,40.9,44,No Failure,0
LOG_0000524,MCH_L3_05,2023-01-11 21:30:00,295.03,305.47,1657,33.37,158,No Failure,0
LOG_0000525,MCH_L2_01,2023-01-11 22:00:00,301.02,310.89,1439,27.31,142,No Failure,0
LOG_0000526,MCH_L1_03,2023-01-11 22:30:00,299.22,310.18,1388,39.0,57,No Failure,0
LOG_0000527,MCH_L2_04,2023-01-11 23:00:00,299.93,310.31,1644,38.97,180,No Failure,0
LOG_0000528,MCH_L2_05,2023-01-11 23:30:00,297.82,309.8,1512,25.52,44,No Failure,0
LOG_0000529,MCH_L3_05,2023-01-12 00:00:00,297.27,308.26,1661,36.96,194,No Failure,0
LOG_0000530,MCH_L3_04,2023-01-12 00:30:00,302.2,310.79,1358,53.05,235,No Failure,0
LOG_0000531,MCH_L3_03,2023-01-12 01:00:00,302.77,312.6,1582,44.29,235,No Failure,0
LOG_0000532,MCH_L2_01,2023-01-12 01:30:00,301.05,310.96,1505,28.54,169,No Failure,0
LOG_0000533,MCH_L2_05,2023-01-12 02:00:00,295.47,306.0,1495,42.59,224,No Failure,0
LOG_0000534,MCH_L2_05,2023-01-12 02:30:00,301.21,312.5,1461,45.97,151,No Failure,0
LOG_0000535,MCH_L2_01,2023-01-12 03:00:00,295.51,305.85,1366,48.76,37,No Failure,0
LOG_0000536,MCH_L1_01,2023-01-12 03:30:00,298.35,309.04,1579,44.97,50,No Failure,0
LOG_0000537,MCH_L1_04,2023-01-12 04:00:00,302.16,310.8,1452,49.87,23,No Failure,0
LOG_0000538,MCH_L2_05,2023-01-12 04:30:00,301.64,311.09,1525,46.42,204,Tool Wear,1
LOG_0000539,MCH_L2_01,2023-01-12 05:00:00,301.14,308.85,1731,37.93,90,No Failure,0
LOG_0000540,MCH_L3_05,2023-01-12 05:30:00,303.28,313.81,1435,42.81,160,No Failure,0
LOG_0000541,MCH_L2_01,2023-01-12 06:00:00,301.4,312.41,1464,38.05,146,No Failure,0
LOG_0000542,MCH_L3_01,2023-01-12 06:30:00,294.95,303.37,1480,43.43,24,No Failure,0
LOG_0000543,MCH_L3_02,2023-01-12 07:00:00,299.08,309.27,1452,46.25,69,No Failure,0
LOG_0000544,MCH_L1_05,2023-01-12 07:30:00,299.9,309.78,1456,39.36,224,No Failure,0
LOG_0000545,MCH_L1_01,2023-01-12 08:00:00,299.6,311.63,1583,42.58,216,No Failure,0
LOG_0000546,MCH_L2_03,2023-01-12 08:30:00,298.46,307.39,1658,35.89,214,No Failure,0
LOG_0000547,MCH_L1_05,2023-01-12 09:00:00,297.42,308.52,1515,37.4,48,No Failure,0
LOG_0000548,MCH_L3_02,2023-01-12 09:30:00,306.0,317.37,1588,39.41,16,Overstrain,1
LOG_0000549,MCH_L3_02,2023-01-12 10:00:00,299.03,308.8,1479,35.24,148,No Failure,0
LOG_0000550,MCH_L3_02,2023-01-12 10:30:00,305.88,316.23,1476,51.28,42,No Failure,0
LOG_0000551,MCH_L1_05,2023-01-12 11:00:00,297.15,308.44,1452,45.07,211,No Failure,0
LOG_0000552,MCH_L2_02,2023-01-12 11:30:00,301.64,310.32,1408,46.29,203,No Failure,0
LOG_0000553,MCH_L1_04,2023-01-12 12:00:00,300.57,310.06,1648,44.76,204,No Failure,0
LOG_0000554,MCH_L2_01,2023-01-12 12:30:00,297.7,307.92,1439,41.44,81,No Failure,0
LOG_0000555,MCH_L3_03,2023-01-12 13:00:00,298.83,311.31,1573,29.65,149,No Failure,0
LOG_0000556,MCH_L1_04,2023-01-12 13:30:00,299.96,309.48,1399,49.54,62,No Failure,0
LOG_0000557,MCH_L3_04,2023-01-12 14:00:00,297.89,307.57,1505,57.69,23,No Failure,0
LOG_0000558,MCH_L3_05,2023-01-12 14:30:00,299.36,311.22,1499,45.62,32,No Failure,0
LOG_0000559,MCH_L1_03,2023-01-12 15:00:00,294.09,304.89,1400,33.31,194,No Failure,0
LOG_0000560,MCH_L2_02,2023-01-12 15:30:00,301.78,314.4,1458,45.05,208,No Failure,0
LOG_0000561,MCH_L2_03,2023-01-12 16:00:00,303.07,314.38,1371,33.2,230,No Failure,0
LOG_0000562,MCH_L1_04,2023-01-12 16:30:00,301.14,310.96,1502,35.95,223,No Failure,0
LOG_0000563,MCH_L3_03,2023-01-12 17:00:00,305.66,315.31,1288,19.43,16,No Failure,0
LOG_0000564,MCH_L1_02,2023-01-12 17:30:00,301.71,310.72,1493,51.64,175,No Failure,0
LOG_0000565,MCH_L3_02,2023-01-12 18:00:00,302.86,311.29,1578,42.69,43,No Failure,0
LOG_0000566,MCH_L2_05,2023-01-12 18:30:00,303.1,313.51,1498,44.87,152,No Failure,0
LOG_0000567,MCH_L3_04,2023-01-12 19:00:00,293.12,303.87,1415,46.71,199,No Failure,0
LOG_0000568,MCH_L1_03,2023-01-12 19:30:00,301.06,311.96,1422,44.06,106,No Failure,0
LOG_0000569,MCH_L1_01,2023-01-12 20:00:00,296.54,306.39,1644,48.3,98,No Failure,0
LOG_0000570,MCH_L2_03,2023-01-12 20:30:00,297.05,309.37,1518,51.61,187,No Failure,0
LOG_0000571,MCH_L3_05,2023-01-12 21:00:00,297.48,305.85,1601,39.7,28,No Failure,0
LOG_0000572,MCH_L1_03,2023-01-12 21:30:00,299.22,307.45,1613,25.88,11,No Failure,0
LOG_0000573,MCH_L3_02,2023-01-12 22:00:00,301.63,310.65,1446,32.83,99,No Failure,0
LOG_0000574,MCH_L2_05,2023-01-12 22:30:00,301.08,311.09,1379,45.26,126,No Failure,0
LOG_0000575,MCH_L2_02,2023-01-12 23:00:00,299.97,308.65,1577,31.27,136,No Failure,0
LOG_0000576,MCH_L2_05,2023-01-12 23:30:00,301.81,313.43,1397,39.47,217,Power Failure,1
LOG_0000577,MCH_L1_05,2023-01-13 00:00:00,301.96,311.07,1429,61.26,85,No Failure,0
LOG_0000578,MCH_L2_05,2023-01-13 00:30:00,301.11,310.01,1512,48.88,52,No Failure,0
LOG_0000579,MCH_L1_05,2023-01-13 01:00:00,295.69,306.96,1469,22.9,60,No Failure,0
LOG_0000580,MCH_L3_04,2023-01-13 01:30:00,298.15,308.4,1222,59.81,158,No Failure,0
LOG_0000581,MCH_L2_02,2023-01-13 02:00:00,300.07,311.01,1351,51.62,112,No Failure,0
LOG_0000582,MCH_L3_05,2023-01-13 02:30:00,301.83,311.77,1621,45.64,47,No Failure,0
LOG_0000583,MCH_L2_04,2023-01-13 03:00:00,296.68,307.01,1490,41.14,107,No Failure,0
LOG_0000584,MCH_L3_02,2023-01-13 03:30:00,299.97,308.25,1587,28.28,221,No Failure,0
LOG_0000585,MCH_L1_05,2023-01-13 04:00:00,296.09,305.91,1402,36.83,78,No Failure,0
LOG_0000586,MCH_L1_01,2023-01-13 04:30:00,302.56,311.3,1366,23.14,46,No Failure,0
LOG_0000587,MCH_L2_05,2023-01-13 05:00:00,300.61,312.96,1586,48.09,160,No Failure,0
LOG_0000588,MCH_L2_05,2023-01-13 05:30:00,296.63,308.18,1655,41.58,66,Tool Wear,1
LOG_0000589,MCH_L1_01,2023-01-13 06:00:00,296.62,305.84,1395,33.68,225,No Failure,0
LOG_0000590,MCH_L3_05,2023-01-13 06:30:00,300.97,310.72,1622,48.59,63,No Failure,0
LOG_0000591,MCH_L1_02,2023-01-13 07:00:00,303.44,313.25,1382,42.83,121,No Failure,0
LOG_0000592,MCH_L3_04,2023-01-13 07:30:00,297.26,309.84,1303,53.93,144,No Failure,0
LOG_0000593,MCH_L2_01,2023-01-13 08:00:00,301.97,312.45,1570,36.23,43,No Failure,0
LOG_0000594,MCH_L2_04,2023-01-13 08:30:00,298.64,308.13,1385,51.84,4,No Failure,0
LOG_0000595,MCH_L2_03,2023-01-13 09:00:00,302.06,312.24,1354,41.91,93,No Failure,0
LOG_0000596,MCH_L3_03,2023-01-13 09:30:00,301.71,309.87,1357,33.42,189,No Failure,0
LOG_0000597,MCH_L1_05,2023-01-13 10:00:00,300.39,310.3,1458,45.05,234,No Failure,0
LOG_0000598,MCH_L1_01,2023-01-13 10:30:00,295.41,304.11,1295,40.63,190,No Failure,0
LOG_0000599,MCH_L3_03,2023-01-13 11:00:00,301.7,309.48,1571,43.87,78,No Failure,0
LOG_0000600,MCH_L2_02,2023-01-13 11:30:00,301.26,313.64,1557,31.62,38,No Failure,0
LOG_0000601,MCH_L3_05,2023-01-13 12:00:00,301.03,311.0,1557,20.36,199,No Failure,0
LOG_0000602,MCH_L1_05,2023-01-13 12:30:00,300.49,309.56,1644,35.79,169,No Failure,0
LOG_0000603,MCH_L2_01,2023-01-13 13:00:00,297.8,305.76,1616,44.86,101,No Failure,0
LOG_0000604,MCH_L3_03,2023-01-13 13:30:00,302.71,312.44,1391,44.61,91,No Failure,0
LOG_0000605,MCH_L2_02,2023-01-13 14:00:00,302.25,312.07,1580,36.14,20,No Failure,0
LOG_0000606,MCH_L1_03,2023-01-13 14:30:00,297.31,308.23,1633,41.99,174,No Failure,0
LOG_0000607,MCH_L3_02,2023-01-13 15:00:00,303.29,312.15,1597,36.67,73,No Failure,0
LOG_0000608,MCH_L2_05,2023-01-13 15:30:00,300.33,309.69,1606,38.86,27,No Failure,0
LOG_0000609,MCH_L1_03,2023-01-13 16:00:00,300.32,309.21,1481,50.73,148,No Failure,0
LOG_0000610,MCH_L1_05,2023-01-13 16:30:00,299.56,309.3,1422,28.66,112,Heat Dissipation,1
LOG_0000611,MCH_L2_01,2023-01-13 17:00:00,299.81,307.42,1471,56.04,27,No Failure,0
LOG_0000612,MCH_L2_04,2023-01-13 17:30:00,303.43,312.46,1416,41.48,85,No Failure,0
LOG_0000613,MCH_L3_03,2023-01-13 18:00:00,302.58,313.34,1620,57.16,101,No Failure,0
LOG_0000614,MCH_L3_04,2023-01-13 18:30:00,302.53,311.06,1522,55.82,18,No Failure,0
LOG_0000615,MCH_L3_02,2023-01-13 19:00:00,300.46,311.66,1598,20.67,62,No Failure,0
LOG_0000616,MCH_L1_05,2023-01-13 19:30:00,302.22,313.27,1326,41.56,115,No Failure,0
LOG_0000617,MCH_L3_05,2023-01-13 20:00:00,297.91,309.06,1446,31.66,179,No Failure,0
LOG_0000618,MCH_L1_01,2023-01-13 20:30:00,301.46,311.45,1376,38.85,37,No Failure,0
LOG_0000619,MCH_L3_04,2023-01-13 21:00:00,299.62,309.51,1304,43.89,45,No Failure,0
LOG_0000620,MCH_L3_04,2023-01-13 21:30:00,294.85,305.23,1535,52.39,151,No Failure,0
LOG_0000621,MCH_L3_04,2023-01-13 22:00:00,296.03,307.61,1372,30.78,91,No Failure,0
LOG_0000622,MCH_L1_04,2023-01-13 22:30:00,298.34,309.82,1455,61.5,172,No Failure,0
LOG_0000623,MCH_L1_05,2023-01-13 23:00:00,301.04,309.05,1383,35.06,204,No Failure,0
LOG_0000624,MCH_L3_02,2023-01-13 23:30:00,298.34,307.29,1451,28.58,8,No Failure,0
LOG_0000625,MCH_L2_05,2023-01-14 00:00:00,298.52,307.26,1570,49.31,8,No Failure,0
LOG_0000626,MCH_L2_05,2023-01-14 00:30:00,301.91,312.78,1385,41.08,20,No Failure,0
LOG_0000627,MCH_L1_05,2023-01-14 01:00:00,298.61,307.79,1445,58.8,23,No Failure,0
LOG_0000628,MCH_L2_02,2023-01-14 01:30:00,303.33,313.09,1563,31.64,94,No Failure,0
LOG_0000629,MCH_L1_04,2023-01-14 02:00:00,302.91,314.96,1581,41.57,191,Power Failure,1
LOG_0000630,MCH_L1_01,2023-01-14 02:30:00,300.05,311.4,1452,50.8,92,No Failure,0
LOG_0000631,MCH_L3_04,2023-01-14 03:00:00,301.88,313.53,1535,32.81,39,No Failure,0
LOG_0000632,MCH_L3_04,2023-01-14 03:30:00,301.54,310.68,1598,50.89,201,No Failure,0
LOG_0000633,MCH_L1_05,2023-01-14 04:00:00,299.39,306.06,1373,43.38,179,No Failure,0
LOG_0000634,MCH_L2_02,2023-01-14 04:30:00,302.15,311.68,1414,31.45,131,No Failure,0
LOG_0000635,MCH_L2_05,2023-01-14 05:00:00,302.52,310.79,1455,50.74,130,No Failure,0
LOG_0000636,MCH_L2_05,2023-01-14 05:30:00,297.62,305.29,1553,38.33,140,No Failure,0
LOG_0000637,MCH_L2_01,2023-01-14 06:00:00,300.38,311.73,1522,50.1,20,No Failure,0
LOG_0000638,MCH_L1_05,2023-01-14 06:30:00,300.36,309.29,1507,34.03,7,No Failure,0
LOG_0000639,MCH_L1_04,2023-01-14 07:00:00,302.12,311.15,1376,27.66,119,No Failure,0
LOG_0000640,MCH_L1_02,2023-01-14 07:30:00,298.89,308.45,1604,36.26,200,No Failure,0
LOG_0000641,MCH_L1_04,2023-01-14 08:00:00,298.51,310.49,1440,38.96,109,No Failure,0
LOG_0000642,MCH_L3_05,2023-01-14 08:30:00,300.42,310.23,1468,41.66,128,No Failure,0
LOG_0000643,MCH_L2_05,2023-01-14 09:00:00,302.95,314.09,1523,44.54,13,No Failure,0
LOG_0000644,MCH_L2_05,2023-01-14 09:30:00,297.0,306.62,1736,56.66,75,No Failure,0
LOG_0000645,MCH_L1_03,2023-01-14 10:00:00,297.44,305.54,1423,39.12,35,No Failure,0
LOG_0000646,MCH_L2_05,2023-01-14 10:30:00,298.7,307.27,1417,55.15,149,No Failure,0
LOG_0000647,MCH_L1_01,2023-01-14 11:00:00,299.14,309.14,1455,48.71,116,No Failure,0
LOG_0000648,MCH_L2_03,2023-01-14 11:30:00,295.59,305.72,1639,39.31,163,No Failure,0
LOG_0000649,MCH_L1_05,2023-01-14 12:00:00,303.75,314.4,1517,42.61,44,No Failure,0
LOG_0000650,MCH_L3_03,2023-01-14 12:30:00,299.67,310.32,1545,43.36,143,No Failure,0
LOG_0000651,MCH_L1_04,2023-01-14 13:00:00,299.3,310.38,1596,48.72,10,No Failure,0
LOG_0000652,MCH_L2_03,2023-01-14 13:30:00,304.06,313.14,1635,50.02,66,No Failure,0
LOG_0000653,MCH_L2_02,2023-01-14 14:00:00,301.79,313.98,1419,28.1,97,No Failure,0
LOG_0000654,MCH_L1_02,2023-01-14 14:30:00,298.66,310.96,1562,48.32,152,No Failure,0
LOG_0000655,MCH_L1_01,2023-01-14 15:00:00,300.41,309.79,1638,43.47,89,No Failure,0
LOG_0000656,MCH_L3_02,2023-01-14 15:30:00,299.9,308.95,1524,43.34,194,No Failure,0
LOG_0000657,MCH_L3_01,2023-01-14 16:00:00,303.62,311.48,1401,38.87,211,No Failure,0
LOG_0000658,MCH_L1_04,2023-01-14 16:30:00,299.58,309.79,1378,45.98,158,No Failure,0
LOG_0000659,MCH_L2_03,2023-01-14 17:00:00,296.39,306.93,1554,47.55,112,No Failure,0
LOG_0000660,MCH_L3_02,2023-01-14 17:30:00,295.31,304.61,1361,40.95,192,No Failure,0
LOG_0000661,MCH_L1_02,2023-01-14 18:00:00,303.69,314.03,1402,48.68,89,No Failure,0
LOG_0000662,MCH_L1_03,2023-01-14 18:30:00,298.03,306.36,1441,34.64,88,Heat Dissipation,1
LOG_0000663,MCH_L3_02,2023-01-14 19:00:00,301.68,312.84,1533,40.1,10,No Failure,0
LOG_0000664,MCH_L1_01,2023-01-14 19:30:00,300.18,309.54,1570,43.07,79,No Failure,0
LOG_0000665,MCH_L1_01,2023-01-14 20:00:00,298.96,309.31,1414,37.37,83,No Failure,0
LOG_0000666,MCH_L3_03,2023-01-14 20:30:00,299.35,309.6,1344,37.19,105,No Failure,0
LOG_0000667,MCH_L1_03,2023-01-14 21:00:00,303.96,311.61,1597,32.1,115,No Failure,0
LOG_0000668,MCH_L3_01,2023-01-14 21:30:00,296.38,307.38,1581,43.67,165,No Failure,0
LOG_0000669,MCH_L1_05,2023-01-14 22:00:00,299.03,308.09,1556,56.53,1,No Failure,0
LOG_0000670,MCH_L3_02,2023-01-14 22:30:00,302.27,312.51,1545,45.12,53,No Failure,0
LOG_0000671,MCH_L1_03,2023-01-14 23:00:00,296.79,305.1,1452,38.57,92,No Failure,0
LOG_0000672,MCH_L1_01,2023-01-14 23:30:00,303.29,312.71,1478,51.18,6,No Failure,0
LOG_0000673,MCH_L1_01,2023-01-15 00:00:00,302.23,312.67,1509,39.71,176,No Failure,0
LOG_0000674,MCH_L2_03,2023-01-15 00:30:00,300.68,309.38,1398,46.38,39,No Failure,0
LOG_0000675,MCH_L2_05,2023-01-15 01:00:00,298.74,307.51,1546,44.76,44,No Failure,0
LOG_0000676,MCH_L3_01,2023-01-15 01:30:00,296.47,306.62,1514,27.31,181,No Failure,0
LOG_0000677,MCH_L3_02,2023-01-15 02:00:00,301.77,311.57,1483,40.85,216,No Failure,0
LOG_0000678,MCH_L3_03,2023-01-15 02:30:00,306.87,317.29,1609,58.22,188,No Failure,0
LOG_0000679,MCH_L3_03,2023-01-15 03:00:00,300.36,309.92,1487,35.39,131,No Failure,0
LOG_0000680,MCH_L3_02,2023-01-15 03:30:00,295.43,306.2,1579,53.54,106,Power Failure,1
LOG_0000681,MCH_L3_05,2023-01-15 04:00:00,301.14,310.46,1357,48.61,33,No Failure,0
LOG_0000682,MCH_L3_04,2023-01-15 04:30:00,302.15,312.87,1600,36.18,216,No Failure,0
LOG_0000683,MCH_L1_02,2023-01-15 05:00:00,297.71,306.62,1572,40.9,7,No Failure,0
LOG_0000684,MCH_L3_03,2023-01-15 05:30:00,298.39,307.66,1759,31.86,31,No Failure,0
LOG_0000685,MCH_L1_03,2023-01-15 06:00:00,298.13,309.01,1692,48.08,145,No Failure,0
LOG_0000686,MCH_L1_02,2023-01-15 06:30:00,298.67,308.05,1612,31.97,167,No Failure,0
LOG_0000687,MCH_L1_03,2023-01-15 07:00:00,299.57,308.16,1435,44.28,74,No Failure,0
LOG_0000688,MCH_L2_02,2023-01-15 07:30:00,297.85,309.93,1393,56.39,183,No Failure,0
LOG_0000689,MCH_L1_01,2023-01-15 08:00:00,296.91,306.87,1412,35.35,36,No Failure,0
LOG_0000690,MCH_L2_05,2023-01-15 08:30:00,300.44,311.01,1561,43.79,230,Tool Wear,1
LOG_0000691,MCH_L2_03,2023-01-15 09:00:00,299.54,306.83,1655,28.14,182,No Failure,0
LOG_0000692,MCH_L3_03,2023-01-15 09:30:00,298.91,310.51,1354,41.21,35,No Failure,0
LOG_0000693,MCH_L2_05,2023-01-15 10:00:00,300.21,313.39,1398,32.24,9,No Failure,0
LOG_0000694,MCH_L2_05,2023-01-15 10:30:00,296.2,307.69,1504,42.93,69,No Failure,0
LOG_0000695,MCH_L2_05,2023-01-15 11:00:00,300.66,312.32,1363,36.3,236,No Failure,0
LOG_0000696,MCH_L3_04,2023-01-15 11:30:00,298.96,308.47,1449,32.43,207,No Failure,0
LOG_0000697,MCH_L1_02,2023-01-15 12:00:00,300.6,310.9,1649,39.68,117,No Failure,0
LOG_0000698,MCH_L1_03,2023-01-15 12:30:00,301.0,311.59,1586,18.31,216,No Failure,0
LOG_0000699,MCH_L2_04,2023-01-15 13:00:00,302.83,311.99,1599,31.88,190,No Failure,0
LOG_0000700,MCH_L2_02,2023-01-15 13:30:00,300.26,310.11,1381,61.0,161,No Failure,0
LOG_0000701,MCH_L1_04,2023-01-15 14:00:00,302.67,311.47,1290,38.9,94,No Failure,0
LOG_0000702,MCH_L2_05,2023-01-15 14:30:00,299.2,308.73,1448,36.8,238,No Failure,0
LOG_0000703,MCH_L1_05,2023-01-15 15:00:00,299.31,310.32,1220,44.02,71,No Failure,0
LOG_0000704,MCH_L1_02,2023-01-15 15:30:00,299.77,307.65,1554,49.85,144,Heat Dissipation,1
LOG_0000705,MCH_L3_03,2023-01-15 16:00:00,301.94,313.08,1589,54.88,122,Power Failure,1
LOG_0000706,MCH_L3_01,2023-01-15 16:30:00,301.58,309.69,1405,40.43,60,No Failure,0
LOG_0000707,MCH_L3_03,2023-01-15 17:00:00,300.34,310.4,1569,39.24,205,No Failure,0
LOG_0000708,MCH_L2_03,2023-01-15 17:30:00,296.93,307.1,1569,44.27,221,No Failure,0
LOG_0000709,MCH_L1_04,2023-01-15 18:00:00,301.53,312.22,1365,41.5,145,No Failure,0
LOG_0000710,MCH_L2_04,2023-01-15 18:30:00,297.85,307.63,1452,39.58,188,No Failure,0
LOG_0000711,MCH_L1_05,2023-01-15 19:00:00,297.71,306.46,1443,46.12,237,No Failure,0
LOG_0000712,MCH_L3_03,2023-01-15 19:30:00,297.15,307.37,1611,45.99,35,No Failure,0
LOG_0000713,MCH_L2_04,2023-01-15 20:00:00,299.79,312.4,1587,41.51,212,No Failure,0
LOG_0000714,MCH_L1_04,2023-01-15 20:30:00,303.03,313.01,1568,61.5,180,No Failure,0
LOG_0000715,MCH_L2_05,2023-01-15 21:00:00,297.59,306.53,1432,57.21,222,Heat Dissipation,1
LOG_0000716,MCH_L1_05,2023-01-15 21:30:00,304.2,313.64,1663,45.72,160,No Failure,0
LOG_0000717,MCH_L2_04,2023-01-15 22:00:00,302.27,312.45,1521,50.85,150,No Failure,0
LOG_0000718,MCH_L2_03,2023-01-15 22:30:00,296.34,306.02,1559,35.27,191,No Failure,0
LOG_0000719,MCH_L1_03,2023-01-15 23:00:00,299.04,308.55,1707,41.26,37,No Failure,0
LOG_0000720,MCH_L1_01,2023-01-15 23:30:00,297.4,308.99,1579,47.21,196,No Failure,0
LOG_0000721,MCH_L1_03,2023-01-16 00:00:00,301.66,312.28,1485,52.86,206,No Failure,0
LOG_0000722,MCH_L1_04,2023-01-16 00:30:00,297.53,307.39,1440,32.21,157,No Failure,0
LOG_0000723,MCH_L1_02,2023-01-16 01:00:00,295.95,305.82,1291,35.41,143,No Failure,0
LOG_0000724,MCH_L1_01,2023-01-16 01:30:00,299.19,309.4,1312,41.68,181,No Failure,0
LOG_0000725,MCH_L2_02,2023-01-16 02:00:00,302.92,313.59,1602,53.97,186,No Failure,0
LOG_0000726,MCH_L2_03,2023-01-16 02:30:00,299.52,311.06,1262,41.66,103,No Failure,0
LOG_0000727,MCH_L2_02,2023-01-16 03:00:00,301.0,310.51,1621,50.8,220,No Failure,0
LOG_0000728,MCH_L3_04,2023-01-16 03:30:00,301.09,309.9,1596,39.65,91,No Failure,0
LOG_0000729,MCH_L1_05,2023-01-16 04:00:00,296.22,305.55,1396,47.21,5,No Failure,0
LOG_0000730,MCH_L3_02,2023-01-16 04:30:00,297.75,306.7,1521,31.74,132,No Failure,0
LOG_0000731,MCH_L1_01,2023-01-16 05:00:00,300.02,308.19,1569,34.59,229,No Failure,0
LOG_0000732,MCH_L2_02,2023-01-16 05:30:00,298.61,310.3,1511,38.87,216,Heat Dissipation,1
LOG_0000733,MCH_L3_03,2023-01-16 06:00:00,304.26,315.29,1647,30.82,91,No Failure,0
LOG_0000734,MCH_L2_02,2023-01-16 06:30:00,296.93,304.19,1332,30.33,0,No Failure,0
LOG_0000735,MCH_L2_04,2023-01-16 07:00:00,297.73,307.99,1560,37.16,13,No Failure,0
LOG_0000736,MCH_L1_03,2023-01-16 07:30:00,300.73,310.28,1426,28.12,82,No Failure,0
LOG_0000737,MCH_L2_04,2023-01-16 08:00:00,298.43,307.83,1291,39.45,30,No Failure,0
LOG_0000738,MCH_L3_04,2023-01-16 08:30:00,292.77,299.79,1360,42.85,178,No Failure,0
LOG_0000739,MCH_L1_01,2023-01-16 09:00:00,304.84,314.81,1437,33.3,120,No Failure,0
LOG_0000740,MCH_L1_01,2023-01-16 09:30:00,297.31,307.4,1502,37.41,78,No Failure,0
LOG_0000741,MCH_L3_04,2023-01-16 10:00:00,301.4,309.99,1391,37.17,146,No Failure,0
LOG_0000742,MCH_L1_04,2023-01-16 10:30:00,296.87,308.82,1439,53.5,101,No Failure,0
LOG_0000743,MCH_L2_04,2023-01-16 11:00:00,297.84,308.79,1452,41.36,31,No Failure,0
LOG_0000744,MCH_L2_01,2023-01-16 11:30:00,295.94,304.66,1394,59.19,56,No Failure,0
LOG_0000745,MCH_L3_03,2023-01-16 12:00:00,298.15,309.38,1432,36.49,30,No Failure,0
LOG_0000746,MCH_L3_01,2023-01-16 12:30:00,298.39,307.83,1568,36.47,57,No Failure,0
LOG_0000747,MCH_L1_03,2023-01-16 13:00:00,299.67,310.94,1697,49.78,228,No Failure,0
LOG_0000748,MCH_L1_01,2023-01-16 13:30:00,299.07,307.34,1525,18.57,153,No Failure,0
LOG_0000749,MCH_L1_04,2023-01-16 14:00:00,296.4,306.6,1515,46.63,47,No Failure,0
LOG_0000750,MCH_L3_02,2023-01-16 14:30:00,298.69,307.23,1490,39.21,122,No Failure,0
LOG_0000751,MCH_L3_03,2023-01-16 15:00:00,303.62,312.62,1453,40.96,40,No Failure,0
LOG_0000752,MCH_L2_04,2023-01-16 15:30:00,303.32,311.0,1569,37.15,152,No Failure,0
LOG_0000753,MCH_L1_03,2023-01-16 16:00:00,301.14,309.66,1617,45.01,174,No Failure,0
LOG_0000754,MCH_L3_02,2023-01-16 16:30:00,301.66,310.17,1360,24.3,181,No Failure,0
LOG_0000755,MCH_L2_04,2023-01-16 17:00:00,305.15,313.51,1624,33.68,231,No Failure,0
LOG_0000756,MCH_L2_02,2023-01-16 17:30:00,301.43,311.66,1695,56.65,120,No Failure,0
LOG_0000757,MCH_L3_02,2023-01-16 18:00:00,301.61,309.49,1379,40.54,184,No Failure,0
LOG_0000758,MCH_L3_04,2023-01-16 18:30:00,296.09,306.45,1610,29.95,199,No Failure,0
LOG_0000759,MCH_L3_05,2023-01-16 19:00:00,297.22,308.43,1696,40.53,60,Overstrain,1
LOG_0000760,MCH_L1_04,2023-01-16 19:30:00,299.92,308.85,1585,46.35,131,No Failure,0
LOG_0000761,MCH_L1_03,2023-01-16 20:00:00,297.98,307.88,1478,40.82,158,No Failure,0
LOG_0000762,MCH_L2_05,2023-01-16 20:30:00,297.51,307.11,1593,39.04,119,No Failure,0
LOG_0000763,MCH_L3_05,2023-01-16 21:00:00,297.79,307.3,1402,34.98,95,No Failure,0
LOG_0000764,MCH_L1_05,2023-01-16 21:30:00,296.44,303.37,1462,29.24,225,No Failure,0
LOG_0000765,MCH_L1_05,2023-01-16 22:00:00,298.02,306.67,1412,24.1,111,No Failure,0
LOG_0000766,MCH_L1_03,2023-01-16 22:30:00,300.85,312.6,1338,32.93,194,No Failure,0
LOG_0000767,MCH_L3_02,2023-01-16 23:00:00,304.49,314.88,1504,51.16,40,No Failure,0
LOG_0000768,MCH_L2_04,2023-01-16 23:30:00,301.99,311.7,1536,36.39,25,No Failure,0
LOG_0000769,MCH_L1_04,2023-01-17 00:00:00,301.59,309.17,1579,38.62,195,Power Failure,1
LOG_0000770,MCH_L3_01,2023-01-17 00:30:00,295.94,306.65,962,27.06,193,No Failure,0
LOG_0000771,MCH_L1_05,2023-01-17 01:00:00,300.3,309.21,1521,40.05,18,No Failure,0
LOG_0000772,MCH_L1_04,2023-01-17 01:30:00,299.83,308.35,1509,36.57,86,No Failure,0
LOG_0000773,MCH_L1_05,2023-01-17 02:00:00,300.73,309.37,1369,37.17,24,No Failure,0
LOG_0000774,MCH_L2_02,2023-01-17 02:30:00,299.1,309.71,1446,34.95,46,Heat Dissipation,1
LOG_0000775,MCH_L2_04,2023-01-17 03:00:00,304.16,314.07,1590,35.07,198,Tool Wear,1
LOG_0000776,MCH_L2_02,2023-01-17 03:30:00,300.13,311.17,1511,37.93,7,Heat Dissipation,1
LOG_0000777,MCH_L3_03,2023-01-17 04:00:00,300.38,311.73,1497,39.73,2,No Failure,0
LOG_0000778,MCH_L1_05,2023-01-17 04:30:00,295.09,304.2,1607,20.79,214,No Failure,0
LOG_0000779,MCH_L2_05,2023-01-17 05:00:00,299.73,309.68,1777,25.71,238,No Failure,0
LOG_0000780,MCH_L2_05,2023-01-17 05:30:00,302.87,312.51,1470,35.52,32,No Failure,0
LOG_0000781,MCH_L2_02,2023-01-17 06:00:00,301.39,309.76,1529,47.84,111,No Failure,0
LOG_0000782,MCH_L3_04,2023-01-17 06:30:00,294.61,303.15,1393,27.96,155,No Failure,0
LOG_0000783,MCH_L3_05,2023-01-17 07:00:00,298.88,308.68,1757,44.93,21,No Failure,0
LOG_0000784,MCH_L2_05,2023-01-17 07:30:00,304.33,314.26,1435,54.08,98,No Failure,0
LOG_0000785,MCH_L1_05,2023-01-17 08:00:00,299.62,309.55,1283,37.73,97,No Failure,0
LOG_0000786,MCH_L1_03,2023-01-17 08:30:00,300.81,310.75,1574,36.19,29,No Failure,0
LOG_0000787,MCH_L2_02,2023-01-17 09:00:00,304.05,313.07,1306,44.57,46,No Failure,0
LOG_0000788,MCH_L3_03,2023-01-17 09:30:00,299.61,312.16,1655,40.93,163,No Failure,0
LOG_0000789,MCH_L3_01,2023-01-17 10:00:00,301.98,312.26,1570,34.71,58,No Failure,0
LOG_0000790,MCH_L3_01,2023-01-17 10:30:00,301.03,310.34,1376,42.32,13,No Failure,0
LOG_0000791,MCH_L1_02,2023-01-17 11:00:00,301.56,312.04,1580,34.17,72,No Failure,0
LOG_0000792,MCH_L3_05,2023-01-17 11:30:00,300.95,309.93,1459,51.7,213,No Failure,0
LOG_0000793,MCH_L3_02,2023-01-17 12:00:00,298.63,308.66,1551,38.18,219,No Failure,0
LOG_0000794,MCH_L2_04,2023-01-17 12:30:00,298.88,309.36,1346,43.6,104,No Failure,0
LOG_0000795,MCH_L2_05,2023-01-17 13:00:00,297.86,308.52,1338,54.15,13,No Failure,0
LOG_0000796,MCH_L2_05,2023-01-17 13:30:00,295.9,304.39,1538,38.46,206,No Failure,0
LOG_0000797,MCH_L3_02,2023-01-17 14:00:00,303.11,316.74,1726,33.61,183,No Failure,0
LOG_0000798,MCH_L1_01,2023-01-17 14:30:00,300.03,311.45,1422,35.13,228,Power Failure,1
LOG_0000799,MCH_L3_03,2023-01-17 15:00:00,302.99,315.43,1413,39.97,151,No Failure,0
LOG_0000800,MCH_L2_01,2023-01-17 15:30:00,303.91,313.6,1459,38.78,225,No Failure,0
LOG_0000801,MCH_L2_02,2023-01-17 16:00:00,300.13,310.43,1341,38.48,48,No Failure,0
LOG_0000802,MCH_L3_04,2023-01-17 16:30:00,296.72,306.76,1566,42.97,170,No Failure,0
LOG_0000803,MCH_L3_03,2023-01-17 17:00:00,299.51,308.85,1608,41.04,236,No Failure,0
LOG_0000804,MCH_L2_03,2023-01-17 17:30:00,298.32,309.23,1557,36.07,235,No Failure,0
LOG_0000805,MCH_L2_05,2023-01-17 18:00:00,295.05,303.99,1479,40.09,2,Overstrain,1
LOG_0000806,MCH_L2_04,2023-01-17 18:30:00,298.75,309.59,1377,34.14,22,No Failure,0
LOG_0000807,MCH_L1_02,2023-01-17 19:00:00,299.82,309.22,1747,35.89,147,No Failure,0
LOG_0000808,MCH_L3_01,2023-01-17 19:30:00,298.39,308.87,1397,20.17,108,No Failure,0
LOG_0000809,MCH_L2_05,2023-01-17 20:00:00,298.07,309.82,1394,32.92,142,No Failure,0
LOG_0000810,MCH_L1_02,2023-01-17 20:30:00,296.81,306.65,1284,46.93,42,No Failure,0
LOG_0000811,MCH_L1_05,2023-01-17 21:00:00,300.49,311.43,1329,45.35,207,No Failure,0
LOG_0000812,MCH_L3_03,2023-01-17 21:30:00,304.67,314.06,1541,46.21,70,No Failure,0
LOG_0000813,MCH_L1_05,2023-01-17 22:00:00,303.2,311.78,1448,43.62,160,No Failure,0
LOG_0000814,MCH_L2_01,2023-01-17 22:30:00,301.63,313.62,1396,35.88,54,No Failure,0
LOG_0000815,MCH_L1_03,2023-01-17 23:00:00,301.69,312.59,1404,29.25,125,No Failure,0
LOG_0000816,MCH_L2_03,2023-01-17 23:30:00,299.67,309.51,1438,37.3,210,No Failure,0
LOG_0000817,MCH_L3_03,2023-01-18 00:00:00,295.49,306.33,1420,13.68,81,No Failure,0
LOG_0000818,MCH_L1_01,2023-01-18 00:30:00,299.08,307.86,1668,49.71,40,No Failure,0
LOG_0000819,MCH_L2_01,2023-01-18 01:00:00,297.58,308.11,1455,41.74,145,No Failure,0
LOG_0000820,MCH_L1_04,2023-01-18 01:30:00,300.39,310.65,1517,47.26,130,Tool Wear,1
LOG_0000821,MCH_L1_01,2023-01-18 02:00:00,303.08,313.86,1507,35.64,2,No Failure,0
LOG_0000822,MCH_L3_05,2023-01-18 02:30:00,304.93,316.9,1511,26.35,99,No Failure,0
LOG_0000823,MCH_L2_02,2023-01-18 03:00:00,300.16,311.9,1455,41.57,143,No Failure,0
LOG_0000824,MCH_L2_04,2023-01-18 03:30:00,295.83,304.16,1443,41.46,170,No Failure,0
LOG_0000825,MCH_L3_03,2023-01-18 04:00:00,300.16,307.77,1577,38.83,22,No Failure,0
LOG_0000826,MCH_L1_04,2023-01-18 04:30:00,300.22,310.51,1526,42.42,214,No Failure,0
LOG_0000827,MCH_L1_04,2023-01-18 05:00:00,301.7,311.9,1408,35.94,142,No Failure,0
LOG_0000828,MCH_L2_01,2023-01-18 05:30:00,299.95,308.59,1156,41.69,200,No Failure,0
LOG_0000829,MCH_L3_02,2023-01-18 06:00:00,300.17,309.02,1427,43.98,126,No Failure,0
LOG_0000830,MCH_L3_05,2023-01-18 06:30:00,298.42,307.5,1336,54.24,57,No Failure,0
LOG_0000831,MCH_L1_03,2023-01-18 07:00:00,299.22,310.82,1389,46.51,167,No Failure,0
LOG_0000832,MCH_L3_03,2023-01-18 07:30:00,301.28,310.71,1341,29.47,117,No Failure,0
LOG_0000833,MCH_L3_02,2023-01-18 08:00:00,294.98,303.18,1639,36.69,165,No Failure,0
LOG_0000834,MCH_L2_01,2023-01-18 08:30:00,299.21,309.13,1638,32.73,116,No Failure,0
LOG_0000835,MCH_L2_02,2023-01-18 09:00:00,301.72,311.72,1590,51.65,81,No Failure,0
LOG_0000836,MCH_L3_01,2023-01-18 09:30:00,304.1,312.86,1459,35.83,101,No Failure,0
LOG_0000837,MCH_L2_05,2023-01-18 10:00:00,299.0,309.71,1420,37.76,133,No Failure,0
LOG_0000838,MCH_L2_05,2023-01-18 10:30:00,302.96,314.32,1320,39.05,107,No Failure,0
LOG_0000839,MCH_L1_03,2023-01-18 11:00:00,304.23,313.8,1609,43.42,228,No Failure,0
LOG_0000840,MCH_L2_02,2023-01-18 11:30:00,299.04,307.24,1604,29.89,45,No Failure,0
LOG_0000841,MCH_L3_04,2023-01-18 12:00:00,298.6,308.27,1559,39.91,5,No Failure,0
LOG_0000842,MCH_L1_03,2023-01-18 12:30:00,299.54,309.9,1366,47.98,212,No Failure,0
LOG_0000843,MCH_L3_03,2023-01-18 13:00:00,299.8,307.21,1459,37.21,122,No Failure,0
LOG_0000844,MCH_L3_03,2023-01-18 13:30:00,302.73,313.31,1485,55.54,221,No Failure,0
LOG_0000845,MCH_L1_02,2023-01-18 14:00:00,298.07,307.62,1287,32.48,91,No Failure,0
LOG_0000846,MCH_L3_02,2023-01-18 14:30:00,303.85,313.9,1671,35.71,147,No Failure,0
LOG_0000847,MCH_L3_04,2023-01-18 15:00:00,298.0,307.65,1337,46.58,18,No Failure,0
LOG_0000848,MCH_L2_05,2023-01-18 15:30:00,296.84,305.94,1406,40.28,13,No Failure,0
LOG_0000849,MCH_L1_04,2023-01-18 16:00:00,301.31,311.18,1287,38.06,64,No Failure,0
LOG_0000850,MCH_L3_02,2023-01-18 16:30:00,303.08,312.47,1475,30.49,218,No Failure,0
LOG_0000851,MCH_L2_03,2023-01-18 17:00:00,300.45,310.02,1470,35.04,95,No Failure,0
LOG_0000852,MCH_L3_03,2023-01-18 17:30:00,301.09,310.03,1617,55.56,156,No Failure,0
LOG_0000853,MCH_L3_05,2023-01-18 18:00:00,304.89,315.53,1386,42.71,158,No Failure,0
LOG_0000854,MCH_L2_04,2023-01-18 18:30:00,303.11,314.59,1369,44.9,152,No Failure,0
LOG_0000855,MCH_L2_02,2023-01-18 19:00:00,300.08,309.03,1509,34.7,198,No Failure,0
LOG_0000856,MCH_L1_01,2023-01-18 19:30:00,298.92,308.78,1250,41.66,230,No Failure,0
LOG_0000857,MCH_L1_03,2023-01-18 20:00:00,302.74,311.43,1659,37.65,45,No Failure,0
LOG_0000858,MCH_L3_03,2023-01-18 20:30:00,302.07,312.54,1341,29.4,179,No Failure,0
LOG_0000859,MCH_L3_02,2023-01-18 21:00:00,301.05,311.32,1718,33.76,15,No Failure,0
LOG_0000860,MCH_L3_04,2023-01-18 21:30:00,299.18,308.49,1404,35.58,107,Heat Dissipation,1
LOG_0000861,MCH_L2_04,2023-01-18 22:00:00,299.81,309.71,1328,57.81,138,No Failure,0
LOG_0000862,MCH_L3_05,2023-01-18 22:30:00,299.63,310.67,1569,55.9,17,No Failure,0
LOG_0000863,MCH_L3_02,2023-01-18 23:00:00,299.22,307.29,1563,25.77,107,No Failure,0
LOG_0000864,MCH_L1_01,2023-01-18 23:30:00,298.5,306.95,1565,32.98,183,No Failure,0
LOG_0000865,MCH_L2_04,2023-01-19 00:00:00,300.66,311.36,1512,38.45,233,No Failure,0
LOG_0000866,MCH_L2_03,2023-01-19 00:30:00,298.38,308.45,1768,40.22,183,No Failure,0
LOG_0000867,MCH_L1_01,2023-01-19 01:00:00,300.44,310.36,1338,38.88,184,No Failure,0
LOG_0000868,MCH_L2_01,2023-01-19 01:30:00,294.75,305.88,1663,55.72,68,No Failure,0
LOG_0000869,MCH_L1_05,2023-01-19 02:00:00,298.5,309.35,1306,35.99,119,No Failure,0
LOG_0000870,MCH_L2_01,2023-01-19 02:30:00,302.75,314.81,1698,55.44,193,No Failure,0
LOG_0000871,MCH_L2_05,2023-01-19 03:00:00,297.75,308.82,1542,48.17,201,No Failure,0
LOG_0000872,MCH_L3_02,2023-01-19 03:30:00,301.48,312.11,1687,39.47,217,No Failure,0
LOG_0000873,MCH_L3_03,2023-01-19 04:00:00,297.96,307.9,1607,34.52,87,No Failure,0
LOG_0000874,MCH_L3_03,2023-01-19 04:30:00,301.94,311.77,1239,34.39,89,No Failure,0
LOG_0000875,MCH_L3_03,2023-01-19 05:00:00,299.26,309.26,1459,56.51,15,No Failure,0
LOG_0000876,MCH_L3_05,2023-01-19 05:30:00,299.16,309.43,1349,46.13,216,No Failure,0
LOG_0000877,MCH_L1_05,2023-01-19 06:00:00,300.14,308.69,1679,42.51,101,No Failure,0
LOG_0000878,MCH_L2_01,2023-01-19 06:30:00,296.64,306.96,1596,21.34,133,No Failure,0
LOG_0000879,MCH_L1_05,2023-01-19 07:00:00,302.43,312.14,1518,35.8,179,No Failure,0
LOG_0000880,MCH_L3_01,2023-01-19 07:30:00,303.26,313.69,1450,36.86,124,No Failure,0
LOG_0000881,MCH_L3_02,2023-01-19 08:00:00,299.1,308.41,1550,41.85,119,No Failure,0
LOG_0000882,MCH_L1_05,2023-01-19 08:30:00,301.31,310.52,1385,38.84,182,No Failure,0
LOG_0000883,MCH_L1_04,2023-01-19 09:00:00,301.95,312.23,1533,36.74,75,No Failure,0
LOG_0000884,MCH_L1_03,2023-01-19 09:30:00,299.77,310.34,1485,42.74,72,No Failure,0
LOG_0000885,MCH_L1_03,2023-01-19 10:00:00,297.23,306.51,1401,47.65,176,No Failure,0
LOG_0000886,MCH_L1_04,2023-01-19 10:30:00,303.99,315.57,1583,34.93,233,No Failure,0
LOG_0000887,MCH_L2_04,2023-01-19 11:00:00,299.02,310.59,1726,31.58,199,No Failure,0
LOG_0000888,MCH_L1_02,2023-01-19 11:30:00,298.48,306.58,1328,35.22,183,No Failure,0
LOG_0000889,MCH_L3_05,2023-01-19 12:00:00,304.1,313.17,1613,31.84,222,No Failure,0
LOG_0000890,MCH_L2_04,2023-01-19 12:30:00,301.53,311.67,1403,37.74,40,No Failure,0
LOG_0000891,MCH_L1_01,2023-01-19 13:00:00,300.64,311.08,1570,57.03,223,No Failure,0
LOG_0000892,MCH_L3_04,2023-01-19 13:30:00,297.57,310.13,1425,37.11,198,No Failure,0
LOG_0000893,MCH_L3_05,2023-01-19 14:00:00,302.01,312.18,1464,30.65,223,No Failure,0
LOG_0000894,MCH_L3_05,2023-01-19 14:30:00,307.24,317.1,1475,36.24,105,No Failure,0
LOG_0000895,MCH_L1_01,2023-01-19 15:00:00,302.2,310.83,1663,53.27,183,No Failure,0
LOG_0000896,MCH_L1_05,2023-01-19 15:30:00,301.24,309.34,1488,37.63,120,No Failure,0
LOG_0000897,MCH_L2_01,2023-01-19 16:00:00,301.8,311.64,1459,33.13,88,No Failure,0
LOG_0000898,MCH_L2_01,2023-01-19 16:30:00,299.18,311.65,1490,25.29,224,No Failure,0
LOG_0000899,MCH_L1_03,2023-01-19 17:00:00,299.16,308.91,1727,37.16,190,No Failure,0
LOG_0000900,MCH_L2_02,2023-01-19 17:30:00,299.12,308.19,1567,27.69,117,No Failure,0
LOG_0000901,MCH_L2_04,2023-01-19 18:00:00,298.56,309.1,1426,41.84,155,No Failure,0
LOG_0000902,MCH_L3_01,2023-01-19 18:30:00,299.12,306.71,1679,36.42,202,No Failure,0
LOG_0000903,MCH_L3_02,2023-01-19 19:00:00,299.11,309.21,1521,22.21,158,No Failure,0
LOG_0000904,MCH_L2_05,2023-01-19 19:30:00,299.39,310.38,1396,54.14,182,No Failure,0
LOG_0000905,MCH_L2_03,2023-01-19 20:00:00,299.32,308.18,1547,58.17,179,No Failure,0
LOG_0000906,MCH_L2_01,2023-01-19 20:30:00,300.61,312.25,1481,42.18,201,No Failure,0
LOG_0000907,MCH_L3_02,2023-01-19 21:00:00,300.2,310.99,1094,53.06,65,No Failure,0
LOG_0000908,MCH_L2_03,2023-01-19 21:30:00,300.42,312.07,1539,41.95,45,No Failure,0
LOG_0000909,MCH_L3_02,2023-01-19 22:00:00,303.81,312.16,1370,23.45,107,No Failure,0
LOG_0000910,MCH_L1_05,2023-01-19 22:30:00,300.19,309.97,1347,37.83,3,No Failure,0
LOG_0000911,MCH_L2_03,2023-01-19 23:00:00,305.53,316.64,1266,34.63,149,No Failure,0
LOG_0000912,MCH_L2_05,2023-01-19 23:30:00,300.88,309.08,1515,27.28,172,No Failure,0
LOG_0000913,MCH_L3_02,2023-01-20 00:00:00,298.88,310.02,1482,40.01,155,No Failure,0
LOG_0000914,MCH_L1_04,2023-01-20 00:30:00,303.37,313.15,1613,33.66,137,No Failure,0
LOG_0000915,MCH_L2_05,2023-01-20 01:00:00,299.8,310.93,1404,41.6,193,No Failure,0
LOG_0000916,MCH_L2_03,2023-01-20 01:30:00,294.02,304.28,1442,46.23,176,No Failure,0
LOG_0000917,MCH_L2_05,2023-01-20 02:00:00,299.99,311.68,1737,54.44,94,Heat Dissipation,1
LOG_0000918,MCH_L3_02,2023-01-20 02:30:00,299.38,307.83,1263,39.72,105,No Failure,0
LOG_0000919,MCH_L1_02,2023-01-20 03:00:00,304.02,314.41,1645,30.46,214,No Failure,0
LOG_0000920,MCH_L3_02,2023-01-20 03:30:00,297.76,305.95,1406,35.43,79,No Failure,0
LOG_0000921,MCH_L3_02,2023-01-20 04:00:00,299.17,309.67,1873,36.43,200,No Failure,0
LOG_0000922,MCH_L1_05,2023-01-20 04:30:00,303.17,313.56,1586,59.54,50,No Failure,0
LOG_0000923,MCH_L2_04,2023-01-20 05:00:00,300.99,310.65,1424,39.09,170,No Failure,0
LOG_0000924,MCH_L1_04,2023-01-20 05:30:00,299.57,308.63,1332,44.33,133,No Failure,0
LOG_0000925,MCH_L3_01,2023-01-20 06:00:00,298.11,307.72,1549,49.25,120,No Failure,0
LOG_0000926,MCH_L2_01,2023-01-20 06:30:00,300.88,311.0,1270,51.7,152,No Failure,0
LOG_0000927,MCH_L3_05,2023-01-20 07:00:00,299.93,310.27,1582,41.75,3,No Failure,0
LOG_0000928,MCH_L1_01,2023-01-20 07:30:00,298.08,310.4,1332,37.03,239,No Failure,0
LOG_0000929,MCH_L2_04,2023-01-20 08:00:00,298.21,309.26,1383,35.82,203,No Failure,0
LOG_0000930,MCH_L1_01,2023-01-20 08:30:00,297.96,307.26,1163,29.1,151,No Failure,0
LOG_0000931,MCH_L1_05,2023-01-20 09:00:00,297.52,308.22,1515,47.55,183,No Failure,0
LOG_0000932,MCH_L1_04,2023-01-20 09:30:00,302.34,313.4,1533,63.29,90,No Failure,0
LOG_0000933,MCH_L3_03,2023-01-20 10:00:00,302.0,311.21,1503,51.49,239,No Failure,0
LOG_0000934,MCH_L3_02,2023-01-20 10:30:00,302.34,313.18,1293,40.18,182,No Failure,0
LOG_0000935,MCH_L3_03,2023-01-20 11:00:00,300.01,308.23,1672,29.08,53,No Failure,0
LOG_0000936,MCH_L3_03,2023-01-20 11:30:00,299.39,308.56,1480,35.29,2,No Failure,0
LOG_0000937,MCH_L3_04,2023-01-20 12:00:00,299.44,307.73,1437,43.42,203,No Failure,0
LOG_0000938,MCH_L1_03,2023-01-20 12:30:00,302.55,312.3,1596,37.11,174,No Failure,0
LOG_0000939,MCH_L3_03,2023-01-20 13:00:00,295.45,304.88,1447,38.92,29,Heat Dissipation,1
LOG_0000940,MCH_L2_01,2023-01-20 13:30:00,298.71,308.23,1552,43.27,75,No Failure,0
LOG_0000941,MCH_L1_02,2023-01-20 14:00:00,297.78,308.76,1406,41.81,40,Heat Dissipation,1
LOG_0000942,MCH_L1_03,2023-01-20 14:30:00,303.4,313.51,1597,59.75,105,No Failure,0
LOG_0000943,MCH_L1_05,2023-01-20 15:00:00,298.81,309.77,1594,59.35,182,No Failure,0
LOG_0000944,MCH_L3_05,2023-01-20 15:30:00,295.91,307.86,1445,37.37,58,No Failure,0
LOG_0000945,MCH_L2_04,2023-01-20 16:00:00,300.56,313.07,1518,48.77,39,No Failure,0
LOG_0000946,MCH_L1_02,2023-01-20 16:30:00,299.07,308.9,1497,28.17,44,Tool Wear,1
LOG_0000947,MCH_L2_05,2023-01-20 17:00:00,298.61,309.25,1484,48.0,149,No Failure,0
LOG_0000948,MCH_L2_03,2023-01-20 17:30:00,298.35,308.16,1357,44.11,14,No Failure,0
LOG_0000949,MCH_L3_04,2023-01-20 18:00:00,298.25,309.47,1374,32.33,219,No Failure,0
LOG_0000950,MCH_L1_02,2023-01-20 18:30:00,301.77,312.75,1453,49.8,16,No Failure,0
LOG_0000951,MCH_L3_01,2023-01-20 19:00:00,300.56,309.77,1508,31.29,186,No Failure,0
LOG_0000952,MCH_L3_03,2023-01-20 19:30:00,299.51,308.89,1393,38.87,107,No Failure,0
LOG_0000953,MCH_L1_05,2023-01-20 20:00:00,297.25,308.91,1501,41.24,239,No Failure,0
LOG_0000954,MCH_L2_02,2023-01-20 20:30:00,299.58,308.92,1225,25.64,24,No Failure,0
LOG_0000955,MCH_L2_03,2023-01-20 21:00:00,300.65,310.52,1500,41.36,42,No Failure,0
LOG_0000956,MCH_L1_01,2023-01-20 21:30:00,300.75,311.56,1509,32.34,191,No Failure,0
LOG_0000957,MCH_L2_01,2023-01-20 22:00:00,300.4,310.2,1598,36.49,178,No Failure,0
LOG_0000958,MCH_L1_01,2023-01-20 22:30:00,297.69,309.53,1670,39.17,60,No Failure,0
LOG_0000959,MCH_L1_02,2023-01-20 23:00:00,293.99,305.23,1582,25.59,172,No Failure,0
LOG_0000960,MCH_L3_05,2023-01-20 23:30:00,304.5,313.44,1715,35.68,130,No Failure,0
LOG_0000961,MCH_L1_01,2023-01-21 00:00:00,296.73,306.03,1496,38.51,163,No Failure,0
LOG_0000962,MCH_L3_01,2023-01-21 00:30:00,295.09,305.8,1505,36.88,222,No Failure,0
LOG_0000963,MCH_L1_05,2023-01-21 01:00:00,300.33,310.27,1596,31.9,206,Heat Dissipation,1
LOG_0000964,MCH_L2_05,2023-01-21 01:30:00,295.73,303.4,1487,28.49,237,No Failure,0
LOG_0000965,MCH_L3_05,2023-01-21 02:00:00,297.99,306.82,1460,31.34,191,No Failure,0
LOG_0000966,MCH_L2_04,2023-01-21 02:30:00,301.37,311.65,1664,23.53,27,No Failure,0
LOG_0000967,MCH_L2_01,2023-01-21 03:00:00,304.43,315.5,1586,32.8,106,No Failure,0
LOG_0000968,MCH_L3_01,2023-01-21 03:30:00,300.97,312.06,1579,50.44,222,No Failure,0
LOG_0000969,MCH_L3_01,2023-01-21 04:00:00,298.9,311.26,1396,26.87,123,Power Failure,1
LOG_0000970,MCH_L1_01,2023-01-21 04:30:00,299.87,309.04,1613,47.73,172,No Failure,0
LOG_0000971,MCH_L3_03,2023-01-21 05:00:00,295.48,304.71,1509,28.59,83,No Failure,0
LOG_0000972,MCH_L1_01,2023-01-21 05:30:00,298.87,308.84,1381,44.28,236,No Failure,0
LOG_0000973,MCH_L1_02,2023-01-21 06:00:00,298.88,306.87,1583,62.36,148,No Failure,0
LOG_0000974,MCH_L2_04,2023-01-21 06:30:00,300.38,310.38,1356,45.02,26,No Failure,0
LOG_0000975,MCH_L1_03,2023-01-21 07:00:00,304.86,314.63,1211,38.37,82,No Failure,0
LOG_0000976,MCH_L3_05,2023-01-21 07:30:00,295.16,306.11,1283,38.62,99,Power Failure,1
LOG_0000977,MCH_L1_01,2023-01-21 08:00:00,298.98,310.13,1470,47.55,75,No Failure,0
LOG_0000978,MCH_L1_05,2023-01-21 08:30:00,295.42,305.85,1684,43.35,34,No Failure,0
LOG_0000979,MCH_L2_02,2023-01-21 09:00:00,298.74,308.74,1537,42.26,175,No Failure,0
LOG_0000980,MCH_L2_01,2023-01-21 09:30:00,297.84,308.28,1487,36.01,96,No Failure,0
LOG_0000981,MCH_L3_02,2023-01-21 10:00:00,296.26,305.31,1658,42.81,99,No Failure,0
LOG_0000982,MCH_L1_01,2023-01-21 10:30:00,302.28,312.18,1561,24.77,232,No Failure,0
LOG_0000983,MCH_L1_05,2023-01-21 11:00:00,300.64,310.66,1622,34.92,150,No Failure,0
LOG_0000984,MCH_L3_05,2023-01-21 11:30:00,301.99,311.9,1616,55.21,191,No Failure,0
LOG_0000985,MCH_L1_05,2023-01-21 12:00:00,298.67,308.46,1462,47.41,12,No Failure,0
LOG_0000986,MCH_L2_01,2023-01-21 12:30:00,299.82,309.07,1472,38.9,157,No Failure,0
LOG_0000987,MCH_L1_03,2023-01-21 13:00:00,303.99,312.76,1399,30.72,201,No Failure,0
LOG_0000988,MCH_L1_05,2023-01-21 13:30:00,299.99,309.74,1599,57.12,232,No Failure,0
LOG_0000989,MCH_L2_02,2023-01-21 14:00:00,302.02,312.73,1352,34.71,147,No Failure,0
LOG_0000990,MCH_L1_05,2023-01-21 14:30:00,298.46,306.38,1393,31.86,5,No Failure,0
LOG_0000991,MCH_L1_05,2023-01-21 15:00:00,301.79,311.19,1491,41.48,222,No Failure,0
LOG_0000992,MCH_L1_05,2023-01-21 15:30:00,298.63,311.11,1513,35.41,146,No Failure,0
LOG_0000993,MCH_L2_05,2023-01-21 16:00:00,295.26,305.03,1570,22.89,194,Tool Wear,1
LOG_0000994,MCH_L2_05,2023-01-21 16:30:00,299.98,310.16,1495,27.75,73,No Failure,0
LOG_0000995,MCH_L1_03,2023-01-21 17:00:00,298.82,311.03,1456,38.32,9,Power Failure,1
LOG_0000996,MCH_L1_01,2023-01-21 17:30:00,295.94,306.32,1586,30.41,183,No Failure,0
LOG_0000997,MCH_L1_05,2023-01-21 18:00:00,300.48,310.89,1609,26.8,20,No Failure,0
LOG_0000998,MCH_L3_04,2023-01-21 18:30:00,297.77,306.68,1296,27.54,126,No Failure,0
LOG_0000999,MCH_L2_04,2023-01-21 19:00:00,307.73,318.11,1628,38.42,55,No Failure,0
LOG_0001000,MCH_L3_04,2023-01-21 19:30:00,296.34,306.32,1460,38.9,56,No Failure,0
LOG_0001001,MCH_L1_01,2023-01-21 20:00:00,296.97,308.08,1691,47.14,129,No Failure,0
LOG_0001002,MCH_L1_03,2023-01-21 20:30:00,302.17,313.7,1421,29.78,236,No Failure,0
LOG_0001003,MCH_L3_03,2023-01-21 21:00:00,299.67,309.71,1380,38.43,38,No Failure,0
LOG_0001004,MCH_L3_03,2023-01-21 21:30:00,302.12,312.58,1577,34.3,60,No Failure,0
LOG_0001005,MCH_L1_04,2023-01-21 22:00:00,300.95,308.68,1755,44.69,172,No Failure,0
LOG_0001006,MCH_L3_04,2023-01-21 22:30:00,298.54,305.86,1305,40.15,221,No Failure,0
LOG_0001007,MCH_L1_01,2023-01-21 23:00:00,296.55,307.86,1600,42.92,109,No Failure,0
LOG_0001008,MCH_L1_01,2023-01-21 23:30:00,302.68,309.69,1567,50.47,155,No Failure,0
LOG_0001009,MCH_L2_03,2023-01-22 00:00:00,296.78,307.17,1496,41.69,145,No Failure,0
LOG_0001010,MCH_L1_02,2023-01-22 00:30:00,301.4,311.19,1748,49.32,13,No Failure,0
LOG_0001011,MCH_L3_02,2023-01-22 01:00:00,302.3,313.78,1270,28.87,182,No Failure,0
LOG_0001012,MCH_L3_05,2023-01-22 01:30:00,299.68,309.64,1633,27.59,58,No Failure,0
LOG_0001013,MCH_L2_03,2023-01-22 02:00:00,299.24,311.4,1616,51.26,108,No Failure,0
LOG_0001014,MCH_L2_02,2023-01-22 02:30:00,297.54,307.3,1643,42.38,146,No Failure,0
LOG_0001015,MCH_L2_05,2023-01-22 03:00:00,301.16,312.54,1628,45.07,231,No Failure,0
LOG_0001016,MCH_L2_05,2023-01-22 03:30:00,292.39,300.59,1528,49.94,227,No Failure,0
LOG_0001017,MCH_L1_02,2023-01-22 04:00:00,301.79,309.03,1463,33.56,40,No Failure,0
LOG_0001018,MCH_L2_01,2023-01-22 04:30:00,300.3,310.27,1426,34.77,139,No Failure,0
LOG_0001019,MCH_L2_01,2023-01-22 05:00:00,299.44,307.76,1570,46.98,147,No Failure,0
LOG_0001020,MCH_L1_03,2023-01-22 05:30:00,300.61,310.54,1499,37.06,161,No Failure,0
LOG_0001021,MCH_L3_01,2023-01-22 06:00:00,296.57,306.07,1474,35.27,124,No Failure,0
LOG_0001022,MCH_L1_02,2023-01-22 06:30:00,293.97,304.7,1433,29.21,35,No Failure,0
LOG_0001023,MCH_L3_02,2023-01-22 07:00:00,301.17,309.89,1451,47.6,20,No Failure,0
LOG_0001024,MCH_L1_01,2023-01-22 07:30:00,303.29,313.8,1593,35.38,55,No Failure,0
LOG_0001025,MCH_L2_01,2023-01-22 08:00:00,295.65,306.69,1502,47.48,210,Heat Dissipation,1
LOG_0001026,MCH_L3_02,2023-01-22 08:30:00,297.37,307.12,1645,44.2,40,No Failure,0
LOG_0001027,MCH_L1_05,2023-01-22 09:00:00,301.88,312.45,1337,51.84,126,No Failure,0
LOG_0001028,MCH_L3_04,2023-01-22 09:30:00,300.9,309.73,1574,25.63,168,No Failure,0
LOG_0001029,MCH_L3_04,2023-01-22 10:00:00,307.41,316.95,1379,15.62,170,No Failure,0
LOG_0001030,MCH_L3_01,2023-01-22 10:30:00,302.69,311.08,1645,54.91,105,No Failure,0
LOG_0001031,MCH_L2_04,2023-01-22 11:00:00,302.09,314.9,1648,48.6,226,No Failure,0
LOG_0001032,MCH_L1_01,2023-01-22 11:30:00,298.09,309.56,1330,31.29,199,No Failure,0
LOG_0001033,MCH_L3_05,2023-01-22 12:00:00,301.31,313.3,1408,33.01,85,No Failure,0
LOG_0001034,MCH_L3_05,2023-01-22 12:30:00,303.74,315.2,1413,40.4,234,No Failure,0
LOG_0001035,MCH_L2_02,2023-01-22 13:00:00,299.59,308.79,1651,38.28,37,No Failure,0
LOG_0001036,MCH_L3_05,2023-01-22 13:30:00,299.71,307.87,1428,34.36,145,No Failure,0
LOG_0001037,MCH_L1_05,2023-01-22 14:00:00,300.35,309.84,1582,32.8,7,No Failure,0
LOG_0001038,MCH_L1_05,2023-01-22 14:30:00,298.34,308.91,1420,35.92,193,No Failure,0
LOG_0001039,MCH_L3_04,2023-01-22 15:00:00,300.67,310.32,1629,44.19,147,No Failure,0
LOG_0001040,MCH_L1_02,2023-01-22 15:30:00,300.61,307.93,1640,40.14,196,No Failure,0
LOG_0001041,MCH_L3_01,2023-01-22 16:00:00,303.7,314.6,1700,35.83,184,No Failure,0
LOG_0001042,MCH_L1_03,2023-01-22 16:30:00,299.53,307.61,1479,34.32,105,No Failure,0
LOG_0001043,MCH_L2_02,2023-01-22 17:00:00,301.69,311.18,1500,58.22,221,No Failure,0
LOG_0001044,MCH_L2_01,2023-01-22 17:30:00,299.6,311.69,1483,35.1,145,No Failure,0
LOG_0001045,MCH_L3_02,2023-01-22 18:00:00,301.6,311.66,1503,44.43,107,No Failure,0
LOG_0001046,MCH_L1_02,2023-01-22 18:30:00,299.37,310.66,1448,60.94,187,No Failure,0
LOG_0001047,MCH_L2_01,2023-01-22 19:00:00,301.43,311.85,1626,45.87,214,No Failure,0
LOG_0001048,MCH_L1_02,2023-01-22 19:30:00,301.82,310.61,1408,44.03,129,No Failure,0
LOG_0001049,MCH_L1_02,2023-01-22 20:00:00,297.33,308.21,1482,50.5,169,No Failure,0
LOG_0001050,MCH_L1_02,2023-01-22 20:30:00,302.76,312.68,1523,51.83,63,No Failure,0
LOG_0001051,MCH_L3_04,2023-01-22 21:00:00,299.58,307.8,1558,39.77,43,No Failure,0
LOG_0001052,MCH_L3_05,2023-01-22 21:30:00,298.83,306.85,1357,28.71,178,No Failure,0
LOG_0001053,MCH_L3_01,2023-01-22 22:00:00,298.22,308.68,1470,38.68,100,No Failure,0
LOG_0001054,MCH_L1_03,2023-01-22 22:30:00,300.75,313.32,1502,44.93,105,No Failure,0
LOG_0001055,MCH_L3_05,2023-01-22 23:00:00,299.99,308.7,1596,37.07,223,No Failure,0
LOG_0001056,MCH_L1_02,2023-01-22 23:30:00,300.93,309.78,1474,38.03,64,No Failure,0
LOG_0001057,MCH_L1_04,2023-01-23 00:00:00,300.98,311.46,1487,53.76,230,No Failure,0
LOG_0001058,MCH_L2_04,2023-01-23 00:30:00,301.52,309.94,1516,46.68,64,No Failure,0
LOG_0001059,MCH_L2_01,2023-01-23 01:00:00,306.94,319.76,1625,45.02,117,No Failure,0
LOG_0001060,MCH_L1_01,2023-01-23 01:30:00,300.1,309.06,1253,31.2,123,No Failure,0
LOG_0001061,MCH_L2_03,2023-01-23 02:00:00,298.16,307.56,1512,37.91,181,No Failure,0
LOG_0001062,MCH_L3_05,2023-01-23 02:30:00,294.95,303.98,1640,43.25,107,No Failure,0
LOG_0001063,MCH_L3_02,2023-01-23 03:00:00,297.01,308.13,1400,45.54,94,No Failure,0
LOG_0001064,MCH_L3_04,2023-01-23 03:30:00,303.09,315.68,1409,53.5,166,No Failure,0
LOG_0001065,MCH_L2_02,2023-01-23 04:00:00,301.8,310.96,1646,45.69,135,No Failure,0
LOG_0001066,MCH_L2_05,2023-01-23 04:30:00,296.63,307.67,1458,35.42,66,No Failure,0
LOG_0001067,MCH_L1_03,2023-01-23 05:00:00,306.16,314.59,1461,55.99,110,No Failure,0
LOG_0001068,MCH_L1_01,2023-01-23 05:30:00,300.82,311.97,1533,37.64,75,No Failure,0
LOG_0001069,MCH_L1_05,2023-01-23 06:00:00,301.15,313.26,1141,47.79,225,No Failure,0
LOG_0001070,MCH_L3_03,2023-01-23 06:30:00,305.61,317.35,1281,35.1,48,No Failure,0
LOG_0001071,MCH_L1_04,2023-01-23 07:00:00,304.35,314.51,1569,33.39,216,Heat Dissipation,1
LOG_0001072,MCH_L2_05,2023-01-23 07:30:00,301.95,310.71,1470,28.49,163,No Failure,0
LOG_0001073,MCH_L2_03,2023-01-23 08:00:00,302.07,312.07,1480,29.09,6,No Failure,0
LOG_0001074,MCH_L1_01,2023-01-23 08:30:00,302.31,311.94,1421,35.97,14,No Failure,0
LOG_0001075,MCH_L2_05,2023-01-23 09:00:00,299.4,308.86,1467,51.12,84,No Failure,0
LOG_0001076,MCH_L1_01,2023-01-23 09:30:00,300.72,310.97,1643,42.23,152,No Failure,0
LOG_0001077,MCH_L3_02,2023-01-23 10:00:00,301.44,311.36,1515,24.9,239,No Failure,0
LOG_0001078,MCH_L1_04,2023-01-23 10:30:00,299.68,310.53,1627,47.06,184,No Failure,0
LOG_0001079,MCH_L2_03,2023-01-23 11:00:00,297.59,308.45,1481,39.96,37,No Failure,0
LOG_0001080,MCH_L1_05,2023-01-23 11:30:00,299.33,309.25,1502,52.89,36,No Failure,0
LOG_0001081,MCH_L1_02,2023-01-23 12:00:00,297.53,308.05,1539,35.82,121,No Failure,0
LOG_0001082,MCH_L2_01,2023-01-23 12:30:00,300.16,311.75,1563,32.31,15,No Failure,0
LOG_0001083,MCH_L1_05,2023-01-23 13:00:00,295.55,304.91,1398,54.73,0,No Failure,0
LOG_0001084,MCH_L1_02,2023-01-23 13:30:00,300.85,310.87,1496,48.53,174,No Failure,0
LOG_0001085,MCH_L3_03,2023-01-23 14:00:00,295.92,304.69,1418,25.47,179,No Failure,0
LOG_0001086,MCH_L3_04,2023-01-23 14:30:00,298.99,309.57,1681,43.07,36,No Failure,0
LOG_0001087,MCH_L3_01,2023-01-23 15:00:00,301.26,311.5,1293,25.49,44,Heat Dissipation,1
LOG_0001088,MCH_L3_01,2023-01-23 15:30:00,301.98,312.53,1570,48.12,141,No Failure,0
LOG_0001089,MCH_L3_01,2023-01-23 16:00:00,301.68,310.49,1407,30.54,184,No Failure,0
LOG_0001090,MCH_L1_03,2023-01-23 16:30:00,300.8,311.72,1363,29.34,161,No Failure,0
LOG_0001091,MCH_L3_05,2023-01-23 17:00:00,297.2,307.32,1463,51.79,193,Heat Dissipation,1
LOG_0001092,MCH_L2_04,2023-01-23 17:30:00,302.45,313.69,1654,43.52,158,No Failure,0
LOG_0001093,MCH_L2_02,2023-01-23 18:00:00,297.26,306.73,1422,46.25,82,No Failure,0
LOG_0001094,MCH_L2_02,2023-01-23 18:30:00,302.74,313.56,1283,35.89,210,No Failure,0
LOG_0001095,MCH_L3_05,2023-01-23 19:00:00,301.57,312.1,1386,39.31,171,No Failure,0
LOG_0001096,MCH_L3_01,2023-01-23 19:30:00,303.4,315.23,1514,53.33,22,No Failure,0
LOG_0001097,MCH_L2_01,2023-01-23 20:00:00,300.06,309.92,1305,42.73,93,No Failure,0
LOG_0001098,MCH_L2_03,2023-01-23 20:30:00,297.95,307.28,1586,59.81,80,No Failure,0
LOG_0001099,MCH_L1_04,2023-01-23 21:00:00,296.77,306.18,1310,38.34,65,No Failure,0
LOG_0001100,MCH_L2_03,2023-01-23 21:30:00,297.05,305.72,1442,48.16,138,No Failure,0
LOG_0001101,MCH_L1_04,2023-01-23 22:00:00,295.91,305.31,1598,49.43,176,No Failure,0
LOG_0001102,MCH_L2_03,2023-01-23 22:30:00,302.36,309.55,1439,41.67,205,No Failure,0
LOG_0001103,MCH_L2_04,2023-01-23 23:00:00,302.67,314.31,1338,51.58,232,No Failure,0
LOG_0001104,MCH_L1_03,2023-01-23 23:30:00,301.38,313.7,1489,35.45,57,No Failure,0
LOG_0001105,MCH_L1_03,2023-01-24 00:00:00,299.92,309.74,1440,47.33,28,Heat Dissipation,1
LOG_0001106,MCH_L3_01,2023-01-24 00:30:00,305.15,315.68,1645,31.17,82,No Failure,0
LOG_0001107,MCH_L3_03,2023-01-24 01:00:00,299.75,309.95,1598,29.26,219,No Failure,0
LOG_0001108,MCH_L1_02,2023-01-24 01:30:00,300.55,308.97,1560,40.33,178,No Failure,0
LOG_0001109,MCH_L3_03,2023-01-24 02:00:00,299.88,311.11,1502,38.91,128,No Failure,0
LOG_0001110,MCH_L2_05,2023-01-24 02:30:00,299.15,310.56,1473,30.59,132,No Failure,0
LOG_0001111,MCH_L1_03,2023-01-24 03:00:00,301.58,310.33,1473,46.5,114,No Failure,0
LOG_0001112,MCH_L1_03,2023-01-24 03:30:00,298.42,308.82,1294,53.27,33,No Failure,0
LOG_0001113,MCH_L1_05,2023-01-24 04:00:00,298.25,307.93,1500,37.25,124,No Failure,0
LOG_0001114,MCH_L1_05,2023-01-24 04:30:00,301.7,313.13,1404,48.85,77,No Failure,0
LOG_0001115,MCH_L1_02,2023-01-24 05:00:00,298.76,308.66,1489,34.6,18,No Failure,0
LOG_0001116,MCH_L3_02,2023-01-24 05:30:00,300.33,310.26,1506,38.3,87,No Failure,0
LOG_0001117,MCH_L2_05,2023-01-24 06:00:00,299.15,311.34,1441,39.58,167,No Failure,0
LOG_0001118,MCH_L3_03,2023-01-24 06:30:00,299.97,308.43,1611,47.09,80,No Failure,0
LOG_0001119,MCH_L2_01,2023-01-24 07:00:00,298.32,308.62,1371,39.31,193,No Failure,0
LOG_0001120,MCH_L1_05,2023-01-24 07:30:00,298.4,308.51,1440,23.02,94,No Failure,0
LOG_0001121,MCH_L2_01,2023-01-24 08:00:00,297.95,307.23,1460,50.2,208,No Failure,0
LOG_0001122,MCH_L1_01,2023-01-24 08:30:00,302.11,314.56,1638,40.97,191,Power Failure,1
LOG_0001123,MCH_L1_05,2023-01-24 09:00:00,300.43,310.83,1503,20.47,71,No Failure,0
LOG_0001124,MCH_L2_04,2023-01-24 09:30:00,302.3,313.11,1497,52.07,237,Overstrain,1
LOG_0001125,MCH_L3_02,2023-01-24 10:00:00,302.56,313.54,1604,52.53,144,No Failure,0
LOG_0001126,MCH_L2_05,2023-01-24 10:30:00,298.85,308.46,1437,30.83,37,No Failure,0
LOG_0001127,MCH_L3_04,2023-01-24 11:00:00,302.2,313.69,1605,27.95,217,No Failure,0
LOG_0001128,MCH_L1_02,2023-01-24 11:30:00,299.96,311.21,1547,49.71,170,No Failure,0
LOG_0001129,MCH_L1_01,2023-01-24 12:00:00,299.6,309.45,1648,49.73,39,No Failure,0
LOG_0001130,MCH_L3_04,2023-01-24 12:30:00,303.13,314.26,1454,44.1,172,No Failure,0
LOG_0001131,MCH_L2_05,2023-01-24 13:00:00,301.38,312.87,1464,36.21,167,No Failure,0
LOG_0001132,MCH_L3_03,2023-01-24 13:30:00,299.12,310.07,1517,33.27,198,No Failure,0
LOG_0001133,MCH_L3_01,2023-01-24 14:00:00,301.22,310.22,1492,45.1,119,No Failure,0
LOG_0001134,MCH_L2_04,2023-01-24 14:30:00,296.84,306.73,1592,34.55,87,No Failure,0
LOG_0001135,MCH_L2_05,2023-01-24 15:00:00,300.62,311.19,1474,34.6,221,No Failure,0
LOG_0001136,MCH_L2_04,2023-01-24 15:30:00,296.25,306.55,1372,46.66,89,No Failure,0
LOG_0001137,MCH_L3_05,2023-01-24 16:00:00,297.54,306.65,1662,48.35,29,Heat Dissipation,1
LOG_0001138,MCH_L2_04,2023-01-24 16:30:00,301.46,311.12,1729,52.76,162,No Failure,0
LOG_0001139,MCH_L2_01,2023-01-24 17:00:00,293.32,303.74,1311,24.53,193,No Failure,0
LOG_0001140,MCH_L3_05,2023-01-24 17:30:00,304.51,312.7,1557,35.76,171,No Failure,0
LOG_0001141,MCH_L2_03,2023-01-24 18:00:00,302.09,312.11,1589,37.1,131,No Failure,0
LOG_0001142,MCH_L3_04,2023-01-24 18:30:00,295.4,306.24,1529,39.85,191,No Failure,0
LOG_0001143,MCH_L3_01,2023-01-24 19:00:00,306.0,316.34,1688,29.19,132,No Failure,0
LOG_0001144,MCH_L3_05,2023-01-24 19:30:00,306.69,315.66,1338,44.82,175,Overstrain,1
LOG_0001145,MCH_L3_03,2023-01-24 20:00:00,299.55,308.73,1432,56.06,65,No Failure,0
LOG_0001146,MCH_L1_01,2023-01-24 20:30:00,297.68,309.46,1512,29.87,94,No Failure,0
LOG_0001147,MCH_L2_05,2023-01-24 21:00:00,304.22,313.09,1610,41.6,26,Tool Wear,1
LOG_0001148,MCH_L1_04,2023-01-24 21:30:00,299.14,310.56,1644,50.67,151,No Failure,0
LOG_0001149,MCH_L1_01,2023-01-24 22:00:00,300.4,309.65,1355,37.98,55,No Failure,0
LOG_0001150,MCH_L2_03,2023-01-24 22:30:00,303.04,314.4,1286,33.77,44,No Failure,0
LOG_0001151,MCH_L1_01,2023-01-24 23:00:00,299.62,310.27,1593,41.51,67,No Failure,0
LOG_0001152,MCH_L1_03,2023-01-24 23:30:00,299.4,308.98,1513,46.24,155,No Failure,0
LOG_0001153,MCH_L3_03,2023-01-25 00:00:00,296.82,304.7,1519,29.26,4,No Failure,0
LOG_0001154,MCH_L1_04,2023-01-25 00:30:00,298.42,308.9,1596,48.81,218,No Failure,0
LOG_0001155,MCH_L3_05,2023-01-25 01:00:00,299.35,309.57,1402,38.19,107,No Failure,0
LOG_0001156,MCH_L3_05,2023-01-25 01:30:00,296.9,307.4,1471,34.33,46,No Failure,0
LOG_0001157,MCH_L3_05,2023-01-25 02:00:00,297.13,307.78,1562,26.97,132,No Failure,0
LOG_0001158,MCH_L2_03,2023-01-25 02:30:00,300.08,308.5,1385,34.45,4,No Failure,0
LOG_0001159,MCH_L2_01,2023-01-25 03:00:00,295.38,305.85,1434,34.84,175,No Failure,0
LOG_0001160,MCH_L3_04,2023-01-25 03:30:00,297.8,308.69,1512,29.84,120,No Failure,0
LOG_0001161,MCH_L2_05,2023-01-25 04:00:00,304.86,315.74,1562,44.03,72,No Failure,0
LOG_0001162,MCH_L3_02,2023-01-25 04:30:00,299.14,307.64,1326,41.25,46,No Failure,0
LOG_0001163,MCH_L2_02,2023-01-25 05:00:00,298.82,310.21,1580,48.34,189,No Failure,0
LOG_0001164,MCH_L3_04,2023-01-25 05:30:00,299.13,309.64,1552,46.08,154,No Failure,0
LOG_0001165,MCH_L2_03,2023-01-25 06:00:00,299.16,309.83,1398,34.56,3,No Failure,0
LOG_0001166,MCH_L1_02,2023-01-25 06:30:00,301.44,310.37,1769,37.33,176,No Failure,0
LOG_0001167,MCH_L3_03,2023-01-25 07:00:00,301.26,312.17,1385,33.66,215,No Failure,0
LOG_0001168,MCH_L2_05,2023-01-25 07:30:00,299.02,306.95,1588,26.43,90,No Failure,0
LOG_0001169,MCH_L3_04,2023-01-25 08:00:00,299.47,308.45,1533,43.26,64,No Failure,0
LOG_0001170,MCH_L3_01,2023-01-25 08:30:00,303.28,314.8,1450,41.41,95,No Failure,0
LOG_0001171,MCH_L2_03,2023-01-25 09:00:00,296.22,307.07,1510,34.83,79,No Failure,0
LOG_0001172,MCH_L1_03,2023-01-25 09:30:00,299.86,310.21,1564,46.85,86,No Failure,0
LOG_0001173,MCH_L2_02,2023-01-25 10:00:00,300.34,311.47,1842,37.11,219,No Failure,0
LOG_0001174,MCH_L1_03,2023-01-25 10:30:00,298.06,309.28,1326,50.48,60,No Failure,0
LOG_0001175,MCH_L3_05,2023-01-25 11:00:00,299.71,310.62,1174,38.69,147,No Failure,0
LOG_0001176,MCH_L2_02,2023-01-25 11:30:00,297.72,307.46,1378,28.99,208,No Failure,0
LOG_0001177,MCH_L3_04,2023-01-25 12:00:00,301.59,310.54,1496,52.94,99,No Failure,0
LOG_0001178,MCH_L3_01,2023-01-25 12:30:00,296.65,305.85,1579,43.11,118,Power Failure,1
LOG_0001179,MCH_L3_05,2023-01-25 13:00:00,302.66,314.35,1511,31.95,108,No Failure,0
LOG_0001180,MCH_L3_02,2023-01-25 13:30:00,299.82,308.29,1481,36.58,135,No Failure,0
LOG_0001181,MCH_L3_03,2023-01-25 14:00:00,298.88,309.47,1684,32.95,81,No Failure,0
LOG_0001182,MCH_L1_02,2023-01-25 14:30:00,297.49,308.08,1405,48.43,12,No Failure,0
LOG_0001183,MCH_L2_05,2023-01-25 15:00:00,302.58,314.34,1699,22.3,200,No Failure,0
LOG_0001184,MCH_L2_01,2023-01-25 15:30:00,298.37,308.96,1574,42.37,164,No Failure,0
LOG_0001185,MCH_L1_03,2023-01-25 16:00:00,297.08,306.57,1679,25.4,221,No Failure,0
LOG_0001186,MCH_L1_03,2023-01-25 16:30:00,302.63,312.14,1386,23.97,42,No Failure,0
LOG_0001187,MCH_L3_05,2023-01-25 17:00:00,297.74,307.73,1457,43.49,91,Heat Dissipation,1
LOG_0001188,MCH_L2_04,2023-01-25 17:30:00,299.76,311.12,1324,29.71,237,No Failure,0
LOG_0001189,MCH_L2_02,2023-01-25 18:00:00,302.05,313.02,1536,45.93,183,Tool Wear,1
LOG_0001190,MCH_L1_05,2023-01-25 18:30:00,300.39,309.09,1538,48.2,177,No Failure,0
LOG_0001191,MCH_L3_02,2023-01-25 19:00:00,304.33,314.66,1741,36.2,209,No Failure,0
LOG_0001192,MCH_L2_05,2023-01-25 19:30:00,297.91,308.9,1509,44.15,19,No Failure,0
LOG_0001193,MCH_L2_02,2023-01-25 20:00:00,299.47,309.19,1317,52.53,47,No Failure,0
LOG_0001194,MCH_L2_04,2023-01-25 20:30:00,299.67,307.08,1613,31.85,99,No Failure,0
LOG_0001195,MCH_L1_01,2023-01-25 21:00:00,301.55,311.31,1390,47.32,18,No Failure,0
LOG_0001196,MCH_L2_02,2023-01-25 21:30:00,303.22,311.44,1347,33.39,68,No Failure,0
LOG_0001197,MCH_L2_01,2023-01-25 22:00:00,300.18,308.21,1584,40.03,225,No Failure,0
LOG_0001198,MCH_L2_05,2023-01-25 22:30:00,299.66,310.94,1407,34.71,16,No Failure,0
LOG_0001199,MCH_L3_04,2023-01-25 23:00:00,296.29,309.32,1428,35.02,155,No Failure,0
LOG_0001200,MCH_L3_02,2023-01-25 23:30:00,300.28,311.92,1668,36.94,35,No Failure,0
LOG_0001201,MCH_L2_04,2023-01-26 00:00:00,298.37,305.24,1561,34.91,165,No Failure,0
LOG_0001202,MCH_L1_01,2023-01-26 00:30:00,301.55,311.34,1571,38.88,221,No Failure,0
LOG_0001203,MCH_L3_03,2023-01-26 01:00:00,298.98,308.27,1334,49.93,81,No Failure,0
LOG_0001204,MCH_L1_04,2023-01-26 01:30:00,299.4,307.63,1584,28.29,69,No Failure,0
LOG_0001205,MCH_L2_04,2023-01-26 02:00:00,296.35,306.91,1466,43.64,115,No Failure,0
LOG_0001206,MCH_L1_04,2023-01-26 02:30:00,295.47,305.25,1446,30.83,153,No Failure,0
LOG_0001207,MCH_L2_05,2023-01-26 03:00:00,304.65,313.25,1549,31.35,206,No Failure,0
LOG_0001208,MCH_L1_03,2023-01-26 03:30:00,300.32,307.85,1500,24.23,0,No Failure,0
LOG_0001209,MCH_L2_04,2023-01-26 04:00:00,301.01,310.28,1324,49.15,80,No Failure,0
LOG_0001210,MCH_L3_03,2023-01-26 04:30:00,297.72,307.73,1614,37.95,222,No Failure,0
LOG_0001211,MCH_L1_02,2023-01-26 05:00:00,302.19,312.05,1625,32.36,129,No Failure,0
LOG_0001212,MCH_L3_05,2023-01-26 05:30:00,301.74,313.02,1429,41.1,163,No Failure,0
LOG_0001213,MCH_L1_04,2023-01-26 06:00:00,297.99,308.4,1573,37.03,183,No Failure,0
LOG_0001214,MCH_L3_05,2023-01-26 06:30:00,297.35,306.94,1609,49.36,34,No Failure,0
LOG_0001215,MCH_L2_01,2023-01-26 07:00:00,298.17,307.19,1275,31.35,126,No Failure,0
LOG_0001216,MCH_L1_02,2023-01-26 07:30:00,299.93,307.8,1438,38.8,26,No Failure,0
LOG_0001217,MCH_L3_05,2023-01-26 08:00:00,300.42,309.11,1238,47.23,194,No Failure,0
LOG_0001218,MCH_L2_03,2023-01-26 08:30:00,300.1,311.73,1576,30.94,183,No Failure,0
LOG_0001219,MCH_L2_03,2023-01-26 09:00:00,303.25,314.29,1553,36.08,45,No Failure,0
LOG_0001220,MCH_L1_01,2023-01-26 09:30:00,298.21,308.56,1421,29.14,147,No Failure,0
LOG_0001221,MCH_L3_02,2023-01-26 10:00:00,297.28,306.69,1481,32.62,7,No Failure,0
LOG_0001222,MCH_L1_03,2023-01-26 10:30:00,300.0,311.49,1455,26.79,92,No Failure,0
LOG_0001223,MCH_L2_05,2023-01-26 11:00:00,295.77,304.56,1255,30.98,71,Heat Dissipation,1
LOG_0001224,MCH_L2_04,2023-01-26 11:30:00,301.74,310.54,1656,28.87,232,No Failure,0
LOG_0001225,MCH_L1_05,2023-01-26 12:00:00,300.24,310.13,1530,34.32,113,No Failure,0
LOG_0001226,MCH_L2_01,2023-01-26 12:30:00,299.15,306.53,1482,48.26,90,No Failure,0
LOG_0001227,MCH_L1_04,2023-01-26 13:00:00,299.02,307.77,1483,42.38,25,No Failure,0
LOG_0001228,MCH_L2_05,2023-01-26 13:30:00,302.27,311.99,1584,51.03,102,No Failure,0
LOG_0001229,MCH_L1_02,2023-01-26 14:00:00,302.2,311.65,1309,36.71,201,No Failure,0
LOG_0001230,MCH_L3_01,2023-01-26 14:30:00,299.38,308.19,1394,32.38,61,No Failure,0
LOG_0001231,MCH_L2_03,2023-01-26 15:00:00,301.48,313.92,1525,38.92,93,No Failure,0
LOG_0001232,MCH_L3_01,2023-01-26 15:30:00,302.16,313.8,1633,34.84,160,No Failure,0
LOG_0001233,MCH_L3_03,2023-01-26 16:00:00,300.84,312.9,1210,43.49,60,No Failure,0
LOG_0001234,MCH_L2_01,2023-01-26 16:30:00,299.49,309.37,1619,27.21,227,No Failure,0
LOG_0001235,MCH_L1_05,2023-01-26 17:00:00,300.95,310.36,1415,39.39,147,No Failure,0
LOG_0001236,MCH_L2_04,2023-01-26 17:30:00,297.4,309.32,1465,52.78,67,No Failure,0
LOG_0001237,MCH_L1_01,2023-01-26 18:00:00,300.18,310.28,1504,32.17,214,No Failure,0
LOG_0001238,MCH_L1_05,2023-01-26 18:30:00,299.42,308.15,1367,36.25,28,No Failure,0
LOG_0001239,MCH_L2_01,2023-01-26 19:00:00,299.03,307.84,1351,25.32,45,No Failure,0
LOG_0001240,MCH_L1_05,2023-01-26 19:30:00,295.68,305.29,1524,49.43,223,No Failure,0
LOG_0001241,MCH_L2_01,2023-01-26 20:00:00,297.43,307.4,1727,39.17,164,No Failure,0
LOG_0001242,MCH_L2_01,2023-01-26 20:30:00,298.79,308.89,1386,35.58,100,No Failure,0
LOG_0001243,MCH_L2_02,2023-01-26 21:00:00,302.24,312.02,1385,40.4,89,No Failure,0
LOG_0001244,MCH_L1_04,2023-01-26 21:30:00,300.71,313.52,1353,39.4,180,No Failure,0
LOG_0001245,MCH_L3_04,2023-01-26 22:00:00,302.35,310.73,1472,34.04,132,No Failure,0
LOG_0001246,MCH_L3_01,2023-01-26 22:30:00,303.11,313.92,1382,28.06,87,No Failure,0
LOG_0001247,MCH_L3_04,2023-01-26 23:00:00,300.82,310.25,1384,41.31,126,Tool Wear,1
LOG_0001248,MCH_L3_04,2023-01-26 23:30:00,300.35,310.3,1525,40.13,106,No Failure,0
LOG_0001249,MCH_L3_04,2023-01-27 00:00:00,297.57,308.7,1326,36.7,65,No Failure,0
LOG_0001250,MCH_L3_05,2023-01-27 00:30:00,304.97,312.83,1694,37.4,142,No Failure,0
LOG_0001251,MCH_L2_03,2023-01-27 01:00:00,296.46,305.32,1358,49.19,45,No Failure,0
LOG_0001252,MCH_L2_02,2023-01-27 01:30:00,300.3,310.14,1635,42.47,237,No Failure,0
LOG_0001253,MCH_L2_04,2023-01-27 02:00:00,302.08,313.85,1736,28.73,231,No Failure,0
LOG_0001254,MCH_L2_02,2023-01-27 02:30:00,302.12,313.89,1643,50.96,184,No Failure,0
LOG_0001255,MCH_L1_03,2023-01-27 03:00:00,297.11,308.64,1628,45.79,7,No Failure,0
LOG_0001256,MCH_L1_03,2023-01-27 03:30:00,298.95,306.32,1595,45.18,164,No Failure,0
LOG_0001257,MCH_L3_05,2023-01-27 04:00:00,298.0,306.74,1525,33.26,100,Tool Wear,1
LOG_0001258,MCH_L2_03,2023-01-27 04:30:00,295.05,303.84,1641,47.26,184,No Failure,0
LOG_0001259,MCH_L1_05,2023-01-27 05:00:00,300.33,310.26,1468,41.53,141,No Failure,0
LOG_0001260,MCH_L1_04,2023-01-27 05:30:00,298.21,305.99,1603,30.13,132,No Failure,0
LOG_0001261,MCH_L2_03,2023-01-27 06:00:00,303.76,315.08,1632,42.45,72,No Failure,0
LOG_0001262,MCH_L3_05,2023-01-27 06:30:00,301.54,309.15,1561,48.09,213,No Failure,0
LOG_0001263,MCH_L2_01,2023-01-27 07:00:00,300.1,311.34,1467,44.83,122,No Failure,0
LOG_0001264,MCH_L1_02,2023-01-27 07:30:00,298.82,309.87,1558,24.7,42,No Failure,0
LOG_0001265,MCH_L1_04,2023-01-27 08:00:00,300.29,308.98,1455,43.4,176,No Failure,0
LOG_0001266,MCH_L3_02,2023-01-27 08:30:00,299.36,310.87,1434,36.91,122,No Failure,0
LOG_0001267,MCH_L3_01,2023-01-27 09:00:00,300.17,309.77,1594,23.98,235,No Failure,0
LOG_0001268,MCH_L1_04,2023-01-27 09:30:00,304.75,314.04,1517,45.52,171,No Failure,0
LOG_0001269,MCH_L3_05,2023-01-27 10:00:00,297.34,306.83,1593,45.81,183,No Failure,0
LOG_0001270,MCH_L2_01,2023-01-27 10:30:00,299.58,309.18,1518,39.73,47,No Failure,0
LOG_0001271,MCH_L2_01,2023-01-27 11:00:00,301.77,311.48,1561,31.33,157,No Failure,0
LOG_0001272,MCH_L1_01,2023-01-27 11:30:00,299.0,308.73,1667,51.85,160,No Failure,0
LOG_0001273,MCH_L3_04,2023-01-27 12:00:00,303.95,312.88,1480,44.65,229,No Failure,0
LOG_0001274,MCH_L2_03,2023-01-27 12:30:00,301.7,310.91,1451,45.14,164,Tool Wear,1
LOG_0001275,MCH_L2_01,2023-01-27 13:00:00,298.2,307.51,1551,47.83,177,No Failure,0
LOG_0001276,MCH_L1_03,2023-01-27 13:30:00,300.51,312.52,1190,50.31,236,No Failure,0
LOG_0001277,MCH_L3_04,2023-01-27 14:00:00,298.24,307.55,1585,42.74,229,No Failure,0
LOG_0001278,MCH_L2_04,2023-01-27 14:30:00,298.01,307.25,1396,30.32,6,No Failure,0
LOG_0001279,MCH_L1_02,2023-01-27 15:00:00,299.65,311.47,1701,34.17,194,No Failure,0
LOG_0001280,MCH_L3_05,2023-01-27 15:30:00,303.16,312.77,1594,35.58,170,No Failure,0
LOG_0001281,MCH_L3_01,2023-01-27 16:00:00,301.86,310.79,1609,50.33,39,No Failure,0
LOG_0001282,MCH_L2_03,2023-01-27 16:30:00,299.94,308.61,1612,41.83,31,Power Failure,1
LOG_0001283,MCH_L2_05,2023-01-27 17:00:00,301.95,310.25,1444,34.18,227,No Failure,0
LOG_0001284,MCH_L1_03,2023-01-27 17:30:00,300.67,311.32,1468,38.31,233,No Failure,0
LOG_0001285,MCH_L3_03,2023-01-27 18:00:00,297.08,304.91,1296,51.24,104,No Failure,0
LOG_0001286,MCH_L3_02,2023-01-27 18:30:00,299.64,311.26,1679,45.22,182,No Failure,0
LOG_0001287,MCH_L1_05,2023-01-27 19:00:00,299.82,309.71,1345,48.86,236,No Failure,0
LOG_0001288,MCH_L2_01,2023-01-27 19:30:00,301.9,311.38,1498,30.52,210,No Failure,0
LOG_0001289,MCH_L2_05,2023-01-27 20:00:00,298.58,308.31,1647,38.22,222,No Failure,0
LOG_0001290,MCH_L2_01,2023-01-27 20:30:00,297.72,308.28,1684,34.55,93,No Failure,0
LOG_0001291,MCH_L1_04,2023-01-27 21:00:00,299.89,309.33,1469,52.77,110,Overstrain,1
LOG_0001292,MCH_L1_03,2023-01-27 21:30:00,298.39,308.16,1295,38.83,228,No Failure,0
LOG_0001293,MCH_L1_04,2023-01-27 22:00:00,299.19,310.45,1527,35.12,88,No Failure,0
LOG_0001294,MCH_L1_01,2023-01-27 22:30:00,299.8,310.22,1539,22.95,76,Overstrain,1
LOG_0001295,MCH_L1_04,2023-01-27 23:00:00,299.04,307.54,1550,51.99,203,No Failure,0
LOG_0001296,MCH_L1_01,2023-01-27 23:30:00,302.41,311.56,1463,52.4,8,No Failure,0
LOG_0001297,MCH_L3_02,2023-01-28 00:00:00,303.54,311.4,1483,22.55,231,No Failure,0
LOG_0001298,MCH_L3_05,2023-01-28 00:30:00,302.16,312.9,1416,41.81,136,No Failure,0
LOG_0001299,MCH_L1_01,2023-01-28 01:00:00,295.57,306.44,1519,48.05,63,No Failure,0
LOG_0001300,MCH_L2_05,2023-01-28 01:30:00,298.4,307.28,1596,44.06,172,No Failure,0
LOG_0001301,MCH_L3_04,2023-01-28 02:00:00,299.55,312.32,1531,36.29,90,No Failure,0
LOG_0001302,MCH_L2_01,2023-01-28 02:30:00,295.38,308.31,1494,31.96,188,No Failure,0
LOG_0001303,MCH_L1_05,2023-01-28 03:00:00,297.81,307.84,1634,49.93,232,No Failure,0
LOG_0001304,MCH_L3_04,2023-01-28 03:30:00,299.52,308.56,1530,46.55,94,No Failure,0
LOG_0001305,MCH_L3_01,2023-01-28 04:00:00,298.88,309.21,1503,45.42,197,No Failure,0
LOG_0001306,MCH_L3_05,2023-01-28 04:30:00,300.02,309.03,1509,49.96,92,No Failure,0
LOG_0001307,MCH_L1_04,2023-01-28 05:00:00,296.55,307.69,1354,58.58,93,No Failure,0
LOG_0001308,MCH_L3_03,2023-01-28 05:30:00,298.85,309.05,1369,37.23,165,No Failure,0
LOG_0001309,MCH_L3_01,2023-01-28 06:00:00,300.38,310.67,1485,37.25,202,No Failure,0
LOG_0001310,MCH_L1_03,2023-01-28 06:30:00,300.03,312.14,1411,36.56,233,No Failure,0
LOG_0001311,MCH_L1_01,2023-01-28 07:00:00,301.12,310.38,1494,32.16,173,No Failure,0
LOG_0001312,MCH_L2_01,2023-01-28 07:30:00,300.97,310.28,1602,50.15,123,No Failure,0
LOG_0001313,MCH_L1_02,2023-01-28 08:00:00,298.98,310.01,1584,51.43,69,No Failure,0
LOG_0001314,MCH_L2_03,2023-01-28 08:30:00,300.3,309.79,1547,49.06,102,No Failure,0
LOG_0001315,MCH_L2_05,2023-01-28 09:00:00,298.0,309.92,1601,54.17,232,No Failure,0
LOG_0001316,MCH_L1_05,2023-01-28 09:30:00,299.32,310.52,1623,40.86,63,No Failure,0
LOG_0001317,MCH_L2_02,2023-01-28 10:00:00,297.36,306.91,1619,43.19,94,No Failure,0
LOG_0001318,MCH_L2_05,2023-01-28 10:30:00,302.66,310.49,1616,45.55,162,No Failure,0
LOG_0001319,MCH_L3_02,2023-01-28 11:00:00,299.32,307.58,1356,36.43,11,No Failure,0
LOG_0001320,MCH_L1_02,2023-01-28 11:30:00,302.66,312.08,1273,30.9,47,No Failure,0
LOG_0001321,MCH_L3_03,2023-01-28 12:00:00,300.78,311.27,1406,41.23,62,No Failure,0
LOG_0001322,MCH_L2_03,2023-01-28 12:30:00,297.79,309.11,1445,36.03,172,No Failure,0
LOG_0001323,MCH_L1_02,2023-01-28 13:00:00,300.63,310.37,1611,58.44,5,No Failure,0
LOG_0001324,MCH_L1_04,2023-01-28 13:30:00,302.02,310.95,1488,27.34,44,No Failure,0
LOG_0001325,MCH_L1_01,2023-01-28 14:00:00,299.81,309.64,1442,39.5,89,No Failure,0
LOG_0001326,MCH_L3_05,2023-01-28 14:30:00,300.19,310.21,1519,42.46,100,No Failure,0
LOG_0001327,MCH_L1_05,2023-01-28 15:00:00,298.62,310.19,1564,32.95,159,No Failure,0
LOG_0001328,MCH_L2_04,2023-01-28 15:30:00,300.06,311.56,1593,36.1,195,No Failure,0
LOG_0001329,MCH_L1_01,2023-01-28 16:00:00,300.59,309.39,1450,40.51,103,No Failure,0
LOG_0001330,MCH_L2_04,2023-01-28 16:30:00,298.55,309.09,1385,30.14,130,No Failure,0
LOG_0001331,MCH_L3_01,2023-01-28 17:00:00,297.3,306.28,1406,43.47,126,No Failure,0
LOG_0001332,MCH_L3_05,2023-01-28 17:30:00,303.22,312.23,1514,53.41,129,No Failure,0
LOG_0001333,MCH_L2_03,2023-01-28 18:00:00,301.51,312.76,1373,36.78,19,No Failure,0
LOG_0001334,MCH_L2_01,2023-01-28 18:30:00,298.63,308.39,1613,46.53,210,No Failure,0
LOG_0001335,MCH_L2_02,2023-01-28 19:00:00,300.55,311.32,1374,54.52,38,No Failure,0
LOG_0001336,MCH_L1_03,2023-01-28 19:30:00,296.3,306.94,1313,48.56,139,No Failure,0
LOG_0001337,MCH_L3_04,2023-01-28 20:00:00,295.06,304.96,1518,33.82,188,No Failure,0
LOG_0001338,MCH_L3_05,2023-01-28 20:30:00,302.71,313.11,1466,26.93,35,No Failure,0
LOG_0001339,MCH_L1_01,2023-01-28 21:00:00,300.57,310.81,1556,37.36,233,No Failure,0
LOG_0001340,MCH_L1_05,2023-01-28 21:30:00,299.88,308.5,1440,40.5,91,No Failure,0
LOG_0001341,MCH_L3_04,2023-01-28 22:00:00,300.58,311.16,1548,22.41,8,No Failure,0
LOG_0001342,MCH_L3_02,2023-01-28 22:30:00,308.07,317.22,1620,40.24,43,No Failure,0
LOG_0001343,MCH_L3_02,2023-01-28 23:00:00,302.17,310.89,1425,32.97,74,No Failure,0
LOG_0001344,MCH_L1_02,2023-01-28 23:30:00,297.39,308.42,1561,38.99,52,No Failure,0
LOG_0001345,MCH_L3_04,2023-01-29 00:00:00,295.8,305.09,1715,37.35,29,No Failure,0
LOG_0001346,MCH_L1_05,2023-01-29 00:30:00,302.64,313.97,1592,38.24,114,No Failure,0
LOG_0001347,MCH_L2_03,2023-01-29 01:00:00,302.14,313.46,1404,46.39,65,No Failure,0
LOG_0001348,MCH_L3_01,2023-01-29 01:30:00,301.44,310.87,1540,31.51,37,No Failure,0
LOG_0001349,MCH_L2_04,2023-01-29 02:00:00,297.97,309.25,1343,24.45,37,No Failure,0
LOG_0001350,MCH_L1_02,2023-01-29 02:30:00,300.91,310.44,1361,47.05,160,No Failure,0
LOG_0001351,MCH_L3_02,2023-01-29 03:00:00,298.19,308.11,1679,45.5,198,No Failure,0
LOG_0001352,MCH_L1_03,2023-01-29 03:30:00,301.66,312.25,1548,44.57,235,No Failure,0
LOG_0001353,MCH_L1_03,2023-01-29 04:00:00,302.46,314.91,1684,32.47,212,No Failure,0
LOG_0001354,MCH_L1_01,2023-01-29 04:30:00,298.64,309.77,1551,45.19,54,No Failure,0
LOG_0001355,MCH_L2_03,2023-01-29 05:00:00,302.83,312.76,1434,29.12,75,No Failure,0
LOG_0001356,MCH_L2_01,2023-01-29 05:30:00,300.29,310.41,1505,37.44,115,No Failure,0
LOG_0001357,MCH_L3_02,2023-01-29 06:00:00,301.23,309.33,1532,52.9,84,No Failure,0
LOG_0001358,MCH_L3_03,2023-01-29 06:30:00,296.73,307.94,1765,45.08,22,No Failure,0
LOG_0001359,MCH_L2_03,2023-01-29 07:00:00,300.58,311.66,1584,39.38,197,No Failure,0
LOG_0001360,MCH_L3_01,2023-01-29 07:30:00,298.31,308.65,1410,38.78,141,No Failure,0
LOG_0001361,MCH_L2_04,2023-01-29 08:00:00,301.19,312.05,1476,30.64,95,No Failure,0
LOG_0001362,MCH_L1_05,2023-01-29 08:30:00,303.67,311.24,1556,53.77,48,Overstrain,1
LOG_0001363,MCH_L3_04,2023-01-29 09:00:00,300.72,309.42,1369,48.59,112,Power Failure,1
LOG_0001364,MCH_L3_02,2023-01-29 09:30:00,297.75,309.91,1497,46.78,113,No Failure,0
LOG_0001365,MCH_L3_04,2023-01-29 10:00:00,301.57,311.26,1475,39.21,44,No Failure,0
LOG_0001366,MCH_L1_03,2023-01-29 10:30:00,301.0,311.91,1558,36.9,204,No Failure,0
LOG_0001367,MCH_L1_05,2023-01-29 11:00:00,305.15,314.25,1488,33.55,154,No Failure,0
LOG_0001368,MCH_L1_05,2023-01-29 11:30:00,300.63,310.1,1332,52.17,202,No Failure,0
LOG_0001369,MCH_L1_05,2023-01-29 12:00:00,298.54,310.77,1494,24.59,95,No Failure,0
LOG_0001370,MCH_L1_03,2023-01-29 12:30:00,301.93,311.74,1592,44.82,194,No Failure,0
LOG_0001371,MCH_L3_01,2023-01-29 13:00:00,299.68,310.31,1673,26.6,48,No Failure,0
LOG_0001372,MCH_L3_04,2023-01-29 13:30:00,300.2,310.36,1615,38.28,1,No Failure,0
LOG_0001373,MCH_L2_05,2023-01-29 14:00:00,297.68,307.98,1308,39.79,221,Heat Dissipation,1
LOG_0001374,MCH_L3_04,2023-01-29 14:30:00,299.69,309.94,1339,29.12,187,No Failure,0
LOG_0001375,MCH_L1_04,2023-01-29 15:00:00,300.08,307.71,1373,32.74,193,No Failure,0
LOG_0001376,MCH_L2_04,2023-01-29 15:30:00,299.68,310.25,1680,46.19,102,No Failure,0
LOG_0001377,MCH_L3_03,2023-01-29 16:00:00,298.52,307.87,1559,52.57,58,No Failure,0
LOG_0001378,MCH_L2_05,2023-01-29 16:30:00,300.72,312.86,1816,42.66,220,No Failure,0
LOG_0001379,MCH_L2_04,2023-01-29 17:00:00,297.69,306.76,1654,34.16,59,Overstrain,1
LOG_0001380,MCH_L1_02,2023-01-29 17:30:00,297.1,306.53,1511,31.77,21,No Failure,0
LOG_0001381,MCH_L2_03,2023-01-29 18:00:00,301.77,314.71,1445,33.71,88,No Failure,0
LOG_0001382,MCH_L2_03,2023-01-29 18:30:00,301.54,312.41,1544,39.81,105,No Failure,0
LOG_0001383,MCH_L2_02,2023-01-29 19:00:00,296.73,305.55,1600,42.19,173,No Failure,0
LOG_0001384,MCH_L2_03,2023-01-29 19:30:00,295.43,305.64,1645,50.44,52,No Failure,0
LOG_0001385,MCH_L3_04,2023-01-29 20:00:00,297.48,306.02,1465,39.38,18,No Failure,0
LOG_0001386,MCH_L1_03,2023-01-29 20:30:00,299.68,309.99,1763,34.37,48,No Failure,0
LOG_0001387,MCH_L3_03,2023-01-29 21:00:00,302.89,311.92,1494,30.42,207,No Failure,0
LOG_0001388,MCH_L2_01,2023-01-29 21:30:00,299.62,311.86,1641,38.22,16,No Failure,0
LOG_0001389,MCH_L1_01,2023-01-29 22:00:00,298.08,308.59,1540,25.99,126,No Failure,0
LOG_0001390,MCH_L2_02,2023-01-29 22:30:00,300.37,311.0,1457,34.86,154,No Failure,0
LOG_0001391,MCH_L3_05,2023-01-29 23:00:00,299.71,310.85,1264,29.29,234,No Failure,0
LOG_0001392,MCH_L3_05,2023-01-29 23:30:00,296.55,307.82,1351,37.8,18,No Failure,0
LOG_0001393,MCH_L1_01,2023-01-30 00:00:00,296.56,305.73,1641,43.88,234,No Failure,0
LOG_0001394,MCH_L2_04,2023-01-30 00:30:00,296.63,306.74,1590,43.23,233,No Failure,0
LOG_0001395,MCH_L1_01,2023-01-30 01:00:00,306.2,315.67,1571,45.81,29,No Failure,0
LOG_0001396,MCH_L1_01,2023-01-30 01:30:00,302.15,314.66,1686,32.14,77,No Failure,0
LOG_0001397,MCH_L3_05,2023-01-30 02:00:00,298.52,305.78,1382,52.05,173,No Failure,0
LOG_0001398,MCH_L2_02,2023-01-30 02:30:00,302.77,312.08,1443,45.66,105,No Failure,0
LOG_0001399,MCH_L1_02,2023-01-30 03:00:00,298.58,308.48,1451,45.35,63,No Failure,0
LOG_0001400,MCH_L3_04,2023-01-30 03:30:00,302.69,312.85,1339,49.57,31,No Failure,0
LOG_0001401,MCH_L1_05,2023-01-30 04:00:00,300.2,310.34,1404,41.5,180,No Failure,0
LOG_0001402,MCH_L2_03,2023-01-30 04:30:00,298.35,308.29,1371,39.02,150,No Failure,0
LOG_0001403,MCH_L2_03,2023-01-30 05:00:00,301.7,311.51,1311,51.46,35,No Failure,0
LOG_0001404,MCH_L1_03,2023-01-30 05:30:00,300.34,310.63,1392,32.9,9,No Failure,0
LOG_0001405,MCH_L2_02,2023-01-30 06:00:00,301.0,311.55,1492,38.2,58,No Failure,0
LOG_0001406,MCH_L1_03,2023-01-30 06:30:00,300.54,312.69,1714,49.84,101,No Failure,0
LOG_0001407,MCH_L2_01,2023-01-30 07:00:00,300.51,312.65,1377,38.23,117,No Failure,0
LOG_0001408,MCH_L2_01,2023-01-30 07:30:00,302.0,312.36,1628,35.01,156,No Failure,0
LOG_0001409,MCH_L1_03,2023-01-30 08:00:00,306.46,315.87,1526,31.97,10,No Failure,0
LOG_0001410,MCH_L2_02,2023-01-30 08:30:00,303.12,312.61,1552,42.02,165,No Failure,0
LOG_0001411,MCH_L1_03,2023-01-30 09:00:00,300.55,308.97,1517,36.36,78,No Failure,0
LOG_0001412,MCH_L2_03,2023-01-30 09:30:00,299.22,310.36,1277,44.16,159,No Failure,0
LOG_0001413,MCH_L2_05,2023-01-30 10:00:00,299.5,309.45,1373,53.96,90,No Failure,0
LOG_0001414,MCH_L1_04,2023-01-30 10:30:00,296.86,307.38,1568,49.12,101,No Failure,0
LOG_0001415,MCH_L3_05,2023-01-30 11:00:00,301.66,312.06,1505,20.25,179,No Failure,0
LOG_0001416,MCH_L3_05,2023-01-30 11:30:00,297.46,306.62,1302,46.1,128,No Failure,0
LOG_0001417,MCH_L3_03,2023-01-30 12:00:00,299.07,308.08,1473,46.69,232,No Failure,0
LOG_0001418,MCH_L1_01,2023-01-30 12:30:00,301.68,311.14,1571,37.47,13,No Failure,0
LOG_0001419,MCH_L1_04,2023-01-30 13:00:00,299.41,309.99,1349,50.58,130,No Failure,0
LOG_0001420,MCH_L3_04,2023-01-30 13:30:00,298.77,308.67,1452,42.51,29,No Failure,0
LOG_0001421,MCH_L2_02,2023-01-30 14:00:00,297.01,304.89,1682,23.48,158,No Failure,0
LOG_0001422,MCH_L3_01,2023-01-30 14:30:00,303.01,311.78,1570,41.2,128,No Failure,0
LOG_0001423,MCH_L1_04,2023-01-30 15:00:00,297.92,307.6,1690,37.69,173,No Failure,0
LOG_0001424,MCH_L3_03,2023-01-30 15:30:00,298.54,308.5,1454,34.66,141,No Failure,0
LOG_0001425,MCH_L2_01,2023-01-30 16:00:00,295.52,306.14,1629,43.08,163,No Failure,0
LOG_0001426,MCH_L2_04,2023-01-30 16:30:00,299.95,310.0,1376,45.53,173,No Failure,0
LOG_0001427,MCH_L1_01,2023-01-30 17:00:00,299.17,308.73,1599,45.69,182,No Failure,0
LOG_0001428,MCH_L3_03,2023-01-30 17:30:00,300.45,309.97,1414,45.95,163,No Failure,0
LOG_0001429,MCH_L1_05,2023-01-30 18:00:00,297.06,307.3,1554,30.18,170,No Failure,0
LOG_0001430,MCH_L3_01,2023-01-30 18:30:00,301.84,312.34,1560,30.98,104,No Failure,0
LOG_0001431,MCH_L2_02,2023-01-30 19:00:00,295.4,305.0,1582,42.29,42,No Failure,0
LOG_0001432,MCH_L1_01,2023-01-30 19:30:00,299.77,308.48,1379,49.16,142,No Failure,0
LOG_0001433,MCH_L3_04,2023-01-30 20:00:00,300.29,310.17,1537,43.01,37,No Failure,0
LOG_0001434,MCH_L1_04,2023-01-30 20:30:00,300.14,309.36,1503,22.1,88,No Failure,0
LOG_0001435,MCH_L2_01,2023-01-30 21:00:00,300.39,310.74,1650,44.65,43,No Failure,0
LOG_0001436,MCH_L1_02,2023-01-30 21:30:00,301.97,313.75,1423,26.76,108,No Failure,0
LOG_0001437,MCH_L2_05,2023-01-30 22:00:00,303.31,311.69,1343,45.83,54,No Failure,0
LOG_0001438,MCH_L1_05,2023-01-30 22:30:00,299.61,310.99,1302,35.26,54,No Failure,0
LOG_0001439,MCH_L3_01,2023-01-30 23:00:00,297.58,308.14,1465,42.57,77,No Failure,0
LOG_0001440,MCH_L2_05,2023-01-30 23:30:00,301.4,312.72,1448,57.88,215,No Failure,0
LOG_0001441,MCH_L1_01,2023-01-31 00:00:00,299.3,308.78,1463,37.0,185,No Failure,0
LOG_0001442,MCH_L2_01,2023-01-31 00:30:00,303.16,311.42,1464,33.59,106,No Failure,0
LOG_0001443,MCH_L2_01,2023-01-31 01:00:00,298.5,308.72,1667,36.31,56,No Failure,0
LOG_0001444,MCH_L3_03,2023-01-31 01:30:00,297.85,309.53,1482,27.23,183,No Failure,0
LOG_0001445,MCH_L3_05,2023-01-31 02:00:00,300.36,309.09,1635,31.47,129,No Failure,0
LOG_0001446,MCH_L3_05,2023-01-31 02:30:00,295.65,304.56,1546,49.06,123,No Failure,0
LOG_0001447,MCH_L1_04,2023-01-31 03:00:00,298.83,309.53,1390,23.23,161,No Failure,0
LOG_0001448,MCH_L3_03,2023-01-31 03:30:00,299.18,308.57,1501,34.67,48,No Failure,0
LOG_0001449,MCH_L2_03,2023-01-31 04:00:00,300.55,312.55,1685,42.04,63,Overstrain,1
LOG_0001450,MCH_L1_04,2023-01-31 04:30:00,297.51,308.29,1621,36.52,86,No Failure,0
LOG_0001451,MCH_L2_03,2023-01-31 05:00:00,297.8,306.94,1644,51.47,135,No Failure,0
LOG_0001452,MCH_L3_05,2023-01-31 05:30:00,302.89,312.21,1560,38.58,68,No Failure,0
LOG_0001453,MCH_L3_03,2023-01-31 06:00:00,299.97,309.34,1442,37.12,185,Heat Dissipation,1
LOG_0001454,MCH_L2_03,2023-01-31 06:30:00,302.16,312.11,1696,41.27,220,No Failure,0
LOG_0001455,MCH_L1_05,2023-01-31 07:00:00,298.65,309.02,1567,42.31,170,Tool Wear,1
LOG_0001456,MCH_L3_03,2023-01-31 07:30:00,299.86,310.14,1611,40.0,61,No Failure,0
LOG_0001457,MCH_L3_05,2023-01-31 08:00:00,300.54,309.19,1513,39.39,120,No Failure,0
LOG_0001458,MCH_L1_04,2023-01-31 08:30:00,304.37,315.45,1375,23.39,51,No Failure,0
LOG_0001459,MCH_L3_02,2023-01-31 09:00:00,299.46,309.11,1547,30.39,32,No Failure,0
LOG_0001460,MCH_L3_03,2023-01-31 09:30:00,299.58,308.47,1703,44.91,19,No Failure,0
LOG_0001461,MCH_L1_02,2023-01-31 10:00:00,302.75,312.19,1596,48.57,207,No Failure,0
LOG_0001462,MCH_L3_01,2023-01-31 10:30:00,299.05,310.27,1566,50.86,228,No Failure,0
LOG_0001463,MCH_L3_05,2023-01-31 11:00:00,300.71,310.94,1396,27.73,186,No Failure,0
LOG_0001464,MCH_L1_03,2023-01-31 11:30:00,302.53,312.86,1682,32.88,187,Heat Dissipation,1
LOG_0001465,MCH_L1_03,2023-01-31 12:00:00,298.56,307.16,1661,52.72,190,No Failure,0
LOG_0001466,MCH_L1_04,2023-01-31 12:30:00,300.85,311.01,1286,36.76,111,No Failure,0
LOG_0001467,MCH_L1_04,2023-01-31 13:00:00,304.36,315.56,1611,45.25,183,No Failure,0
LOG_0001468,MCH_L2_05,2023-01-31 13:30:00,302.3,310.14,1470,68.62,36,No Failure,0
LOG_0001469,MCH_L3_01,2023-01-31 14:00:00,300.71,310.24,1535,48.92,187,No Failure,0
LOG_0001470,MCH_L3_01,2023-01-31 14:30:00,299.44,310.19,1401,38.16,105,No Failure,0
LOG_0001471,MCH_L1_05,2023-01-31 15:00:00,298.49,308.68,1514,38.8,104,No Failure,0
LOG_0001472,MCH_L1_04,2023-01-31 15:30:00,297.53,306.31,1367,44.48,215,Power Failure,1
LOG_0001473,MCH_L3_01,2023-01-31 16:00:00,303.77,314.25,1403,23.67,50,No Failure,0
LOG_0001474,MCH_L3_04,2023-01-31 16:30:00,303.29,311.89,1562,43.75,28,No Failure,0
LOG_0001475,MCH_L2_05,2023-01-31 17:00:00,298.36,307.32,1409,37.65,226,No Failure,0
LOG_0001476,MCH_L2_03,2023-01-31 17:30:00,300.84,309.92,1551,39.34,136,No Failure,0
LOG_0001477,MCH_L2_01,2023-01-31 18:00:00,300.28,312.13,1513,40.9,85,No Failure,0
LOG_0001478,MCH_L2_01,2023-01-31 18:30:00,302.96,310.96,1785,53.31,211,No Failure,0
LOG_0001479,MCH_L2_03,2023-01-31 19:00:00,300.96,309.04,1422,42.18,39,No Failure,0
LOG_0001480,MCH_L2_02,2023-01-31 19:30:00,299.94,310.28,1459,41.99,195,No Failure,0
LOG_0001481,MCH_L3_05,2023-01-31 20:00:00,298.65,308.78,1414,46.08,170,No Failure,0
LOG_0001482,MCH_L2_05,2023-01-31 20:30:00,300.85,310.29,1671,40.62,99,No Failure,0
LOG_0001483,MCH_L3_04,2023-01-31 21:00:00,299.13,309.15,1512,45.62,203,No Failure,0
LOG_0001484,MCH_L3_01,2023-01-31 21:30:00,300.55,309.27,1480,39.04,22,No Failure,0
LOG_0001485,MCH_L3_02,2023-01-31 22:00:00,299.81,309.92,1592,49.89,102,No Failure,0
LOG_0001486,MCH_L2_05,2023-01-31 22:30:00,299.07,309.32,1395,50.87,7,No Failure,0
LOG_0001487,MCH_L3_03,2023-01-31 23:00:00,297.57,309.03,1338,45.72,73,No Failure,0
LOG_0001488,MCH_L2_03,2023-01-31 23:30:00,301.29,313.58,1534,20.51,63,No Failure,0
LOG_0001489,MCH_L3_04,2023-02-01 00:00:00,300.11,309.79,1519,41.49,150,No Failure,0
LOG_0001490,MCH_L1_02,2023-02-01 00:30:00,304.47,312.94,1411,23.64,92,No Failure,0
LOG_0001491,MCH_L2_04,2023-02-01 01:00:00,297.42,307.88,1542,43.24,119,No Failure,0
LOG_0001492,MCH_L1_01,2023-02-01 01:30:00,301.56,311.4,1721,53.63,108,No Failure,0
LOG_0001493,MCH_L3_05,2023-02-01 02:00:00,299.79,309.58,1553,49.71,95,No Failure,0
LOG_0001494,MCH_L2_03,2023-02-01 02:30:00,305.25,313.32,1262,37.72,183,No Failure,0
LOG_0001495,MCH_L3_02,2023-02-01 03:00:00,301.37,311.49,1670,38.64,141,No Failure,0
LOG_0001496,MCH_L3_01,2023-02-01 03:30:00,300.81,311.32,1738,24.37,79,No Failure,0
LOG_0001497,MCH_L3_02,2023-02-01 04:00:00,299.8,310.99,1563,40.11,102,No Failure,0
LOG_0001498,MCH_L3_02,2023-02-01 04:30:00,298.24,307.63,1520,38.26,239,No Failure,0
LOG_0001499,MCH_L1_04,2023-02-01 05:00:00,300.78,309.79,1314,29.32,16,Overstrain,1
LOG_0001500,MCH_L1_04,2023-02-01 05:30:00,296.54,305.92,1396,31.66,19,No Failure,0
LOG_0001501,MCH_L1_05,2023-02-01 06:00:00,296.66,307.78,1463,29.82,114,No Failure,0
LOG_0001502,MCH_L2_03,2023-02-01 06:30:00,302.53,314.19,1411,58.26,11,No Failure,0
LOG_0001503,MCH_L1_05,2023-02-01 07:00:00,295.59,306.94,1438,41.01,200,No Failure,0
LOG_0001504,MCH_L2_03,2023-02-01 07:30:00,299.2,309.98,1514,46.41,123,No Failure,0
LOG_0001505,MCH_L3_05,2023-02-01 08:00:00,297.38,307.34,1417,47.79,121,No Failure,0
LOG_0001506,MCH_L2_05,2023-02-01 08:30:00,298.99,309.14,1682,53.7,71,No Failure,0
LOG_0001507,MCH_L1_01,2023-02-01 09:00:00,300.46,310.78,1508,53.43,168,No Failure,0
LOG_0001508,MCH_L3_02,2023-02-01 09:30:00,302.46,312.16,1560,48.02,228,No Failure,0
LOG_0001509,MCH_L3_05,2023-02-01 10:00:00,303.04,314.11,1561,27.07,84,No Failure,0
LOG_0001510,MCH_L2_05,2023-02-01 10:30:00,297.7,305.72,1545,48.1,233,No Failure,0
LOG_0001511,MCH_L2_04,2023-02-01 11:00:00,298.84,307.08,1505,36.6,159,No Failure,0
LOG_0001512,MCH_L2_01,2023-02-01 11:30:00,310.13,318.14,1619,29.26,164,No Failure,0
LOG_0001513,MCH_L1_03,2023-02-01 12:00:00,299.37,308.41,1645,36.84,109,No Failure,0
LOG_0001514,MCH_L3_03,2023-02-01 12:30:00,297.79,309.41,1252,41.3,17,No Failure,0
LOG_0001515,MCH_L3_04,2023-02-01 13:00:00,298.21,306.78,1327,18.2,28,No Failure,0
LOG_0001516,MCH_L2_03,2023-02-01 13:30:00,299.39,308.01,1434,43.4,134,No Failure,0
LOG_0001517,MCH_L2_04,2023-02-01 14:00:00,299.02,308.03,1366,49.66,39,No Failure,0
LOG_0001518,MCH_L2_01,2023-02-01 14:30:00,299.41,310.74,1411,40.74,100,No Failure,0
LOG_0001519,MCH_L3_01,2023-02-01 15:00:00,299.95,311.67,1445,30.8,119,No Failure,0
LOG_0001520,MCH_L2_02,2023-02-01 15:30:00,299.93,311.15,1469,45.18,133,No Failure,0
LOG_0001521,MCH_L1_01,2023-02-01 16:00:00,297.61,308.9,1321,39.77,147,No Failure,0
LOG_0001522,MCH_L3_04,2023-02-01 16:30:00,300.92,312.9,1450,54.8,54,No Failure,0
LOG_0001523,MCH_L1_05,2023-02-01 17:00:00,300.3,308.14,1670,20.47,183,No Failure,0
LOG_0001524,MCH_L1_05,2023-02-01 17:30:00,301.24,309.77,1469,18.11,72,No Failure,0
LOG_0001525,MCH_L2_05,2023-02-01 18:00:00,295.71,304.87,1571,39.16,180,No Failure,0
LOG_0001526,MCH_L3_04,2023-02-01 18:30:00,300.39,310.51,1491,36.08,200,No Failure,0
LOG_0001527,MCH_L1_04,2023-02-01 19:00:00,295.04,305.16,1513,42.29,199,Overstrain,1
LOG_0001528,MCH_L2_01,2023-02-01 19:30:00,299.56,309.7,1486,43.54,208,No Failure,0
LOG_0001529,MCH_L2_02,2023-02-01 20:00:00,301.64,312.64,1589,52.92,87,No Failure,0
LOG_0001530,MCH_L2_04,2023-02-01 20:30:00,302.61,310.31,1401,37.95,231,No Failure,0
LOG_0001531,MCH_L1_01,2023-02-01 21:00:00,300.84,310.67,1520,43.82,124,No Failure,0
LOG_0001532,MCH_L3_05,2023-02-01 21:30:00,301.69,312.01,1430,28.82,214,No Failure,0
LOG_0001533,MCH_L2_01,2023-02-01 22:00:00,299.25,308.86,1580,60.95,160,No Failure,0
LOG_0001534,MCH_L2_02,2023-02-01 22:30:00,298.73,308.96,1367,49.4,21,No Failure,0
LOG_0001535,MCH_L1_03,2023-02-01 23:00:00,306.73,317.96,1578,47.5,49,No Failure,0
LOG_0001536,MCH_L2_03,2023-02-01 23:30:00,302.07,312.14,1525,33.14,238,No Failure,0
LOG_0001537,MCH_L3_05,2023-02-02 00:00:00,297.07,309.64,1348,51.58,213,Heat Dissipation,1
LOG_0001538,MCH_L1_05,2023-02-02 00:30:00,295.66,306.8,1709,48.61,26,No Failure,0
LOG_0001539,MCH_L3_05,2023-02-02 01:00:00,298.84,309.16,1566,45.44,47,No Failure,0
LOG_0001540,MCH_L2_04,2023-02-02 01:30:00,302.98,313.58,1369,39.13,65,No Failure,0
LOG_0001541,MCH_L1_05,2023-02-02 02:00:00,300.12,311.01,1518,31.06,222,No Failure,0
LOG_0001542,MCH_L2_04,2023-02-02 02:30:00,294.44,306.46,1303,39.52,140,No Failure,0
LOG_0001543,MCH_L2_05,2023-02-02 03:00:00,299.56,310.97,1294,33.31,129,No Failure,0
LOG_0001544,MCH_L1_04,2023-02-02 03:30:00,299.99,310.61,1643,43.26,45,No Failure,0
LOG_0001545,MCH_L2_04,2023-02-02 04:00:00,293.96,303.09,1355,30.64,70,No Failure,0
LOG_0001546,MCH_L1_05,2023-02-02 04:30:00,300.06,310.56,1594,33.9,127,No Failure,0
LOG_0001547,MCH_L2_05,2023-02-02 05:00:00,297.47,308.16,1640,22.29,10,Tool Wear,1
LOG_0001548,MCH_L2_04,2023-02-02 05:30:00,295.41,306.34,1381,44.52,238,No Failure,0
LOG_0001549,MCH_L1_03,2023-02-02 06:00:00,304.01,313.13,1749,43.68,25,No Failure,0
LOG_0001550,MCH_L3_05,2023-02-02 06:30:00,297.36,308.25,1511,35.7,190,No Failure,0
LOG_0001551,MCH_L1_04,2023-02-02 07:00:00,298.33,309.29,1505,19.26,48,No Failure,0
LOG_0001552,MCH_L2_04,2023-02-02 07:30:00,298.3,306.85,1380,25.65,62,No Failure,0
LOG_0001553,MCH_L2_05,2023-02-02 08:00:00,300.01,308.57,1382,40.85,20,Tool Wear,1
LOG_0001554,MCH_L3_01,2023-02-02 08:30:00,304.42,315.76,1236,48.5,176,No Failure,0
LOG_0001555,MCH_L2_01,2023-02-02 09:00:00,297.01,305.98,1406,31.58,78,Power Failure,1
LOG_0001556,MCH_L1_02,2023-02-02 09:30:00,299.23,311.08,1639,50.28,79,No Failure,0
LOG_0001557,MCH_L2_02,2023-02-02 10:00:00,300.3,309.97,1377,54.28,8,No Failure,0
LOG_0001558,MCH_L1_02,2023-02-02 10:30:00,297.83,308.29,1388,43.86,148,No Failure,0
LOG_0001559,MCH_L3_01,2023-02-02 11:00:00,299.19,309.59,1345,48.87,180,No Failure,0
LOG_0001560,MCH_L1_02,2023-02-02 11:30:00,301.49,310.63,1336,30.43,115,No Failure,0
LOG_0001561,MCH_L3_01,2023-02-02 12:00:00,298.11,309.78,1606,24.86,119,No Failure,0
LOG_0001562,MCH_L1_01,2023-02-02 12:30:00,299.15,308.82,1354,55.82,54,No Failure,0
LOG_0001563,MCH_L3_01,2023-02-02 13:00:00,298.92,308.99,1484,31.58,40,No Failure,0
LOG_0001564,MCH_L3_01,2023-02-02 13:30:00,299.74,307.36,1457,49.79,5,No Failure,0
LOG_0001565,MCH_L3_02,2023-02-02 14:00:00,300.61,309.01,1614,43.57,0,No Failure,0
LOG_0001566,MCH_L3_01,2023-02-02 14:30:00,301.47,312.82,1399,54.96,94,Tool Wear,1
LOG_0001567,MCH_L1_03,2023-02-02 15:00:00,304.84,314.83,1448,46.59,191,No Failure,0
LOG_0001568,MCH_L2_01,2023-02-02 15:30:00,293.35,302.65,1368,30.03,132,No Failure,0
LOG_0001569,MCH_L2_03,2023-02-02 16:00:00,299.58,308.9,1423,37.06,228,No Failure,0
LOG_0001570,MCH_L2_04,2023-02-02 16:30:00,296.59,307.25,1391,45.96,25,No Failure,0
LOG_0001571,MCH_L2_02,2023-02-02 17:00:00,299.04,310.55,1482,35.33,0,No Failure,0
LOG_0001572,MCH_L1_04,2023-02-02 17:30:00,302.2,311.53,1692,48.89,0,No Failure,0
LOG_0001573,MCH_L2_01,2023-02-02 18:00:00,302.99,314.31,1475,40.82,92,No Failure,0
LOG_0001574,MCH_L1_05,2023-02-02 18:30:00,303.11,312.92,1640,49.06,213,No Failure,0
LOG_0001575,MCH_L2_03,2023-02-02 19:00:00,303.09,313.69,1613,49.6,37,No Failure,0
LOG_0001576,MCH_L1_01,2023-02-02 19:30:00,299.57,307.44,1494,42.64,40,No Failure,0
LOG_0001577,MCH_L1_01,2023-02-02 20:00:00,303.5,311.58,1615,38.86,210,No Failure,0
LOG_0001578,MCH_L3_03,2023-02-02 20:30:00,303.99,314.97,1527,35.45,155,No Failure,0
LOG_0001579,MCH_L3_05,2023-02-02 21:00:00,300.35,310.68,1328,30.26,132,No Failure,0
LOG_0001580,MCH_L3_01,2023-02-02 21:30:00,302.94,313.42,1495,54.62,148,No Failure,0
LOG_0001581,MCH_L2_01,2023-02-02 22:00:00,300.1,308.81,1524,40.68,62,Tool Wear,1
LOG_0001582,MCH_L2_05,2023-02-02 22:30:00,303.53,313.02,1711,37.9,85,No Failure,0
LOG_0001583,MCH_L3_02,2023-02-02 23:00:00,299.6,307.59,1388,38.02,83,No Failure,0
LOG_0001584,MCH_L1_02,2023-02-02 23:30:00,298.48,307.46,1554,39.55,139,No Failure,0
LOG_0001585,MCH_L1_05,2023-02-03 00:00:00,297.2,307.17,1352,35.84,133,No Failure,0
LOG_0001586,MCH_L1_01,2023-02-03 00:30:00,299.57,309.96,1685,35.14,156,No Failure,0
LOG_0001587,MCH_L2_02,2023-02-03 01:00:00,300.21,309.35,1646,28.4,108,No Failure,0
LOG_0001588,MCH_L1_01,2023-02-03 01:30:00,297.64,308.3,1356,40.39,103,No Failure,0
LOG_0001589,MCH_L1_04,2023-02-03 02:00:00,299.37,309.32,1708,51.1,188,No Failure,0
LOG_0001590,MCH_L2_04,2023-02-03 02:30:00,298.68,308.41,1629,33.86,34,No Failure,0
LOG_0001591,MCH_L1_01,2023-02-03 03:00:00,297.31,307.41,1651,44.69,74,No Failure,0
LOG_0001592,MCH_L1_04,2023-02-03 03:30:00,302.59,315.11,1688,44.89,124,No Failure,0
LOG_0001593,MCH_L2_01,2023-02-03 04:00:00,303.03,312.84,1635,43.41,51,No Failure,0
LOG_0001594,MCH_L2_01,2023-02-03 04:30:00,302.58,313.72,1459,55.93,32,No Failure,0
LOG_0001595,MCH_L3_02,2023-02-03 05:00:00,299.79,310.45,1680,45.12,152,Heat Dissipation,1
LOG_0001596,MCH_L3_05,2023-02-03 05:30:00,299.94,309.64,1392,40.57,13,No Failure,0
LOG_0001597,MCH_L3_03,2023-02-03 06:00:00,297.34,305.48,1406,42.85,220,No Failure,0
LOG_0001598,MCH_L2_03,2023-02-03 06:30:00,301.04,310.29,1445,47.19,52,No Failure,0
LOG_0001599,MCH_L1_01,2023-02-03 07:00:00,300.42,310.51,1540,54.79,60,No Failure,0
LOG_0001600,MCH_L2_02,2023-02-03 07:30:00,307.11,316.98,1389,37.97,12,No Failure,0
LOG_0001601,MCH_L1_01,2023-02-03 08:00:00,302.72,314.28,1356,41.53,14,No Failure,0
LOG_0001602,MCH_L3_03,2023-02-03 08:30:00,300.79,309.91,1390,66.02,54,No Failure,0
LOG_0001603,MCH_L3_04,2023-02-03 09:00:00,299.9,309.72,1456,39.58,180,Tool Wear,1
LOG_0001604,MCH_L2_02,2023-02-03 09:30:00,302.5,313.14,1508,39.23,199,No Failure,0
LOG_0001605,MCH_L1_03,2023-02-03 10:00:00,297.71,307.38,1408,32.86,46,No Failure,0
LOG_0001606,MCH_L3_01,2023-02-03 10:30:00,302.85,314.02,1354,40.71,172,Overstrain,1
LOG_0001607,MCH_L2_03,2023-02-03 11:00:00,297.28,305.97,1546,39.37,96,No Failure,0
LOG_0001608,MCH_L1_03,2023-02-03 11:30:00,298.6,306.78,1716,43.34,74,No Failure,0
LOG_0001609,MCH_L3_04,2023-02-03 12:00:00,295.4,305.06,1450,42.3,191,No Failure,0
LOG_0001610,MCH_L3_04,2023-02-03 12:30:00,301.54,311.45,1607,23.22,14,No Failure,0
LOG_0001611,MCH_L3_03,2023-02-03 13:00:00,300.62,310.88,1500,28.89,20,No Failure,0
LOG_0001612,MCH_L1_01,2023-02-03 13:30:00,298.6,308.77,1576,38.63,35,No Failure,0
LOG_0001613,MCH_L3_03,2023-02-03 14:00:00,297.68,307.19,1597,36.39,197,No Failure,0
LOG_0001614,MCH_L3_03,2023-02-03 14:30:00,303.45,311.64,1500,31.21,152,No Failure,0
LOG_0001615,MCH_L3_04,2023-02-03 15:00:00,299.67,309.53,1382,24.36,43,No Failure,0
LOG_0001616,MCH_L2_03,2023-02-03 15:30:00,298.08,306.83,1352,53.81,128,No Failure,0
LOG_0001617,MCH_L1_03,2023-02-03 16:00:00,304.8,314.88,1638,53.66,41,No Failure,0
LOG_0001618,MCH_L1_02,2023-02-03 16:30:00,298.36,307.03,1575,46.44,186,No Failure,0
LOG_0001619,MCH_L1_01,2023-02-03 17:00:00,302.85,313.31,1617,35.02,32,No Failure,0
LOG_0001620,MCH_L3_04,2023-02-03 17:30:00,297.12,309.12,1581,52.49,102,No Failure,0
LOG_0001621,MCH_L1_03,2023-02-03 18:00:00,299.11,308.24,1628,33.89,159,No Failure,0
LOG_0001622,MCH_L3_05,2023-02-03 18:30:00,301.26,309.74,1526,43.7,193,No Failure,0
LOG_0001623,MCH_L1_02,2023-02-03 19:00:00,299.86,311.23,1317,33.28,152,No Failure,0
LOG_0001624,MCH_L1_02,2023-02-03 19:30:00,300.61,312.73,1533,40.21,39,No Failure,0
LOG_0001625,MCH_L2_01,2023-02-03 20:00:00,298.65,307.16,1715,44.14,185,No Failure,0
LOG_0001626,MCH_L3_02,2023-02-03 20:30:00,296.01,305.9,1542,27.27,96,No Failure,0
LOG_0001627,MCH_L1_01,2023-02-03 21:00:00,303.66,314.24,1352,36.41,114,Overstrain,1
LOG_0001628,MCH_L1_02,2023-02-03 21:30:00,298.81,308.5,1588,42.13,101,No Failure,0
LOG_0001629,MCH_L3_04,2023-02-03 22:00:00,300.72,308.62,1760,29.34,202,No Failure,0
LOG_0001630,MCH_L2_01,2023-02-03 22:30:00,301.75,310.1,1433,31.99,63,No Failure,0
LOG_0001631,MCH_L1_03,2023-02-03 23:00:00,300.77,309.25,1539,42.13,146,No Failure,0
LOG_0001632,MCH_L3_05,2023-02-03 23:30:00,298.23,306.98,1557,35.46,216,No Failure,0
LOG_0001633,MCH_L1_04,2023-02-04 00:00:00,302.9,313.0,1524,29.55,27,No Failure,0
LOG_0001634,MCH_L1_01,2023-02-04 00:30:00,301.28,312.6,1595,40.25,201,No Failure,0
LOG_0001635,MCH_L2_03,2023-02-04 01:00:00,300.5,308.87,1451,43.7,222,No Failure,0
LOG_0001636,MCH_L3_03,2023-02-04 01:30:00,300.44,309.5,1575,59.08,79,No Failure,0
LOG_0001637,MCH_L2_02,2023-02-04 02:00:00,304.21,312.88,1640,40.72,111,No Failure,0
LOG_0001638,MCH_L2_02,2023-02-04 02:30:00,298.17,308.52,1471,40.09,169,No Failure,0
LOG_0001639,MCH_L1_03,2023-02-04 03:00:00,301.04,310.05,1596,37.58,209,Power Failure,1
LOG_0001640,MCH_L2_05,2023-02-04 03:30:00,298.68,307.47,1454,49.77,85,No Failure,0
LOG_0001641,MCH_L2_05,2023-02-04 04:00:00,295.16,303.24,1334,42.77,177,No Failure,0
LOG_0001642,MCH_L1_03,2023-02-04 04:30:00,295.09,306.72,1334,47.1,226,Heat Dissipation,1
LOG_0001643,MCH_L3_04,2023-02-04 05:00:00,297.46,310.09,1555,41.89,203,No Failure,0
LOG_0001644,MCH_L1_02,2023-02-04 05:30:00,298.35,308.45,1274,47.77,105,No Failure,0
LOG_0001645,MCH_L3_02,2023-02-04 06:00:00,305.43,317.21,1511,43.21,219,No Failure,0
LOG_0001646,MCH_L1_01,2023-02-04 06:30:00,301.75,311.07,1405,28.03,47,Power Failure,1
LOG_0001647,MCH_L2_02,2023-02-04 07:00:00,301.97,311.97,1236,37.55,184,No Failure,0
LOG_0001648,MCH_L2_02,2023-02-04 07:30:00,298.41,309.19,1581,37.81,8,No Failure,0
LOG_0001649,MCH_L3_02,2023-02-04 08:00:00,300.15,309.25,1331,43.77,157,No Failure,0
LOG_0001650,MCH_L1_02,2023-02-04 08:30:00,305.77,315.58,1777,41.3,145,No Failure,0
LOG_0001651,MCH_L2_02,2023-02-04 09:00:00,296.96,306.62,1696,51.31,172,No Failure,0
LOG_0001652,MCH_L3_03,2023-02-04 09:30:00,301.14,311.67,1492,43.38,215,No Failure,0
LOG_0001653,MCH_L2_03,2023-02-04 10:00:00,304.03,314.1,1258,44.01,109,No Failure,0
LOG_0001654,MCH_L1_01,2023-02-04 10:30:00,302.41,311.54,1535,31.38,82,No Failure,0
LOG_0001655,MCH_L2_04,2023-02-04 11:00:00,304.5,314.14,1720,41.28,77,No Failure,0
LOG_0001656,MCH_L2_02,2023-02-04 11:30:00,300.53,311.87,1627,38.17,65,No Failure,0
LOG_0001657,MCH_L1_03,2023-02-04 12:00:00,301.51,312.17,1635,22.45,138,Overstrain,1
LOG_0001658,MCH_L2_03,2023-02-04 12:30:00,300.27,310.82,1685,28.84,89,No Failure,0
LOG_0001659,MCH_L2_02,2023-02-04 13:00:00,301.33,314.04,1349,46.15,71,No Failure,0
LOG_0001660,MCH_L3_01,2023-02-04 13:30:00,297.71,306.35,1630,45.55,194,No Failure,0
LOG_0001661,MCH_L3_05,2023-02-04 14:00:00,301.98,312.83,1732,34.99,14,No Failure,0
LOG_0001662,MCH_L3_03,2023-02-04 14:30:00,300.74,310.81,1425,35.25,108,No Failure,0
LOG_0001663,MCH_L2_03,2023-02-04 15:00:00,300.16,310.57,1451,30.37,39,Heat Dissipation,1
LOG_0001664,MCH_L2_01,2023-02-04 15:30:00,304.37,314.59,1686,48.41,140,No Failure,0
LOG_0001665,MCH_L2_04,2023-02-04 16:00:00,299.34,308.5,1667,33.12,207,No Failure,0
LOG_0001666,MCH_L3_05,2023-02-04 16:30:00,303.02,311.78,1395,35.15,85,No Failure,0
LOG_0001667,MCH_L1_05,2023-02-04 17:00:00,303.27,313.27,1344,48.63,32,No Failure,0
LOG_0001668,MCH_L1_03,2023-02-04 17:30:00,302.14,311.2,1486,48.46,125,No Failure,0
LOG_0001669,MCH_L1_03,2023-02-04 18:00:00,297.59,307.15,1323,38.47,129,No Failure,0
LOG_0001670,MCH_L1_01,2023-02-04 18:30:00,300.9,311.86,1396,40.11,108,No Failure,0
LOG_0001671,MCH_L3_02,2023-02-04 19:00:00,304.9,313.43,1418,44.0,220,No Failure,0
LOG_0001672,MCH_L3_05,2023-02-04 19:30:00,295.45,305.22,1634,36.52,109,No Failure,0
LOG_0001673,MCH_L2_03,2023-02-04 20:00:00,299.53,310.8,1667,39.15,161,No Failure,0
LOG_0001674,MCH_L1_02,2023-02-04 20:30:00,302.91,312.3,1635,38.33,15,No Failure,0
LOG_0001675,MCH_L1_03,2023-02-04 21:00:00,299.71,311.47,1401,45.84,13,No Failure,0
LOG_0001676,MCH_L2_03,2023-02-04 21:30:00,302.02,310.16,1489,52.04,230,No Failure,0
LOG_0001677,MCH_L3_04,2023-02-04 22:00:00,303.52,315.7,1445,49.74,45,No Failure,0
LOG_0001678,MCH_L2_03,2023-02-04 22:30:00,300.58,310.6,1525,48.64,49,Power Failure,1
LOG_0001679,MCH_L3_04,2023-02-04 23:00:00,301.27,309.68,1590,30.69,112,No Failure,0
LOG_0001680,MCH_L3_01,2023-02-04 23:30:00,300.23,311.23,1442,50.98,132,No Failure,0
LOG_0001681,MCH_L1_04,2023-02-05 00:00:00,300.74,311.26,1378,34.25,42,No Failure,0
LOG_0001682,MCH_L1_04,2023-02-05 00:30:00,305.26,316.92,1688,24.85,145,No Failure,0
LOG_0001683,MCH_L1_05,2023-02-05 01:00:00,299.84,308.0,1628,32.78,47,No Failure,0
LOG_0001684,MCH_L2_01,2023-02-05 01:30:00,299.12,307.8,1540,39.22,191,No Failure,0
LOG_0001685,MCH_L1_05,2023-02-05 02:00:00,302.6,313.52,1372,22.68,153,Overstrain,1
LOG_0001686,MCH_L3_04,2023-02-05 02:30:00,297.89,310.95,1603,46.05,201,No Failure,0
LOG_0001687,MCH_L3_05,2023-02-05 03:00:00,298.46,309.15,1479,47.07,197,No Failure,0
LOG_0001688,MCH_L2_02,2023-02-05 03:30:00,298.48,309.36,1233,36.75,141,No Failure,0
LOG_0001689,MCH_L1_02,2023-02-05 04:00:00,299.36,308.45,1436,30.09,193,No Failure,0
LOG_0001690,MCH_L2_02,2023-02-05 04:30:00,299.47,309.25,1555,47.85,188,No Failure,0
LOG_0001691,MCH_L2_05,2023-02-05 05:00:00,301.75,311.01,1474,32.15,218,No Failure,0
LOG_0001692,MCH_L2_02,2023-02-05 05:30:00,299.14,309.74,1561,26.23,200,No Failure,0
LOG_0001693,MCH_L1_01,2023-02-05 06:00:00,301.85,312.97,1555,39.45,204,No Failure,0
LOG_0001694,MCH_L2_02,2023-02-05 06:30:00,302.16,312.38,1368,40.23,20,No Failure,0
LOG_0001695,MCH_L1_05,2023-02-05 07:00:00,298.37,309.32,1582,42.66,54,No Failure,0
LOG_0001696,MCH_L1_03,2023-02-05 07:30:00,302.11,312.08,1593,46.53,115,No Failure,0
LOG_0001697,MCH_L3_03,2023-02-05 08:00:00,302.33,313.92,1496,47.56,107,No Failure,0
LOG_0001698,MCH_L1_03,2023-02-05 08:30:00,295.6,304.57,1501,29.25,1,No Failure,0
LOG_0001699,MCH_L1_04,2023-02-05 09:00:00,300.73,312.43,1501,22.67,130,No Failure,0
LOG_0001700,MCH_L3_03,2023-02-05 09:30:00,298.73,307.87,1681,43.91,12,No Failure,0
LOG_0001701,MCH_L3_02,2023-02-05 10:00:00,303.26,313.28,1545,40.42,20,No Failure,0
LOG_0001702,MCH_L1_02,2023-02-05 10:30:00,298.71,307.28,1514,36.11,160,No Failure,0
LOG_0001703,MCH_L1_02,2023-02-05 11:00:00,296.65,307.26,1556,38.77,147,No Failure,0
LOG_0001704,MCH_L1_01,2023-02-05 11:30:00,299.93,310.09,1553,32.89,124,No Failure,0
LOG_0001705,MCH_L3_05,2023-02-05 12:00:00,297.76,308.65,1488,54.68,227,No Failure,0
LOG_0001706,MCH_L1_05,2023-02-05 12:30:00,302.12,310.04,1339,22.9,145,Heat Dissipation,1
LOG_0001707,MCH_L1_04,2023-02-05 13:00:00,297.98,308.14,1513,43.6,216,No Failure,0
LOG_0001708,MCH_L3_01,2023-02-05 13:30:00,299.96,310.44,1570,29.08,236,No Failure,0
LOG_0001709,MCH_L2_05,2023-02-05 14:00:00,303.86,312.67,1534,34.38,37,No Failure,0
LOG_0001710,MCH_L3_05,2023-02-05 14:30:00,302.75,313.39,1440,36.27,24,No Failure,0
LOG_0001711,MCH_L1_02,2023-02-05 15:00:00,301.19,308.43,1476,31.66,165,No Failure,0
LOG_0001712,MCH_L1_03,2023-02-05 15:30:00,299.68,309.53,1619,38.07,142,No Failure,0
LOG_0001713,MCH_L2_02,2023-02-05 16:00:00,300.96,312.65,1297,17.66,208,No Failure,0
LOG_0001714,MCH_L2_02,2023-02-05 16:30:00,301.72,311.56,1410,26.97,237,No Failure,0
LOG_0001715,MCH_L3_02,2023-02-05 17:00:00,297.53,306.67,1515,24.23,227,No Failure,0
LOG_0001716,MCH_L1_04,2023-02-05 17:30:00,302.13,312.05,1624,29.62,156,No Failure,0
LOG_0001717,MCH_L1_05,2023-02-05 18:00:00,297.25,307.37,1717,33.24,96,No Failure,0
LOG_0001718,MCH_L1_05,2023-02-05 18:30:00,301.43,312.51,1606,39.95,191,No Failure,0
LOG_0001719,MCH_L2_01,2023-02-05 19:00:00,297.23,307.39,1428,34.53,31,No Failure,0
LOG_0001720,MCH_L3_04,2023-02-05 19:30:00,304.91,315.82,1288,32.61,199,No Failure,0
LOG_0001721,MCH_L2_04,2023-02-05 20:00:00,301.91,312.02,1724,35.55,42,No Failure,0
LOG_0001722,MCH_L1_02,2023-02-05 20:30:00,296.11,305.21,1399,34.07,12,Power Failure,1
LOG_0001723,MCH_L1_05,2023-02-05 21:00:00,300.0,308.32,1517,36.84,208,No Failure,0
LOG_0001724,MCH_L3_02,2023-02-05 21:30:00,298.7,309.15,1485,37.16,212,No Failure,0
LOG_0001725,MCH_L1_03,2023-02-05 22:00:00,298.4,305.43,1491,33.37,77,No Failure,0
LOG_0001726,MCH_L1_04,2023-02-05 22:30:00,300.37,308.25,1360,26.61,24,Power Failure,1
LOG_0001727,MCH_L2_05,2023-02-05 23:00:00,297.68,306.0,1715,39.59,48,No Failure,0
LOG_0001728,MCH_L2_01,2023-02-05 23:30:00,301.9,312.76,1395,47.1,87,No Failure,0
LOG_0001729,MCH_L3_02,2023-02-06 00:00:00,301.76,309.97,1519,30.98,119,No Failure,0
LOG_0001730,MCH_L2_03,2023-02-06 00:30:00,300.88,311.44,1446,39.07,224,Heat Dissipation,1
LOG_0001731,MCH_L1_01,2023-02-06 01:00:00,299.95,308.71,1573,36.23,135,No Failure,0
LOG_0001732,MCH_L2_05,2023-02-06 01:30:00,301.65,311.47,1474,44.93,155,No Failure,0
LOG_0001733,MCH_L3_04,2023-02-06 02:00:00,301.98,311.9,1462,32.63,210,No Failure,0
LOG_0001734,MCH_L2_03,2023-02-06 02:30:00,301.14,310.95,1630,38.16,125,No Failure,0
LOG_0001735,MCH_L3_01,2023-02-06 03:00:00,296.72,305.94,1461,38.95,10,Heat Dissipation,1
LOG_0001736,MCH_L3_04,2023-02-06 03:30:00,298.03,306.15,1669,42.16,182,No Failure,0
LOG_0001737,MCH_L2_02,2023-02-06 04:00:00,299.33,309.36,1351,30.64,9,No Failure,0
LOG_0001738,MCH_L1_01,2023-02-06 04:30:00,296.31,306.98,1470,42.58,58,No Failure,0
LOG_0001739,MCH_L1_02,2023-02-06 05:00:00,300.56,311.38,1396,35.47,64,No Failure,0
LOG_0001740,MCH_L1_03,2023-02-06 05:30:00,303.53,313.63,1503,44.37,132,No Failure,0
LOG_0001741,MCH_L1_01,2023-02-06 06:00:00,303.13,313.44,1335,36.62,79,No Failure,0
LOG_0001742,MCH_L3_04,2023-02-06 06:30:00,301.85,310.92,1574,50.65,211,No Failure,0
LOG_0001743,MCH_L2_04,2023-02-06 07:00:00,301.82,312.36,1586,26.32,147,No Failure,0
LOG_0001744,MCH_L2_03,2023-02-06 07:30:00,305.54,316.04,1680,44.62,91,No Failure,0
LOG_0001745,MCH_L1_02,2023-02-06 08:00:00,302.11,311.75,1601,42.66,132,Overstrain,1
LOG_0001746,MCH_L3_03,2023-02-06 08:30:00,302.31,312.37,1600,43.92,111,No Failure,0
LOG_0001747,MCH_L2_04,2023-02-06 09:00:00,296.4,306.37,1581,48.95,194,No Failure,0
LOG_0001748,MCH_L2_02,2023-02-06 09:30:00,303.33,313.88,1473,24.72,157,No Failure,0
LOG_0001749,MCH_L2_04,2023-02-06 10:00:00,301.0,309.15,1694,58.42,86,No Failure,0
LOG_0001750,MCH_L2_01,2023-02-06 10:30:00,299.8,307.92,1566,44.41,161,No Failure,0
LOG_0001751,MCH_L2_01,2023-02-06 11:00:00,299.18,307.37,1796,56.4,112,No Failure,0
LOG_0001752,MCH_L3_01,2023-02-06 11:30:00,298.63,308.1,1710,55.85,117,No Failure,0
LOG_0001753,MCH_L3_04,2023-02-06 12:00:00,303.14,313.69,1541,43.64,91,No Failure,0
LOG_0001754,MCH_L1_04,2023-02-06 12:30:00,299.93,307.23,1547,42.19,0,No Failure,0
LOG_0001755,MCH_L2_05,2023-02-06 13:00:00,298.72,308.83,1599,46.37,111,No Failure,0
LOG_0001756,MCH_L2_05,2023-02-06 13:30:00,298.07,309.5,1690,20.61,154,No Failure,0
LOG_0001757,MCH_L3_03,2023-02-06 14:00:00,300.43,310.76,1315,39.25,118,No Failure,0
LOG_0001758,MCH_L3_03,2023-02-06 14:30:00,299.1,306.68,1657,48.24,119,No Failure,0
LOG_0001759,MCH_L1_02,2023-02-06 15:00:00,298.53,309.16,1544,52.99,190,No Failure,0
LOG_0001760,MCH_L2_02,2023-02-06 15:30:00,296.54,306.83,1629,37.33,33,No Failure,0
LOG_0001761,MCH_L1_05,2023-02-06 16:00:00,302.4,311.99,1413,43.07,94,No Failure,0
LOG_0001762,MCH_L3_01,2023-02-06 16:30:00,299.65,309.87,1408,44.87,31,No Failure,0
LOG_0001763,MCH_L2_01,2023-02-06 17:00:00,297.29,305.61,1540,39.3,115,No Failure,0
LOG_0001764,MCH_L1_02,2023-02-06 17:30:00,299.32,309.38,1617,32.06,198,No Failure,0
LOG_0001765,MCH_L1_05,2023-02-06 18:00:00,301.37,311.94,1352,34.37,234,No Failure,0
LOG_0001766,MCH_L2_05,2023-02-06 18:30:00,300.07,309.24,1452,31.12,229,No Failure,0
LOG_0001767,MCH_L1_04,2023-02-06 19:00:00,300.48,309.92,1356,27.14,225,No Failure,0
LOG_0001768,MCH_L2_04,2023-02-06 19:30:00,300.11,309.43,1550,38.56,173,No Failure,0
LOG_0001769,MCH_L2_01,2023-02-06 20:00:00,296.81,306.24,1739,58.84,195,Overstrain,1
LOG_0001770,MCH_L1_02,2023-02-06 20:30:00,302.37,311.37,1459,42.1,210,No Failure,0
LOG_0001771,MCH_L1_01,2023-02-06 21:00:00,295.73,304.81,1594,37.56,184,No Failure,0
LOG_0001772,MCH_L1_05,2023-02-06 21:30:00,301.15,311.77,1514,43.17,21,No Failure,0
LOG_0001773,MCH_L2_04,2023-02-06 22:00:00,301.54,309.45,1544,32.98,156,No Failure,0
LOG_0001774,MCH_L2_01,2023-02-06 22:30:00,299.45,309.67,1428,25.88,225,No Failure,0
LOG_0001775,MCH_L2_05,2023-02-06 23:00:00,300.88,311.5,1578,34.14,97,No Failure,0
LOG_0001776,MCH_L3_02,2023-02-06 23:30:00,299.31,307.69,1475,30.39,44,No Failure,0
LOG_0001777,MCH_L2_02,2023-02-07 00:00:00,300.91,310.82,1715,24.28,172,No Failure,0
LOG_0001778,MCH_L1_05,2023-02-07 00:30:00,302.48,311.38,1438,35.32,66,No Failure,0
LOG_0001779,MCH_L2_05,2023-02-07 01:00:00,298.02,309.38,1617,44.15,20,No Failure,0
LOG_0001780,MCH_L2_01,2023-02-07 01:30:00,301.68,311.43,1736,43.35,229,No Failure,0
LOG_0001781,MCH_L1_05,2023-02-07 02:00:00,304.23,316.0,1642,42.31,148,No Failure,0
LOG_0001782,MCH_L3_01,2023-02-07 02:30:00,300.66,312.25,1391,54.19,187,No Failure,0
LOG_0001783,MCH_L2_04,2023-02-07 03:00:00,298.74,309.11,1380,35.3,208,No Failure,0
LOG_0001784,MCH_L3_05,2023-02-07 03:30:00,305.66,318.23,1554,43.68,28,No Failure,0
LOG_0001785,MCH_L2_01,2023-02-07 04:00:00,300.22,308.33,1507,36.7,32,No Failure,0
LOG_0001786,MCH_L3_01,2023-02-07 04:30:00,300.58,312.31,1561,52.09,166,No Failure,0
LOG_0001787,MCH_L2_03,2023-02-07 05:00:00,300.63,310.31,1643,33.13,189,No Failure,0
LOG_0001788,MCH_L1_02,2023-02-07 05:30:00,301.12,310.97,1510,46.32,89,No Failure,0
LOG_0001789,MCH_L3_02,2023-02-07 06:00:00,299.15,308.6,1424,42.12,125,No Failure,0
LOG_0001790,MCH_L3_03,2023-02-07 06:30:00,300.47,308.73,1524,50.36,198,No Failure,0
LOG_0001791,MCH_L2_04,2023-02-07 07:00:00,302.38,313.06,1682,40.08,44,No Failure,0
LOG_0001792,MCH_L1_05,2023-02-07 07:30:00,299.07,307.58,1504,37.99,185,No Failure,0
LOG_0001793,MCH_L2_02,2023-02-07 08:00:00,298.95,308.24,1758,36.96,72,No Failure,0
LOG_0001794,MCH_L2_05,2023-02-07 08:30:00,299.27,308.61,1606,38.7,81,No Failure,0
LOG_0001795,MCH_L3_03,2023-02-07 09:00:00,297.26,308.45,1594,24.15,128,No Failure,0
LOG_0001796,MCH_L1_01,2023-02-07 09:30:00,298.29,308.2,1434,35.57,10,No Failure,0
LOG_0001797,MCH_L2_05,2023-02-07 10:00:00,298.19,305.26,1484,35.05,213,No Failure,0
LOG_0001798,MCH_L1_05,2023-02-07 10:30:00,300.0,308.92,1562,30.31,159,No Failure,0
LOG_0001799,MCH_L3_02,2023-02-07 11:00:00,302.09,310.22,1496,35.23,106,No Failure,0
LOG_0001800,MCH_L3_04,2023-02-07 11:30:00,303.63,314.23,1651,32.37,201,No Failure,0
LOG_0001801,MCH_L2_05,2023-02-07 12:00:00,300.14,308.72,1525,35.64,176,No Failure,0
LOG_0001802,MCH_L3_04,2023-02-07 12:30:00,301.14,310.41,1429,45.31,90,No Failure,0
LOG_0001803,MCH_L1_02,2023-02-07 13:00:00,300.61,312.71,1542,45.33,203,No Failure,0
LOG_0001804,MCH_L3_02,2023-02-07 13:30:00,294.77,305.53,1461,53.42,157,No Failure,0
LOG_0001805,MCH_L2_01,2023-02-07 14:00:00,297.13,305.73,1587,42.62,59,Power Failure,1
LOG_0001806,MCH_L3_01,2023-02-07 14:30:00,301.9,312.89,1443,27.08,137,No Failure,0
LOG_0001807,MCH_L1_01,2023-02-07 15:00:00,302.15,311.29,1727,37.2,203,No Failure,0
LOG_0001808,MCH_L1_03,2023-02-07 15:30:00,302.09,313.08,1327,34.57,101,No Failure,0
LOG_0001809,MCH_L1_05,2023-02-07 16:00:00,299.56,309.07,1467,31.65,148,No Failure,0
LOG_0001810,MCH_L1_04,2023-02-07 16:30:00,295.01,303.86,1529,49.12,218,No Failure,0
LOG_0001811,MCH_L1_03,2023-02-07 17:00:00,297.43,306.17,1449,43.86,5,No Failure,0
LOG_0001812,MCH_L2_05,2023-02-07 17:30:00,297.81,308.16,1237,40.6,165,Heat Dissipation,1
LOG_0001813,MCH_L3_03,2023-02-07 18:00:00,301.57,312.67,1740,27.39,124,No Failure,0
LOG_0001814,MCH_L1_05,2023-02-07 18:30:00,299.11,309.56,1599,39.3,115,No Failure,0
LOG_0001815,MCH_L3_01,2023-02-07 19:00:00,304.23,313.71,1361,59.77,185,No Failure,0
LOG_0001816,MCH_L2_03,2023-02-07 19:30:00,303.67,311.51,1379,32.89,7,No Failure,0
LOG_0001817,MCH_L3_01,2023-02-07 20:00:00,304.18,313.41,1335,38.15,228,No Failure,0
LOG_0001818,MCH_L1_04,2023-02-07 20:30:00,297.71,306.21,1494,51.8,69,No Failure,0
LOG_0001819,MCH_L1_01,2023-02-07 21:00:00,301.23,312.87,1688,36.27,190,No Failure,0
LOG_0001820,MCH_L3_01,2023-02-07 21:30:00,298.81,308.33,1477,36.09,161,Heat Dissipation,1
LOG_0001821,MCH_L2_02,2023-02-07 22:00:00,300.82,311.18,1457,38.06,176,No Failure,0
LOG_0001822,MCH_L2_03,2023-02-07 22:30:00,297.99,307.58,1628,42.95,39,No Failure,0
LOG_0001823,MCH_L1_03,2023-02-07 23:00:00,303.07,313.59,1550,32.05,85,No Failure,0
LOG_0001824,MCH_L2_01,2023-02-07 23:30:00,298.03,308.89,1505,47.85,28,No Failure,0
LOG_0001825,MCH_L1_02,2023-02-08 00:00:00,295.13,307.92,1600,36.65,8,No Failure,0
LOG_0001826,MCH_L2_02,2023-02-08 00:30:00,305.08,314.53,1300,41.75,20,No Failure,0
LOG_0001827,MCH_L3_05,2023-02-08 01:00:00,301.11,312.36,1569,36.46,31,No Failure,0
LOG_0001828,MCH_L2_03,2023-02-08 01:30:00,297.33,307.66,1666,28.65,71,No Failure,0
LOG_0001829,MCH_L2_01,2023-02-08 02:00:00,299.59,308.9,1364,21.34,182,Overstrain,1
LOG_0001830,MCH_L2_01,2023-02-08 02:30:00,298.56,307.95,1468,41.94,170,No Failure,0
LOG_0001831,MCH_L1_05,2023-02-08 03:00:00,300.01,310.58,1278,24.57,9,No Failure,0
LOG_0001832,MCH_L2_03,2023-02-08 03:30:00,302.01,311.65,1460,46.5,176,No Failure,0
LOG_0001833,MCH_L1_01,2023-02-08 04:00:00,301.61,311.74,1435,41.08,86,No Failure,0
LOG_0001834,MCH_L2_05,2023-02-08 04:30:00,300.63,311.43,1717,57.21,83,No Failure,0
LOG_0001835,MCH_L1_04,2023-02-08 05:00:00,300.01,313.0,1457,35.04,140,No Failure,0
LOG_0001836,MCH_L3_05,2023-02-08 05:30:00,302.7,312.74,1548,54.74,85,No Failure,0
LOG_0001837,MCH_L1_04,2023-02-08 06:00:00,295.19,303.84,1674,37.53,40,No Failure,0
LOG_0001838,MCH_L1_03,2023-02-08 06:30:00,298.13,308.61,1250,47.9,206,No Failure,0
LOG_0001839,MCH_L1_03,2023-02-08 07:00:00,297.55,306.97,1528,44.64,30,No Failure,0
LOG_0001840,MCH_L1_04,2023-02-08 07:30:00,302.52,314.79,1380,24.41,108,No Failure,0
LOG_0001841,MCH_L3_01,2023-02-08 08:00:00,298.15,307.55,1382,67.14,31,No Failure,0
LOG_0001842,MCH_L1_01,2023-02-08 08:30:00,296.79,306.81,1409,53.76,172,No Failure,0
LOG_0001843,MCH_L3_04,2023-02-08 09:00:00,301.37,312.12,1453,43.38,12,No Failure,0
LOG_0001844,MCH_L3_01,2023-02-08 09:30:00,297.73,308.32,1388,51.29,120,No Failure,0
LOG_0001845,MCH_L3_03,2023-02-08 10:00:00,299.12,310.79,1462,42.33,152,No Failure,0
LOG_0001846,MCH_L3_01,2023-02-08 10:30:00,305.95,316.75,1628,47.53,212,No Failure,0
LOG_0001847,MCH_L1_02,2023-02-08 11:00:00,301.97,314.78,1570,41.33,195,Heat Dissipation,1
LOG_0001848,MCH_L2_04,2023-02-08 11:30:00,299.47,310.01,1838,31.15,117,No Failure,0
LOG_0001849,MCH_L2_05,2023-02-08 12:00:00,299.7,311.26,1534,39.14,105,No Failure,0
LOG_0001850,MCH_L1_02,2023-02-08 12:30:00,302.27,311.71,1584,35.55,14,No Failure,0
LOG_0001851,MCH_L1_05,2023-02-08 13:00:00,301.66,314.03,1662,45.37,63,No Failure,0
LOG_0001852,MCH_L2_04,2023-02-08 13:30:00,300.19,309.77,1370,31.04,212,No Failure,0
LOG_0001853,MCH_L2_04,2023-02-08 14:00:00,300.26,312.04,1660,41.26,187,No Failure,0
LOG_0001854,MCH_L2_03,2023-02-08 14:30:00,296.3,307.37,1394,28.02,233,No Failure,0
LOG_0001855,MCH_L1_01,2023-02-08 15:00:00,295.77,305.85,1563,46.55,116,No Failure,0
LOG_0001856,MCH_L1_01,2023-02-08 15:30:00,299.56,311.35,1621,29.64,7,No Failure,0
LOG_0001857,MCH_L2_04,2023-02-08 16:00:00,298.42,308.41,1278,45.13,222,No Failure,0
LOG_0001858,MCH_L3_03,2023-02-08 16:30:00,301.47,313.11,1462,41.0,201,No Failure,0
LOG_0001859,MCH_L3_01,2023-02-08 17:00:00,300.49,310.94,1497,48.86,212,No Failure,0
LOG_0001860,MCH_L2_03,2023-02-08 17:30:00,298.07,307.62,1371,38.71,144,No Failure,0
LOG_0001861,MCH_L2_05,2023-02-08 18:00:00,300.41,310.79,1546,46.92,4,Tool Wear,1
LOG_0001862,MCH_L2_04,2023-02-08 18:30:00,298.95,308.99,1709,41.27,140,No Failure,0
LOG_0001863,MCH_L2_02,2023-02-08 19:00:00,305.17,314.64,1389,43.64,20,No Failure,0
LOG_0001864,MCH_L1_03,2023-02-08 19:30:00,300.97,311.25,1648,24.77,116,No Failure,0
LOG_0001865,MCH_L1_03,2023-02-08 20:00:00,296.1,306.58,1564,34.53,123,No Failure,0
LOG_0001866,MCH_L1_02,2023-02-08 20:30:00,304.55,311.6,1343,38.61,114,No Failure,0
LOG_0001867,MCH_L1_05,2023-02-08 21:00:00,298.42,309.02,1455,51.65,43,No Failure,0
LOG_0001868,MCH_L3_02,2023-02-08 21:30:00,297.56,308.45,1537,42.94,203,No Failure,0
LOG_0001869,MCH_L3_02,2023-02-08 22:00:00,305.36,317.1,1696,25.39,216,No Failure,0
LOG_0001870,MCH_L1_03,2023-02-08 22:30:00,300.86,309.38,1602,43.72,52,No Failure,0
LOG_0001871,MCH_L3_04,2023-02-08 23:00:00,301.75,310.53,1423,32.54,155,No Failure,0
LOG_0001872,MCH_L2_01,2023-02-08 23:30:00,301.83,312.08,1553,33.28,65,No Failure,0
LOG_0001873,MCH_L1_02,2023-02-09 00:00:00,299.49,308.63,1169,39.51,148,No Failure,0
LOG_0001874,MCH_L3_02,2023-02-09 00:30:00,298.57,307.14,1614,42.35,104,Power Failure,1
LOG_0001875,MCH_L1_03,2023-02-09 01:00:00,298.98,308.48,1414,33.39,125,No Failure,0
LOG_0001876,MCH_L1_05,2023-02-09 01:30:00,304.02,313.59,1379,25.15,119,No Failure,0
LOG_0001877,MCH_L3_02,2023-02-09 02:00:00,300.51,309.29,1468,38.49,213,No Failure,0
LOG_0001878,MCH_L3_01,2023-02-09 02:30:00,303.28,312.05,1356,38.1,56,Tool Wear,1
LOG_0001879,MCH_L3_01,2023-02-09 03:00:00,299.81,309.66,1482,52.19,54,No Failure,0
LOG_0001880,MCH_L1_01,2023-02-09 03:30:00,298.11,306.37,1632,40.36,129,No Failure,0
LOG_0001881,MCH_L3_03,2023-02-09 04:00:00,296.39,304.63,1269,50.02,93,No Failure,0
LOG_0001882,MCH_L1_01,2023-02-09 04:30:00,301.62,311.71,1497,57.99,64,Power Failure,1
LOG_0001883,MCH_L2_05,2023-02-09 05:00:00,304.24,316.05,1487,30.59,109,Heat Dissipation,1
LOG_0001884,MCH_L2_04,2023-02-09 05:30:00,297.79,308.67,1568,52.5,204,No Failure,0
LOG_0001885,MCH_L2_02,2023-02-09 06:00:00,301.28,312.75,1483,47.93,130,No Failure,0
LOG_0001886,MCH_L1_01,2023-02-09 06:30:00,296.56,304.39,1620,21.15,186,No Failure,0
LOG_0001887,MCH_L3_05,2023-02-09 07:00:00,298.61,306.92,1670,38.4,211,No Failure,0
LOG_0001888,MCH_L3_02,2023-02-09 07:30:00,300.67,310.68,1630,46.0,190,No Failure,0
LOG_0001889,MCH_L3_04,2023-02-09 08:00:00,295.68,306.68,1418,42.87,4,No Failure,0
LOG_0001890,MCH_L2_03,2023-02-09 08:30:00,299.95,310.72,1739,54.09,65,No Failure,0
LOG_0001891,MCH_L1_03,2023-02-09 09:00:00,297.91,306.3,1368,45.02,89,No Failure,0
LOG_0001892,MCH_L2_03,2023-02-09 09:30:00,301.51,312.87,1592,27.85,220,No Failure,0
LOG_0001893,MCH_L3_05,2023-02-09 10:00:00,299.59,309.49,1645,46.74,145,No Failure,0
LOG_0001894,MCH_L1_05,2023-02-09 10:30:00,302.35,313.28,1756,30.28,136,No Failure,0
LOG_0001895,MCH_L1_01,2023-02-09 11:00:00,299.3,308.57,1628,35.3,149,No Failure,0
LOG_0001896,MCH_L2_02,2023-02-09 11:30:00,296.59,304.74,1416,49.34,155,No Failure,0
LOG_0001897,MCH_L1_05,2023-02-09 12:00:00,296.28,307.3,1617,48.38,187,No Failure,0
LOG_0001898,MCH_L2_01,2023-02-09 12:30:00,295.23,305.79,1491,40.33,139,No Failure,0
LOG_0001899,MCH_L2_01,2023-02-09 13:00:00,301.58,310.09,1639,33.84,36,No Failure,0
LOG_0001900,MCH_L2_03,2023-02-09 13:30:00,306.39,315.59,1530,38.3,209,No Failure,0
LOG_0001901,MCH_L2_04,2023-02-09 14:00:00,301.09,311.91,1679,39.05,118,No Failure,0
LOG_0001902,MCH_L1_02,2023-02-09 14:30:00,304.18,314.43,1511,35.18,97,No Failure,0
LOG_0001903,MCH_L2_04,2023-02-09 15:00:00,302.83,313.43,1620,49.65,169,No Failure,0
LOG_0001904,MCH_L3_02,2023-02-09 15:30:00,298.7,308.07,1433,36.47,53,No Failure,0
LOG_0001905,MCH_L3_05,2023-02-09 16:00:00,303.16,314.87,1649,37.78,169,No Failure,0
LOG_0001906,MCH_L3_01,2023-02-09 16:30:00,298.8,308.67,1250,38.01,121,No Failure,0
LOG_0001907,MCH_L2_05,2023-02-09 17:00:00,298.85,306.01,1592,45.93,66,No Failure,0
LOG_0001908,MCH_L2_04,2023-02-09 17:30:00,299.48,309.61,1551,42.16,55,No Failure,0
LOG_0001909,MCH_L3_03,2023-02-09 18:00:00,299.6,310.33,1525,41.86,45,No Failure,0
LOG_0001910,MCH_L2_05,2023-02-09 18:30:00,301.65,312.01,1247,31.99,4,No Failure,0
LOG_0001911,MCH_L3_05,2023-02-09 19:00:00,298.32,307.81,1448,42.0,55,Heat Dissipation,1
LOG_0001912,MCH_L2_05,2023-02-09 19:30:00,302.22,309.88,1652,46.34,150,No Failure,0
LOG_0001913,MCH_L2_02,2023-02-09 20:00:00,302.19,311.41,1406,37.07,61,No Failure,0
LOG_0001914,MCH_L1_01,2023-02-09 20:30:00,300.86,310.19,1331,41.24,140,No Failure,0
LOG_0001915,MCH_L2_02,2023-02-09 21:00:00,304.85,314.06,1378,47.83,58,No Failure,0
LOG_0001916,MCH_L2_05,2023-02-09 21:30:00,303.22,313.95,1650,33.19,215,No Failure,0
LOG_0001917,MCH_L1_05,2023-02-09 22:00:00,302.67,312.27,1562,33.31,27,No Failure,0
LOG_0001918,MCH_L2_01,2023-02-09 22:30:00,300.17,311.83,1678,38.98,208,No Failure,0
LOG_0001919,MCH_L2_05,2023-02-09 23:00:00,300.88,310.61,1591,46.63,5,No Failure,0
LOG_0001920,MCH_L2_02,2023-02-09 23:30:00,301.31,312.77,1403,14.65,188,No Failure,0
LOG_0001921,MCH_L3_04,2023-02-10 00:00:00,300.03,310.29,1727,38.34,60,No Failure,0
LOG_0001922,MCH_L3_05,2023-02-10 00:30:00,299.06,309.38,1434,34.01,218,No Failure,0
LOG_0001923,MCH_L1_05,2023-02-10 01:00:00,293.99,303.17,1408,43.04,172,No Failure,0
LOG_0001924,MCH_L2_02,2023-02-10 01:30:00,301.79,310.17,1538,39.16,92,No Failure,0
LOG_0001925,MCH_L2_04,2023-02-10 02:00:00,302.6,312.51,1557,49.71,11,No Failure,0
LOG_0001926,MCH_L1_03,2023-02-10 02:30:00,297.1,309.12,1608,45.52,162,No Failure,0
LOG_0001927,MCH_L2_03,2023-02-10 03:00:00,301.51,310.96,1467,38.07,61,No Failure,0
LOG_0001928,MCH_L1_02,2023-02-10 03:30:00,298.52,307.78,1676,31.34,111,No Failure,0
LOG_0001929,MCH_L3_01,2023-02-10 04:00:00,299.08,308.87,1429,42.97,4,No Failure,0
LOG_0001930,MCH_L2_02,2023-02-10 04:30:00,303.28,315.4,1375,37.46,65,No Failure,0
LOG_0001931,MCH_L3_03,2023-02-10 05:00:00,297.52,308.46,1272,38.26,202,No Failure,0
LOG_0001932,MCH_L1_02,2023-02-10 05:30:00,297.52,308.98,1479,30.12,67,No Failure,0
LOG_0001933,MCH_L3_05,2023-02-10 06:00:00,304.51,312.13,1607,41.3,85,No Failure,0
LOG_0001934,MCH_L3_04,2023-02-10 06:30:00,299.64,308.65,1593,35.69,192,No Failure,0
LOG_0001935,MCH_L1_04,2023-02-10 07:00:00,303.12,312.17,1544,36.54,108,No Failure,0
LOG_0001936,MCH_L2_02,2023-02-10 07:30:00,296.0,307.36,1449,9.25,113,No Failure,0
LOG_0001937,MCH_L1_03,2023-02-10 08:00:00,296.2,306.99,1655,40.28,79,No Failure,0
LOG_0001938,MCH_L1_02,2023-02-10 08:30:00,297.72,308.99,1515,31.91,65,No Failure,0
LOG_0001939,MCH_L3_01,2023-02-10 09:00:00,298.8,306.55,1553,44.39,168,No Failure,0
LOG_0001940,MCH_L2_05,2023-02-10 09:30:00,296.49,307.82,1365,40.6,154,No Failure,0
LOG_0001941,MCH_L2_02,2023-02-10 10:00:00,300.92,311.71,1282,27.51,75,No Failure,0
LOG_0001942,MCH_L1_01,2023-02-10 10:30:00,301.09,309.98,1609,39.12,4,No Failure,0
LOG_0001943,MCH_L3_04,2023-02-10 11:00:00,297.75,307.51,1808,41.83,132,No Failure,0
LOG_0001944,MCH_L3_05,2023-02-10 11:30:00,297.95,306.88,1559,57.74,85,No Failure,0
LOG_0001945,MCH_L2_03,2023-02-10 12:00:00,298.28,308.16,1609,45.09,140,No Failure,0
LOG_0001946,MCH_L1_03,2023-02-10 12:30:00,297.09,307.63,1607,29.02,79,No Failure,0
LOG_0001947,MCH_L3_02,2023-02-10 13:00:00,292.76,304.45,1514,56.52,89,No Failure,0
LOG_0001948,MCH_L3_02,2023-02-10 13:30:00,299.79,308.66,1319,37.66,136,No Failure,0
LOG_0001949,MCH_L3_03,2023-02-10 14:00:00,298.92,308.36,1594,37.63,175,No Failure,0
LOG_0001950,MCH_L1_02,2023-02-10 14:30:00,299.18,307.86,1689,56.51,31,No Failure,0
LOG_0001951,MCH_L1_03,2023-02-10 15:00:00,297.47,308.39,1571,34.66,82,No Failure,0
LOG_0001952,MCH_L1_05,2023-02-10 15:30:00,302.03,310.14,1481,38.66,35,No Failure,0
LOG_0001953,MCH_L3_01,2023-02-10 16:00:00,306.06,316.27,1559,26.13,219,No Failure,0
LOG_0001954,MCH_L2_03,2023-02-10 16:30:00,297.91,306.44,1501,39.67,142,No Failure,0
LOG_0001955,MCH_L2_05,2023-02-10 17:00:00,303.5,313.55,1667,38.72,136,No Failure,0
LOG_0001956,MCH_L2_02,2023-02-10 17:30:00,300.92,312.31,1536,36.62,15,No Failure,0
LOG_0001957,MCH_L2_02,2023-02-10 18:00:00,300.09,309.48,1597,41.35,5,No Failure,0
LOG_0001958,MCH_L3_02,2023-02-10 18:30:00,299.14,309.41,1647,33.04,71,No Failure,0
LOG_0001959,MCH_L2_02,2023-02-10 19:00:00,299.79,308.72,1598,52.45,160,No Failure,0
LOG_0001960,MCH_L3_05,2023-02-10 19:30:00,302.87,312.74,1519,40.16,223,No Failure,0
LOG_0001961,MCH_L2_03,2023-02-10 20:00:00,297.15,305.28,1330,33.46,109,No Failure,0
LOG_0001962,MCH_L1_01,2023-02-10 20:30:00,299.31,310.16,1564,28.16,99,No Failure,0
LOG_0001963,MCH_L1_04,2023-02-10 21:00:00,303.12,312.62,1623,40.4,169,No Failure,0
LOG_0001964,MCH_L3_03,2023-02-10 21:30:00,302.46,312.21,1319,47.81,58,No Failure,0
LOG_0001965,MCH_L2_01,2023-02-10 22:00:00,297.19,307.27,1562,43.03,239,No Failure,0
LOG_0001966,MCH_L2_04,2023-02-10 22:30:00,299.54,307.18,1513,56.88,35,No Failure,0
LOG_0001967,MCH_L3_03,2023-02-10 23:00:00,301.82,310.99,1240,57.06,33,Heat Dissipation,1
LOG_0001968,MCH_L1_02,2023-02-10 23:30:00,301.66,311.82,1552,29.13,129,No Failure,0
LOG_0001969,MCH_L1_01,2023-02-11 00:00:00,302.44,312.25,1677,27.33,12,No Failure,0
LOG_0001970,MCH_L3_03,2023-02-11 00:30:00,300.96,313.57,1515,33.46,170,No Failure,0
LOG_0001971,MCH_L2_05,2023-02-11 01:00:00,301.38,312.89,1262,46.0,201,No Failure,0
LOG_0001972,MCH_L3_02,2023-02-11 01:30:00,300.86,311.03,1555,43.32,56,Power Failure,1
LOG_0001973,MCH_L3_04,2023-02-11 02:00:00,303.95,312.72,1643,48.59,229,No Failure,0
LOG_0001974,MCH_L1_02,2023-02-11 02:30:00,298.95,308.36,1409,31.2,6,No Failure,0
LOG_0001975,MCH_L2_02,2023-02-11 03:00:00,300.12,310.91,1483,24.92,186,No Failure,0
LOG_0001976,MCH_L1_03,2023-02-11 03:30:00,297.46,307.55,1467,34.97,58,No Failure,0
LOG_0001977,MCH_L2_05,2023-02-11 04:00:00,296.97,308.5,1522,44.99,110,No Failure,0
LOG_0001978,MCH_L1_02,2023-02-11 04:30:00,300.81,310.89,1463,41.37,115,No Failure,0
LOG_0001979,MCH_L3_04,2023-02-11 05:00:00,298.19,308.33,1670,50.59,50,No Failure,0
LOG_0001980,MCH_L3_01,2023-02-11 05:30:00,299.86,311.81,1667,33.95,2,No Failure,0
LOG_0001981,MCH_L2_02,2023-02-11 06:00:00,304.04,312.72,1435,48.46,154,No Failure,0
LOG_0001982,MCH_L3_03,2023-02-11 06:30:00,303.9,315.98,1670,34.84,205,No Failure,0
LOG_0001983,MCH_L3_03,2023-02-11 07:00:00,305.56,316.48,1310,46.62,53,Heat Dissipation,1
LOG_0001984,MCH_L1_02,2023-02-11 07:30:00,304.09,317.97,1410,46.48,93,No Failure,0
LOG_0001985,MCH_L1_03,2023-02-11 08:00:00,306.01,315.17,1583,53.39,191,No Failure,0
LOG_0001986,MCH_L3_01,2023-02-11 08:30:00,301.09,313.05,1518,28.62,33,No Failure,0
LOG_0001987,MCH_L2_02,2023-02-11 09:00:00,297.74,307.9,1525,51.76,22,No Failure,0
LOG_0001988,MCH_L3_04,2023-02-11 09:30:00,297.5,307.28,1553,43.79,47,No Failure,0
LOG_0001989,MCH_L1_04,2023-02-11 10:00:00,303.49,313.86,1450,40.51,54,No Failure,0
LOG_0001990,MCH_L3_03,2023-02-11 10:30:00,300.13,310.28,1658,38.87,16,No Failure,0
LOG_0001991,MCH_L3_04,2023-02-11 11:00:00,300.32,309.39,1591,39.38,78,No Failure,0
LOG_0001992,MCH_L1_01,2023-02-11 11:30:00,298.63,308.47,1496,40.34,61,No Failure,0
LOG_0001993,MCH_L3_03,2023-02-11 12:00:00,298.93,309.3,1620,26.33,124,No Failure,0
LOG_0001994,MCH_L3_04,2023-02-11 12:30:00,300.96,310.45,1563,42.07,236,No Failure,0
LOG_0001995,MCH_L1_05,2023-02-11 13:00:00,297.36,308.01,1479,41.29,60,No Failure,0
LOG_0001996,MCH_L3_02,2023-02-11 13:30:00,300.64,310.28,1474,34.41,188,No Failure,0
LOG_0001997,MCH_L2_04,2023-02-11 14:00:00,303.78,314.33,1371,40.28,43,No Failure,0
LOG_0001998,MCH_L2_03,2023-02-11 14:30:00,294.67,305.08,1435,49.38,70,No Failure,0
LOG_0001999,MCH_L3_02,2023-02-11 15:00:00,296.15,306.69,1486,34.77,124,No Failure,0
LOG_0002000,MCH_L3_05,2023-02-11 15:30:00,301.69,310.07,1519,30.32,127,No Failure,0
LOG_0002001,MCH_L2_04,2023-02-11 16:00:00,303.41,314.73,1399,33.86,2,No Failure,0
LOG_0002002,MCH_L2_05,2023-02-11 16:30:00,298.78,307.74,1513,22.26,200,No Failure,0
LOG_0002003,MCH_L3_04,2023-02-11 17:00:00,295.0,304.78,1443,55.22,66,No Failure,0
LOG_0002004,MCH_L2_04,2023-02-11 17:30:00,303.58,312.8,1423,32.93,111,No Failure,0
LOG_0002005,MCH_L3_05,2023-02-11 18:00:00,297.97,308.06,1571,50.73,98,No Failure,0
LOG_0002006,MCH_L2_02,2023-02-11 18:30:00,299.1,308.97,1529,29.46,231,No Failure,0
LOG_0002007,MCH_L1_04,2023-02-11 19:00:00,300.8,311.58,1492,34.74,135,Heat Dissipation,1
LOG_0002008,MCH_L1_05,2023-02-11 19:30:00,298.33,308.38,1570,40.54,153,No Failure,0
LOG_0002009,MCH_L1_01,2023-02-11 20:00:00,297.81,307.34,1354,45.47,119,No Failure,0
LOG_0002010,MCH_L3_04,2023-02-11 20:30:00,297.86,305.7,1364,39.41,142,No Failure,0
LOG_0002011,MCH_L1_01,2023-02-11 21:00:00,304.64,315.7,1460,26.91,132,No Failure,0
LOG_0002012,MCH_L1_03,2023-02-11 21:30:00,302.9,313.52,1487,39.53,140,No Failure,0
LOG_0002013,MCH_L3_03,2023-02-11 22:00:00,301.44,312.55,1591,50.7,206,No Failure,0
LOG_0002014,MCH_L3_04,2023-02-11 22:30:00,294.53,304.31,1424,42.77,102,No Failure,0
LOG_0002015,MCH_L2_03,2023-02-11 23:00:00,301.45,311.88,1427,58.83,139,No Failure,0
LOG_0002016,MCH_L3_04,2023-02-11 23:30:00,301.31,310.53,1630,41.46,226,Tool Wear,1
LOG_0002017,MCH_L1_02,2023-02-12 00:00:00,296.8,305.91,1370,48.61,62,No Failure,0
LOG_0002018,MCH_L1_04,2023-02-12 00:30:00,300.65,310.31,1621,44.46,135,No Failure,0
LOG_0002019,MCH_L1_02,2023-02-12 01:00:00,302.63,313.74,1501,34.62,201,No Failure,0
LOG_0002020,MCH_L3_04,2023-02-12 01:30:00,301.42,311.09,1406,39.48,33,No Failure,0
LOG_0002021,MCH_L1_05,2023-02-12 02:00:00,298.3,308.24,1368,49.46,199,No Failure,0
LOG_0002022,MCH_L2_04,2023-02-12 02:30:00,300.03,310.32,1477,37.05,21,No Failure,0
LOG_0002023,MCH_L1_01,2023-02-12 03:00:00,301.83,311.86,1578,43.4,49,No Failure,0
LOG_0002024,MCH_L1_05,2023-02-12 03:30:00,300.15,311.37,1498,34.72,139,No Failure,0
LOG_0002025,MCH_L3_04,2023-02-12 04:00:00,303.14,312.24,1610,47.9,149,No Failure,0
LOG_0002026,MCH_L3_05,2023-02-12 04:30:00,300.99,311.11,1606,40.7,90,Heat Dissipation,1
LOG_0002027,MCH_L2_04,2023-02-12 05:00:00,301.88,312.45,1596,47.35,185,Overstrain,1
LOG_0002028,MCH_L3_05,2023-02-12 05:30:00,302.05,310.08,1601,50.59,81,No Failure,0
LOG_0002029,MCH_L1_01,2023-02-12 06:00:00,297.33,307.65,1435,45.71,18,No Failure,0
LOG_0002030,MCH_L2_04,2023-02-12 06:30:00,300.12,311.73,1593,38.46,122,No Failure,0
LOG_0002031,MCH_L2_03,2023-02-12 07:00:00,299.17,308.75,1755,38.62,132,No Failure,0
LOG_0002032,MCH_L1_04,2023-02-12 07:30:00,302.61,311.31,1617,22.1,15,No Failure,0
LOG_0002033,MCH_L3_02,2023-02-12 08:00:00,301.16,311.72,1453,43.64,112,Power Failure,1
LOG_0002034,MCH_L3_01,2023-02-12 08:30:00,299.53,309.75,1430,48.92,168,No Failure,0
LOG_0002035,MCH_L2_05,2023-02-12 09:00:00,296.8,308.63,1513,29.48,201,No Failure,0
LOG_0002036,MCH_L1_05,2023-02-12 09:30:00,296.01,306.54,1592,38.67,18,No Failure,0
LOG_0002037,MCH_L3_03,2023-02-12 10:00:00,300.78,309.65,1521,38.5,107,No Failure,0
LOG_0002038,MCH_L1_05,2023-02-12 10:30:00,298.21,307.02,1367,43.94,192,No Failure,0
LOG_0002039,MCH_L3_01,2023-02-12 11:00:00,301.67,312.7,1590,41.25,21,No Failure,0
LOG_0002040,MCH_L3_02,2023-02-12 11:30:00,295.89,306.32,1612,32.25,144,No Failure,0
LOG_0002041,MCH_L2_01,2023-02-12 12:00:00,303.98,313.91,1394,53.7,34,No Failure,0
LOG_0002042,MCH_L2_02,2023-02-12 12:30:00,301.66,311.87,1615,25.82,166,No Failure,0
LOG_0002043,MCH_L2_03,2023-02-12 13:00:00,300.25,310.78,1514,34.85,72,No Failure,0
LOG_0002044,MCH_L3_05,2023-02-12 13:30:00,304.21,314.66,1558,28.68,54,No Failure,0
LOG_0002045,MCH_L3_04,2023-02-12 14:00:00,302.37,310.56,1560,43.02,132,No Failure,0
LOG_0002046,MCH_L2_03,2023-02-12 14:30:00,298.81,310.27,1534,43.95,72,No Failure,0
LOG_0002047,MCH_L3_01,2023-02-12 15:00:00,300.19,311.73,1452,39.01,114,No Failure,0
LOG_0002048,MCH_L3_04,2023-02-12 15:30:00,295.09,307.26,1559,29.69,10,No Failure,0
LOG_0002049,MCH_L3_03,2023-02-12 16:00:00,302.66,314.57,1505,32.07,77,No Failure,0
LOG_0002050,MCH_L1_02,2023-02-12 16:30:00,299.26,310.97,1539,47.58,109,No Failure,0
LOG_0002051,MCH_L2_04,2023-02-12 17:00:00,295.06,304.72,1467,39.32,167,No Failure,0
LOG_0002052,MCH_L2_02,2023-02-12 17:30:00,297.05,307.41,1547,36.13,215,No Failure,0
LOG_0002053,MCH_L1_04,2023-02-12 18:00:00,302.18,313.58,1499,34.08,83,No Failure,0
LOG_0002054,MCH_L1_04,2023-02-12 18:30:00,304.03,311.87,1379,38.98,96,No Failure,0
LOG_0002055,MCH_L3_01,2023-02-12 19:00:00,300.05,309.79,1564,44.84,131,No Failure,0
LOG_0002056,MCH_L2_03,2023-02-12 19:30:00,297.54,305.49,1629,37.92,126,No Failure,0
LOG_0002057,MCH_L1_04,2023-02-12 20:00:00,296.45,306.79,1549,43.68,79,No Failure,0
LOG_0002058,MCH_L3_03,2023-02-12 20:30:00,303.54,315.06,1479,26.72,216,No Failure,0
LOG_0002059,MCH_L3_05,2023-02-12 21:00:00,301.12,311.14,1549,49.64,185,No Failure,0
LOG_0002060,MCH_L2_01,2023-02-12 21:30:00,299.17,308.49,1420,39.68,192,No Failure,0
LOG_0002061,MCH_L1_05,2023-02-12 22:00:00,298.58,308.92,1596,31.66,114,No Failure,0
LOG_0002062,MCH_L1_03,2023-02-12 22:30:00,301.68,312.17,1607,43.75,215,No Failure,0
LOG_0002063,MCH_L3_03,2023-02-12 23:00:00,301.61,312.19,1496,41.54,63,No Failure,0
LOG_0002064,MCH_L3_04,2023-02-12 23:30:00,297.76,306.3,1516,30.45,66,No Failure,0
LOG_0002065,MCH_L2_05,2023-02-13 00:00:00,297.14,307.43,1379,38.97,95,No Failure,0
LOG_0002066,MCH_L3_01,2023-02-13 00:30:00,297.27,307.49,1571,35.6,33,No Failure,0
LOG_0002067,MCH_L1_02,2023-02-13 01:00:00,298.83,309.97,1474,29.22,112,No Failure,0
LOG_0002068,MCH_L2_04,2023-02-13 01:30:00,298.28,308.19,1197,36.42,88,No Failure,0
LOG_0002069,MCH_L2_05,2023-02-13 02:00:00,304.05,316.42,1515,31.11,234,No Failure,0
LOG_0002070,MCH_L2_04,2023-02-13 02:30:00,298.74,308.84,1488,29.6,185,No Failure,0
LOG_0002071,MCH_L1_01,2023-02-13 03:00:00,296.88,306.31,1380,44.23,194,No Failure,0
LOG_0002072,MCH_L2_05,2023-02-13 03:30:00,297.02,305.82,1618,42.6,134,No Failure,0
LOG_0002073,MCH_L1_03,2023-02-13 04:00:00,299.54,308.92,1450,37.82,233,No Failure,0
LOG_0002074,MCH_L2_03,2023-02-13 04:30:00,295.44,304.48,1414,20.95,162,No Failure,0
LOG_0002075,MCH_L2_01,2023-02-13 05:00:00,299.85,309.66,1634,39.39,156,No Failure,0
LOG_0002076,MCH_L1_05,2023-02-13 05:30:00,296.66,308.68,1550,46.46,231,No Failure,0
LOG_0002077,MCH_L1_05,2023-02-13 06:00:00,302.9,311.15,1385,50.29,24,No Failure,0
LOG_0002078,MCH_L2_01,2023-02-13 06:30:00,300.29,308.62,1500,48.65,27,No Failure,0
LOG_0002079,MCH_L3_05,2023-02-13 07:00:00,305.3,315.02,1408,29.89,215,No Failure,0
LOG_0002080,MCH_L2_02,2023-02-13 07:30:00,299.43,307.79,1351,33.39,68,No Failure,0
LOG_0002081,MCH_L1_01,2023-02-13 08:00:00,292.17,300.99,1342,38.58,154,No Failure,0
LOG_0002082,MCH_L2_04,2023-02-13 08:30:00,303.64,314.05,1584,39.35,201,No Failure,0
LOG_0002083,MCH_L1_03,2023-02-13 09:00:00,301.25,311.19,1407,40.26,75,No Failure,0
LOG_0002084,MCH_L1_04,2023-02-13 09:30:00,301.64,312.17,1384,49.52,81,No Failure,0
LOG_0002085,MCH_L2_05,2023-02-13 10:00:00,297.49,308.2,1475,41.66,229,No Failure,0
LOG_0002086,MCH_L1_01,2023-02-13 10:30:00,299.89,311.5,1810,50.32,135,No Failure,0
LOG_0002087,MCH_L3_03,2023-02-13 11:00:00,300.47,310.92,1558,33.42,165,No Failure,0
LOG_0002088,MCH_L3_01,2023-02-13 11:30:00,299.41,310.86,1600,36.69,118,No Failure,0
LOG_0002089,MCH_L2_05,2023-02-13 12:00:00,295.66,305.79,1388,36.39,93,No Failure,0
LOG_0002090,MCH_L1_03,2023-02-13 12:30:00,306.92,317.39,1553,39.52,136,Heat Dissipation,1
LOG_0002091,MCH_L1_02,2023-02-13 13:00:00,302.09,312.54,1501,28.47,111,No Failure,0
LOG_0002092,MCH_L1_02,2023-02-13 13:30:00,301.05,311.39,1418,56.33,42,No Failure,0
LOG_0002093,MCH_L3_04,2023-02-13 14:00:00,303.28,313.53,1476,40.82,24,No Failure,0
LOG_0002094,MCH_L1_01,2023-02-13 14:30:00,301.61,313.8,1425,30.28,93,No Failure,0
LOG_0002095,MCH_L2_03,2023-02-13 15:00:00,298.31,309.15,1518,30.76,65,No Failure,0
LOG_0002096,MCH_L1_03,2023-02-13 15:30:00,303.12,312.58,1476,40.68,16,No Failure,0
LOG_0002097,MCH_L1_03,2023-02-13 16:00:00,302.13,314.94,1425,45.03,108,No Failure,0
LOG_0002098,MCH_L2_01,2023-02-13 16:30:00,298.4,307.95,1472,47.99,134,No Failure,0
LOG_0002099,MCH_L3_03,2023-02-13 17:00:00,301.98,311.97,1606,40.4,21,No Failure,0
LOG_0002100,MCH_L2_03,2023-02-13 17:30:00,299.4,308.4,1363,45.18,9,No Failure,0
LOG_0002101,MCH_L3_03,2023-02-13 18:00:00,300.52,311.38,1436,42.89,89,No Failure,0
LOG_0002102,MCH_L3_05,2023-02-13 18:30:00,301.5,313.53,1541,39.11,140,No Failure,0
LOG_0002103,MCH_L2_04,2023-02-13 19:00:00,303.42,311.63,1429,37.1,41,No Failure,0
LOG_0002104,MCH_L2_04,2023-02-13 19:30:00,298.39,308.06,1651,40.23,27,No Failure,0
LOG_0002105,MCH_L1_04,2023-02-13 20:00:00,300.91,312.25,1638,39.01,99,No Failure,0
LOG_0002106,MCH_L3_04,2023-02-13 20:30:00,305.04,313.77,1645,39.95,186,No Failure,0
LOG_0002107,MCH_L1_05,2023-02-13 21:00:00,299.56,310.25,1578,43.82,10,No Failure,0
LOG_0002108,MCH_L1_02,2023-02-13 21:30:00,300.49,308.93,1617,53.77,136,No Failure,0
LOG_0002109,MCH_L3_01,2023-02-13 22:00:00,305.04,315.53,1502,31.46,207,No Failure,0
LOG_0002110,MCH_L2_04,2023-02-13 22:30:00,301.59,311.68,1432,40.81,80,No Failure,0
LOG_0002111,MCH_L2_03,2023-02-13 23:00:00,296.32,310.3,1439,42.99,54,Heat Dissipation,1
LOG_0002112,MCH_L1_03,2023-02-13 23:30:00,298.01,308.9,1313,36.84,4,No Failure,0
LOG_0002113,MCH_L3_01,2023-02-14 00:00:00,301.72,309.11,1458,49.18,68,No Failure,0
LOG_0002114,MCH_L3_02,2023-02-14 00:30:00,301.06,310.97,1465,35.87,37,No Failure,0
LOG_0002115,MCH_L3_03,2023-02-14 01:00:00,300.41,311.4,1479,45.73,222,No Failure,0
LOG_0002116,MCH_L2_04,2023-02-14 01:30:00,305.4,314.9,1802,50.71,65,No Failure,0
LOG_0002117,MCH_L1_03,2023-02-14 02:00:00,298.46,307.91,1412,43.38,218,No Failure,0
LOG_0002118,MCH_L2_04,2023-02-14 02:30:00,299.81,309.32,1473,38.5,237,No Failure,0
LOG_0002119,MCH_L1_02,2023-02-14 03:00:00,295.09,305.75,1758,44.09,234,No Failure,0
LOG_0002120,MCH_L3_02,2023-02-14 03:30:00,302.9,311.39,1417,36.62,210,No Failure,0
LOG_0002121,MCH_L2_05,2023-02-14 04:00:00,298.0,307.33,1376,33.98,63,No Failure,0
LOG_0002122,MCH_L2_04,2023-02-14 04:30:00,302.64,313.88,1477,43.11,234,No Failure,0
LOG_0002123,MCH_L3_05,2023-02-14 05:00:00,302.38,311.8,1417,46.37,152,No Failure,0
LOG_0002124,MCH_L2_03,2023-02-14 05:30:00,305.87,315.21,1631,40.82,179,No Failure,0
LOG_0002125,MCH_L2_04,2023-02-14 06:00:00,301.62,309.97,1518,44.75,165,No Failure,0
LOG_0002126,MCH_L1_05,2023-02-14 06:30:00,299.11,309.89,1368,59.6,76,No Failure,0
LOG_0002127,MCH_L3_01,2023-02-14 07:00:00,301.13,311.64,1538,50.37,220,No Failure,0
LOG_0002128,MCH_L3_01,2023-02-14 07:30:00,298.1,309.27,1523,35.2,18,No Failure,0
LOG_0002129,MCH_L1_02,2023-02-14 08:00:00,300.8,310.66,1335,41.57,98,No Failure,0
LOG_0002130,MCH_L2_03,2023-02-14 08:30:00,299.5,309.88,1553,42.57,24,No Failure,0
LOG_0002131,MCH_L3_02,2023-02-14 09:00:00,299.82,310.19,1559,32.86,47,No Failure,0
LOG_0002132,MCH_L3_05,2023-02-14 09:30:00,297.75,306.04,1338,45.23,72,No Failure,0
LOG_0002133,MCH_L2_01,2023-02-14 10:00:00,300.75,313.57,1354,33.58,188,No Failure,0
LOG_0002134,MCH_L2_03,2023-02-14 10:30:00,302.06,313.23,1457,45.72,34,No Failure,0
LOG_0002135,MCH_L3_01,2023-02-14 11:00:00,295.87,305.96,1425,56.43,178,No Failure,0
LOG_0002136,MCH_L1_05,2023-02-14 11:30:00,298.28,308.01,1571,38.93,142,No Failure,0
LOG_0002137,MCH_L2_05,2023-02-14 12:00:00,300.42,312.01,1448,43.72,213,No Failure,0
LOG_0002138,MCH_L1_02,2023-02-14 12:30:00,294.13,304.25,1478,42.48,204,No Failure,0
LOG_0002139,MCH_L2_01,2023-02-14 13:00:00,304.35,315.45,1372,32.06,48,No Failure,0
LOG_0002140,MCH_L1_05,2023-02-14 13:30:00,298.22,307.53,1613,33.74,157,No Failure,0
LOG_0002141,MCH_L3_02,2023-02-14 14:00:00,297.65,306.6,1408,43.05,148,No Failure,0
LOG_0002142,MCH_L3_03,2023-02-14 14:30:00,299.48,309.29,1376,41.12,216,No Failure,0
LOG_0002143,MCH_L3_02,2023-02-14 15:00:00,300.34,310.35,1506,38.87,88,No Failure,0
LOG_0002144,MCH_L1_05,2023-02-14 15:30:00,298.11,308.62,1628,47.92,231,No Failure,0
LOG_0002145,MCH_L3_03,2023-02-14 16:00:00,302.45,314.21,1554,43.96,85,No Failure,0
LOG_0002146,MCH_L1_01,2023-02-14 16:30:00,301.0,312.33,1432,58.73,237,No Failure,0
LOG_0002147,MCH_L1_02,2023-02-14 17:00:00,297.91,309.49,1451,32.11,168,No Failure,0
LOG_0002148,MCH_L2_03,2023-02-14 17:30:00,298.69,307.81,1338,36.6,130,No Failure,0
LOG_0002149,MCH_L3_03,2023-02-14 18:00:00,296.21,305.86,1730,52.35,124,No Failure,0
LOG_0002150,MCH_L3_04,2023-02-14 18:30:00,296.87,308.03,1686,54.35,72,No Failure,0
LOG_0002151,MCH_L3_03,2023-02-14 19:00:00,300.97,312.43,1534,32.7,151,No Failure,0
LOG_0002152,MCH_L1_03,2023-02-14 19:30:00,297.93,308.82,1498,36.69,235,No Failure,0
LOG_0002153,MCH_L2_05,2023-02-14 20:00:00,304.51,313.83,1364,38.48,110,No Failure,0
LOG_0002154,MCH_L1_03,2023-02-14 20:30:00,300.18,308.93,1482,51.97,223,No Failure,0
LOG_0002155,MCH_L2_03,2023-02-14 21:00:00,296.62,306.9,1606,38.85,144,No Failure,0
LOG_0002156,MCH_L2_03,2023-02-14 21:30:00,297.14,306.07,1587,38.56,104,Power Failure,1
LOG_0002157,MCH_L1_02,2023-02-14 22:00:00,302.63,313.18,1445,37.75,87,No Failure,0
LOG_0002158,MCH_L2_03,2023-02-14 22:30:00,299.81,311.31,1596,40.93,7,Heat Dissipation,1
LOG_0002159,MCH_L3_01,2023-02-14 23:00:00,302.48,312.71,1638,42.92,133,No Failure,0
LOG_0002160,MCH_L3_03,2023-02-14 23:30:00,299.08,307.51,1504,55.97,8,No Failure,0
LOG_0002161,MCH_L3_03,2023-02-15 00:00:00,298.6,307.99,1617,52.45,14,No Failure,0
LOG_0002162,MCH_L1_01,2023-02-15 00:30:00,302.8,313.84,1698,30.8,63,No Failure,0
LOG_0002163,MCH_L2_01,2023-02-15 01:00:00,297.85,308.42,1729,38.41,215,No Failure,0
LOG_0002164,MCH_L2_03,2023-02-15 01:30:00,301.22,311.88,1427,40.17,177,No Failure,0
LOG_0002165,MCH_L1_03,2023-02-15 02:00:00,299.47,311.59,1553,36.23,123,No Failure,0
LOG_0002166,MCH_L2_03,2023-02-15 02:30:00,302.2,312.62,1584,48.52,10,No Failure,0
LOG_0002167,MCH_L3_02,2023-02-15 03:00:00,304.55,314.93,1497,51.46,94,No Failure,0
LOG_0002168,MCH_L1_01,2023-02-15 03:30:00,299.02,310.05,1649,35.92,119,No Failure,0
LOG_0002169,MCH_L3_01,2023-02-15 04:00:00,298.63,307.22,1506,40.1,173,No Failure,0
LOG_0002170,MCH_L3_01,2023-02-15 04:30:00,301.66,311.13,1481,47.62,44,No Failure,0
LOG_0002171,MCH_L2_04,2023-02-15 05:00:00,297.29,306.4,1342,49.08,236,No Failure,0
LOG_0002172,MCH_L3_03,2023-02-15 05:30:00,304.04,314.83,1297,35.72,76,No Failure,0
LOG_0002173,MCH_L3_01,2023-02-15 06:00:00,303.62,312.52,1457,44.06,93,No Failure,0
LOG_0002174,MCH_L3_03,2023-02-15 06:30:00,297.5,308.18,1151,34.11,58,No Failure,0
LOG_0002175,MCH_L2_04,2023-02-15 07:00:00,296.04,305.78,1649,48.98,152,No Failure,0
LOG_0002176,MCH_L1_05,2023-02-15 07:30:00,297.1,306.67,1606,33.82,239,Power Failure,1
LOG_0002177,MCH_L2_05,2023-02-15 08:00:00,297.14,308.23,1582,40.95,139,No Failure,0
LOG_0002178,MCH_L1_04,2023-02-15 08:30:00,302.0,310.4,1633,35.96,84,No Failure,0
LOG_0002179,MCH_L3_05,2023-02-15 09:00:00,303.87,313.28,1466,31.65,215,No Failure,0
LOG_0002180,MCH_L3_01,2023-02-15 09:30:00,301.98,315.5,1526,35.15,25,No Failure,0
LOG_0002181,MCH_L2_01,2023-02-15 10:00:00,299.41,311.63,1455,37.06,113,No Failure,0
LOG_0002182,MCH_L3_02,2023-02-15 10:30:00,300.86,308.68,1633,50.61,203,No Failure,0
LOG_0002183,MCH_L2_02,2023-02-15 11:00:00,297.83,307.22,1193,35.99,36,No Failure,0
LOG_0002184,MCH_L1_05,2023-02-15 11:30:00,302.74,312.82,1633,40.61,212,No Failure,0
LOG_0002185,MCH_L3_01,2023-02-15 12:00:00,301.08,309.39,1281,34.28,22,No Failure,0
LOG_0002186,MCH_L3_03,2023-02-15 12:30:00,301.93,314.35,1475,47.83,64,Power Failure,1
LOG_0002187,MCH_L2_05,2023-02-15 13:00:00,298.18,308.22,1374,48.98,44,No Failure,0
LOG_0002188,MCH_L2_04,2023-02-15 13:30:00,299.58,309.36,1483,46.67,73,No Failure,0
LOG_0002189,MCH_L1_03,2023-02-15 14:00:00,301.81,312.27,1433,36.99,162,No Failure,0
LOG_0002190,MCH_L3_05,2023-02-15 14:30:00,303.61,314.05,1453,34.35,101,No Failure,0
LOG_0002191,MCH_L2_02,2023-02-15 15:00:00,298.48,307.45,1565,32.17,175,No Failure,0
LOG_0002192,MCH_L2_05,2023-02-15 15:30:00,301.95,313.53,1526,46.54,27,No Failure,0
LOG_0002193,MCH_L2_05,2023-02-15 16:00:00,298.22,308.41,1619,36.09,128,No Failure,0
LOG_0002194,MCH_L3_01,2023-02-15 16:30:00,305.29,316.86,1550,47.24,71,No Failure,0
LOG_0002195,MCH_L1_05,2023-02-15 17:00:00,298.96,308.27,1309,32.73,40,No Failure,0
LOG_0002196,MCH_L3_04,2023-02-15 17:30:00,301.61,309.45,1782,38.23,22,No Failure,0
LOG_0002197,MCH_L2_02,2023-02-15 18:00:00,300.41,312.13,1261,36.13,211,No Failure,0
LOG_0002198,MCH_L3_05,2023-02-15 18:30:00,306.51,317.4,1537,33.93,159,No Failure,0
LOG_0002199,MCH_L1_02,2023-02-15 19:00:00,300.57,311.97,1588,25.17,86,No Failure,0
LOG_0002200,MCH_L1_04,2023-02-15 19:30:00,298.71,310.19,1535,28.75,6,No Failure,0
LOG_0002201,MCH_L1_02,2023-02-15 20:00:00,301.6,311.62,1475,49.59,202,No Failure,0
LOG_0002202,MCH_L3_04,2023-02-15 20:30:00,301.54,311.1,1678,32.89,182,No Failure,0
LOG_0002203,MCH_L3_03,2023-02-15 21:00:00,299.61,309.5,1634,45.69,71,No Failure,0
LOG_0002204,MCH_L3_03,2023-02-15 21:30:00,297.26,307.92,1497,40.13,42,No Failure,0
LOG_0002205,MCH_L3_02,2023-02-15 22:00:00,298.68,309.01,1446,37.07,141,No Failure,0
LOG_0002206,MCH_L2_02,2023-02-15 22:30:00,302.2,310.0,1401,36.4,13,No Failure,0
LOG_0002207,MCH_L1_02,2023-02-15 23:00:00,295.63,305.49,1411,39.3,99,No Failure,0
LOG_0002208,MCH_L3_03,2023-02-15 23:30:00,299.38,311.08,1492,45.66,168,Heat Dissipation,1
LOG_0002209,MCH_L3_04,2023-02-16 00:00:00,302.49,312.49,1301,29.56,231,No Failure,0
LOG_0002210,MCH_L3_01,2023-02-16 00:30:00,299.77,312.44,1499,39.44,110,No Failure,0
LOG_0002211,MCH_L1_01,2023-02-16 01:00:00,305.43,314.28,1596,43.27,90,No Failure,0
LOG_0002212,MCH_L2_04,2023-02-16 01:30:00,295.64,306.06,1432,46.33,83,No Failure,0
LOG_0002213,MCH_L1_01,2023-02-16 02:00:00,297.6,306.42,1497,48.59,101,No Failure,0
LOG_0002214,MCH_L2_03,2023-02-16 02:30:00,294.21,303.18,1536,38.44,216,No Failure,0
LOG_0002215,MCH_L3_05,2023-02-16 03:00:00,304.98,313.96,1558,28.09,239,No Failure,0
LOG_0002216,MCH_L1_02,2023-02-16 03:30:00,297.64,310.29,1475,43.45,239,No Failure,0
LOG_0002217,MCH_L3_02,2023-02-16 04:00:00,295.03,304.73,1711,38.99,220,No Failure,0
LOG_0002218,MCH_L2_03,2023-02-16 04:30:00,298.47,307.63,1500,50.24,13,No Failure,0
LOG_0002219,MCH_L3_03,2023-02-16 05:00:00,296.52,306.52,1340,41.7,27,No Failure,0
LOG_0002220,MCH_L1_03,2023-02-16 05:30:00,298.49,308.22,1453,50.33,29,No Failure,0
LOG_0002221,MCH_L2_01,2023-02-16 06:00:00,300.1,311.07,1655,35.53,78,No Failure,0
LOG_0002222,MCH_L1_03,2023-02-16 06:30:00,302.01,309.56,1646,50.32,53,Tool Wear,1
LOG_0002223,MCH_L3_04,2023-02-16 07:00:00,299.56,308.41,1293,41.33,186,Power Failure,1
LOG_0002224,MCH_L2_02,2023-02-16 07:30:00,300.06,311.08,1464,43.55,212,No Failure,0
LOG_0002225,MCH_L2_05,2023-02-16 08:00:00,298.55,307.96,1436,25.41,139,No Failure,0
LOG_0002226,MCH_L2_04,2023-02-16 08:30:00,296.22,305.31,1593,49.44,113,No Failure,0
LOG_0002227,MCH_L1_02,2023-02-16 09:00:00,295.38,304.42,1363,38.44,119,No Failure,0
LOG_0002228,MCH_L3_05,2023-02-16 09:30:00,299.09,309.96,1687,44.21,74,No Failure,0
LOG_0002229,MCH_L3_02,2023-02-16 10:00:00,300.21,311.03,1323,37.21,166,No Failure,0
LOG_0002230,MCH_L3_02,2023-02-16 10:30:00,298.9,310.05,1483,49.79,69,No Failure,0
LOG_0002231,MCH_L3_05,2023-02-16 11:00:00,295.48,304.08,1355,41.93,66,No Failure,0
LOG_0002232,MCH_L3_04,2023-02-16 11:30:00,300.5,309.03,1578,41.25,232,No Failure,0
LOG_0002233,MCH_L1_05,2023-02-16 12:00:00,304.07,315.43,1253,56.1,14,No Failure,0
LOG_0002234,MCH_L3_03,2023-02-16 12:30:00,299.71,309.96,1479,18.82,225,No Failure,0
LOG_0002235,MCH_L2_01,2023-02-16 13:00:00,298.55,307.82,1477,36.52,131,No Failure,0
LOG_0002236,MCH_L1_04,2023-02-16 13:30:00,299.85,309.66,1392,38.67,97,No Failure,0
LOG_0002237,MCH_L1_04,2023-02-16 14:00:00,297.24,305.76,1646,32.96,101,No Failure,0
LOG_0002238,MCH_L1_04,2023-02-16 14:30:00,297.08,306.44,1704,42.82,171,No Failure,0
LOG_0002239,MCH_L1_02,2023-02-16 15:00:00,301.13,311.32,1451,28.62,166,No Failure,0
LOG_0002240,MCH_L1_04,2023-02-16 15:30:00,302.48,312.91,1515,28.97,104,No Failure,0
LOG_0002241,MCH_L3_01,2023-02-16 16:00:00,299.63,309.53,1425,43.71,197,No Failure,0
LOG_0002242,MCH_L1_01,2023-02-16 16:30:00,295.07,304.84,1348,32.23,85,No Failure,0
LOG_0002243,MCH_L3_02,2023-02-16 17:00:00,300.88,311.76,1365,44.35,36,No Failure,0
LOG_0002244,MCH_L2_01,2023-02-16 17:30:00,305.17,315.05,1369,34.91,185,Heat Dissipation,1
LOG_0002245,MCH_L1_01,2023-02-16 18:00:00,299.39,308.85,1649,32.88,159,No Failure,0
LOG_0002246,MCH_L2_05,2023-02-16 18:30:00,299.56,308.65,1551,31.61,122,No Failure,0
LOG_0002247,MCH_L2_01,2023-02-16 19:00:00,297.82,305.7,1385,31.91,155,Tool Wear,1
LOG_0002248,MCH_L1_01,2023-02-16 19:30:00,301.2,311.98,1396,36.36,217,No Failure,0
LOG_0002249,MCH_L2_01,2023-02-16 20:00:00,298.32,310.08,1380,33.22,131,No Failure,0
LOG_0002250,MCH_L2_05,2023-02-16 20:30:00,302.55,311.56,1274,38.94,9,No Failure,0
LOG_0002251,MCH_L2_03,2023-02-16 21:00:00,298.36,306.84,1562,24.19,26,No Failure,0
LOG_0002252,MCH_L3_01,2023-02-16 21:30:00,300.85,310.1,1484,32.8,83,No Failure,0
LOG_0002253,MCH_L1_02,2023-02-16 22:00:00,299.88,310.23,1705,50.62,163,No Failure,0
LOG_0002254,MCH_L1_02,2023-02-16 22:30:00,303.89,313.28,1249,29.31,4,No Failure,0
LOG_0002255,MCH_L3_04,2023-02-16 23:00:00,301.02,310.39,1601,34.36,208,No Failure,0
LOG_0002256,MCH_L3_05,2023-02-16 23:30:00,303.47,313.37,1612,50.53,177,No Failure,0
LOG_0002257,MCH_L3_03,2023-02-17 00:00:00,300.27,310.39,1628,39.65,159,No Failure,0
LOG_0002258,MCH_L3_02,2023-02-17 00:30:00,299.57,310.01,1529,25.36,98,No Failure,0
LOG_0002259,MCH_L1_04,2023-02-17 01:00:00,299.9,309.55,1610,45.06,150,No Failure,0
LOG_0002260,MCH_L3_01,2023-02-17 01:30:00,298.07,307.69,1536,50.08,204,No Failure,0
LOG_0002261,MCH_L1_03,2023-02-17 02:00:00,301.33,309.02,1410,39.79,188,No Failure,0
LOG_0002262,MCH_L1_04,2023-02-17 02:30:00,298.27,309.39,1451,35.25,128,No Failure,0
LOG_0002263,MCH_L3_03,2023-02-17 03:00:00,300.28,310.58,1448,25.19,30,No Failure,0
LOG_0002264,MCH_L3_02,2023-02-17 03:30:00,302.14,313.95,1639,35.87,18,No Failure,0
LOG_0002265,MCH_L2_02,2023-02-17 04:00:00,303.96,314.57,1653,29.41,214,No Failure,0
LOG_0002266,MCH_L3_03,2023-02-17 04:30:00,300.41,310.32,1597,39.93,53,No Failure,0
LOG_0002267,MCH_L3_01,2023-02-17 05:00:00,302.15,310.37,1507,47.04,127,No Failure,0
LOG_0002268,MCH_L1_01,2023-02-17 05:30:00,301.85,309.89,1253,31.59,161,No Failure,0
LOG_0002269,MCH_L2_01,2023-02-17 06:00:00,299.04,310.3,1598,45.82,131,No Failure,0
LOG_0002270,MCH_L3_05,2023-02-17 06:30:00,305.27,315.94,1593,25.1,175,No Failure,0
LOG_0002271,MCH_L3_05,2023-02-17 07:00:00,298.56,310.32,1534,37.89,47,No Failure,0
LOG_0002272,MCH_L1_03,2023-02-17 07:30:00,300.23,311.35,1557,22.92,48,No Failure,0
LOG_0002273,MCH_L3_01,2023-02-17 08:00:00,303.64,313.19,1402,41.55,187,No Failure,0
LOG_0002274,MCH_L2_05,2023-02-17 08:30:00,303.57,310.81,1458,49.58,116,No Failure,0
LOG_0002275,MCH_L2_02,2023-02-17 09:00:00,300.04,310.77,1401,36.3,171,No Failure,0
LOG_0002276,MCH_L2_05,2023-02-17 09:30:00,302.48,311.26,1481,41.37,161,No Failure,0
LOG_0002277,MCH_L1_02,2023-02-17 10:00:00,299.44,309.22,1605,35.72,221,No Failure,0
LOG_0002278,MCH_L3_04,2023-02-17 10:30:00,298.78,309.27,1552,43.01,55,No Failure,0
LOG_0002279,MCH_L1_02,2023-02-17 11:00:00,296.97,306.21,1374,46.89,73,No Failure,0
LOG_0002280,MCH_L3_03,2023-02-17 11:30:00,301.81,310.82,1719,39.88,5,No Failure,0
LOG_0002281,MCH_L1_04,2023-02-17 12:00:00,302.07,311.7,1520,35.48,75,No Failure,0
LOG_0002282,MCH_L1_01,2023-02-17 12:30:00,298.58,306.12,1419,42.44,203,No Failure,0
LOG_0002283,MCH_L1_03,2023-02-17 13:00:00,300.67,309.43,1463,55.43,112,No Failure,0
LOG_0002284,MCH_L3_03,2023-02-17 13:30:00,306.63,315.37,1433,42.68,125,No Failure,0
LOG_0002285,MCH_L2_04,2023-02-17 14:00:00,302.87,312.59,1527,29.18,209,No Failure,0
LOG_0002286,MCH_L2_02,2023-02-17 14:30:00,297.75,306.61,1341,56.08,35,No Failure,0
LOG_0002287,MCH_L3_05,2023-02-17 15:00:00,302.5,311.88,1535,33.08,162,No Failure,0
LOG_0002288,MCH_L2_02,2023-02-17 15:30:00,297.76,307.23,1600,33.34,24,No Failure,0
LOG_0002289,MCH_L3_03,2023-02-17 16:00:00,292.76,305.31,1579,48.57,176,No Failure,0
LOG_0002290,MCH_L3_03,2023-02-17 16:30:00,299.95,310.87,1531,36.43,54,No Failure,0
LOG_0002291,MCH_L3_01,2023-02-17 17:00:00,303.91,313.77,1569,44.23,168,No Failure,0
LOG_0002292,MCH_L1_04,2023-02-17 17:30:00,303.49,314.03,1547,43.61,56,No Failure,0
LOG_0002293,MCH_L1_02,2023-02-17 18:00:00,300.94,312.04,1625,43.74,149,No Failure,0
LOG_0002294,MCH_L3_05,2023-02-17 18:30:00,298.65,309.0,1471,52.28,221,No Failure,0
LOG_0002295,MCH_L3_04,2023-02-17 19:00:00,301.22,309.98,1390,37.72,171,No Failure,0
LOG_0002296,MCH_L1_04,2023-02-17 19:30:00,299.33,309.17,1543,40.29,156,No Failure,0
LOG_0002297,MCH_L2_01,2023-02-17 20:00:00,298.72,307.55,1630,32.21,70,No Failure,0
LOG_0002298,MCH_L3_01,2023-02-17 20:30:00,302.66,312.27,1453,46.35,47,No Failure,0
LOG_0002299,MCH_L3_01,2023-02-17 21:00:00,298.68,308.49,1691,41.75,103,No Failure,0
LOG_0002300,MCH_L1_03,2023-02-17 21:30:00,302.82,314.08,1545,50.69,2,No Failure,0
LOG_0002301,MCH_L1_01,2023-02-17 22:00:00,298.52,307.57,1611,43.13,84,No Failure,0
LOG_0002302,MCH_L3_04,2023-02-17 22:30:00,305.15,314.1,1360,54.72,172,Heat Dissipation,1
LOG_0002303,MCH_L3_02,2023-02-17 23:00:00,295.9,305.04,1594,38.92,19,No Failure,0
LOG_0002304,MCH_L2_03,2023-02-17 23:30:00,297.61,306.88,1556,42.0,72,No Failure,0
LOG_0002305,MCH_L3_02,2023-02-18 00:00:00,299.61,309.23,1753,40.59,232,No Failure,0
LOG_0002306,MCH_L3_03,2023-02-18 00:30:00,295.04,305.44,1561,34.1,163,No Failure,0
LOG_0002307,MCH_L1_05,2023-02-18 01:00:00,293.57,302.63,1578,23.37,59,No Failure,0
LOG_0002308,MCH_L3_05,2023-02-18 01:30:00,295.06,305.2,1401,41.91,77,No Failure,0
LOG_0002309,MCH_L1_05,2023-02-18 02:00:00,299.27,309.42,1538,26.39,17,No Failure,0
LOG_0002310,MCH_L3_01,2023-02-18 02:30:00,299.33,309.99,1637,43.95,96,No Failure,0
LOG_0002311,MCH_L1_04,2023-02-18 03:00:00,300.83,310.58,1458,49.83,65,No Failure,0
LOG_0002312,MCH_L2_01,2023-02-18 03:30:00,299.51,310.51,1414,39.49,228,No Failure,0
LOG_0002313,MCH_L1_03,2023-02-18 04:00:00,300.75,311.19,1741,43.25,30,No Failure,0
LOG_0002314,MCH_L2_04,2023-02-18 04:30:00,298.87,309.26,1466,43.53,213,No Failure,0
LOG_0002315,MCH_L1_05,2023-02-18 05:00:00,301.79,311.13,1608,48.08,237,No Failure,0
LOG_0002316,MCH_L1_03,2023-02-18 05:30:00,301.49,311.82,1442,39.16,8,No Failure,0
LOG_0002317,MCH_L3_01,2023-02-18 06:00:00,299.18,309.6,1447,29.73,147,No Failure,0
LOG_0002318,MCH_L1_01,2023-02-18 06:30:00,301.33,310.61,1485,25.12,147,No Failure,0
LOG_0002319,MCH_L2_05,2023-02-18 07:00:00,299.52,310.95,1568,37.06,46,No Failure,0
LOG_0002320,MCH_L3_02,2023-02-18 07:30:00,296.19,309.34,1640,26.15,0,No Failure,0
LOG_0002321,MCH_L2_01,2023-02-18 08:00:00,302.26,311.47,1432,40.32,221,Tool Wear,1
LOG_0002322,MCH_L3_05,2023-02-18 08:30:00,297.73,307.17,1634,42.14,82,No Failure,0
LOG_0002323,MCH_L1_02,2023-02-18 09:00:00,302.23,311.7,1516,35.51,99,No Failure,0
LOG_0002324,MCH_L3_03,2023-02-18 09:30:00,300.81,309.24,1478,46.27,141,No Failure,0
LOG_0002325,MCH_L1_03,2023-02-18 10:00:00,299.79,308.74,1567,41.36,128,No Failure,0
LOG_0002326,MCH_L1_01,2023-02-18 10:30:00,295.31,306.34,1671,34.37,196,No Failure,0
LOG_0002327,MCH_L2_04,2023-02-18 11:00:00,303.85,313.75,1561,36.13,9,No Failure,0
LOG_0002328,MCH_L2_03,2023-02-18 11:30:00,299.09,311.39,1412,51.47,200,Tool Wear,1
LOG_0002329,MCH_L3_02,2023-02-18 12:00:00,301.59,311.24,1517,25.54,176,No Failure,0
LOG_0002330,MCH_L1_02,2023-02-18 12:30:00,299.72,310.22,1567,37.95,141,No Failure,0
LOG_0002331,MCH_L3_05,2023-02-18 13:00:00,299.32,308.23,1428,41.69,187,Heat Dissipation,1
LOG_0002332,MCH_L3_02,2023-02-18 13:30:00,300.48,310.35,1533,34.84,230,No Failure,0
LOG_0002333,MCH_L3_01,2023-02-18 14:00:00,300.07,310.18,1413,33.86,209,No Failure,0
LOG_0002334,MCH_L2_03,2023-02-18 14:30:00,299.33,306.81,1576,49.39,41,No Failure,0
LOG_0002335,MCH_L3_02,2023-02-18 15:00:00,299.86,308.87,1675,57.36,123,No Failure,0
LOG_0002336,MCH_L3_04,2023-02-18 15:30:00,301.07,311.83,1490,37.16,186,No Failure,0
LOG_0002337,MCH_L2_04,2023-02-18 16:00:00,301.24,311.94,1589,40.22,24,No Failure,0
LOG_0002338,MCH_L1_01,2023-02-18 16:30:00,300.11,308.61,1622,44.93,163,No Failure,0
LOG_0002339,MCH_L3_03,2023-02-18 17:00:00,301.55,311.12,1448,31.34,94,No Failure,0
LOG_0002340,MCH_L1_05,2023-02-18 17:30:00,298.94,306.1,1550,40.6,237,No Failure,0
LOG_0002341,MCH_L2_03,2023-02-18 18:00:00,305.56,315.56,1636,53.04,34,No Failure,0
LOG_0002342,MCH_L3_05,2023-02-18 18:30:00,303.71,315.22,1696,60.26,218,No Failure,0
LOG_0002343,MCH_L3_01,2023-02-18 19:00:00,301.91,313.47,1466,29.39,213,No Failure,0
LOG_0002344,MCH_L3_04,2023-02-18 19:30:00,295.15,306.67,1364,32.39,138,No Failure,0
LOG_0002345,MCH_L1_02,2023-02-18 20:00:00,301.52,312.15,1570,36.33,9,No Failure,0
LOG_0002346,MCH_L1_04,2023-02-18 20:30:00,299.16,310.55,1527,36.85,7,No Failure,0
LOG_0002347,MCH_L2_02,2023-02-18 21:00:00,297.55,307.32,1503,49.21,104,No Failure,0
LOG_0002348,MCH_L1_03,2023-02-18 21:30:00,299.09,308.46,1437,40.29,219,No Failure,0
LOG_0002349,MCH_L3_03,2023-02-18 22:00:00,297.83,309.2,1606,48.52,150,No Failure,0
LOG_0002350,MCH_L3_02,2023-02-18 22:30:00,301.27,311.62,1429,42.05,133,No Failure,0
LOG_0002351,MCH_L1_05,2023-02-18 23:00:00,304.04,311.89,1418,39.03,205,No Failure,0
LOG_0002352,MCH_L2_03,2023-02-18 23:30:00,302.07,313.53,1484,43.8,123,No Failure,0
LOG_0002353,MCH_L3_02,2023-02-19 00:00:00,306.91,316.65,1611,20.64,215,No Failure,0
LOG_0002354,MCH_L2_05,2023-02-19 00:30:00,296.12,305.32,1337,37.22,63,No Failure,0
LOG_0002355,MCH_L1_03,2023-02-19 01:00:00,298.73,309.9,1378,37.53,200,No Failure,0
LOG_0002356,MCH_L1_04,2023-02-19 01:30:00,297.64,308.65,1401,28.16,45,Power Failure,1
LOG_0002357,MCH_L3_04,2023-02-19 02:00:00,303.07,311.92,1737,51.42,103,No Failure,0
LOG_0002358,MCH_L3_05,2023-02-19 02:30:00,299.45,309.26,1533,37.92,37,No Failure,0
LOG_0002359,MCH_L2_04,2023-02-19 03:00:00,300.47,309.38,1374,43.13,152,No Failure,0
LOG_0002360,MCH_L3_04,2023-02-19 03:30:00,301.58,310.52,1484,47.35,229,No Failure,0
LOG_0002361,MCH_L3_04,2023-02-19 04:00:00,296.36,302.77,1592,32.92,221,Power Failure,1
LOG_0002362,MCH_L2_02,2023-02-19 04:30:00,298.45,307.23,1739,42.42,85,No Failure,0
LOG_0002363,MCH_L1_01,2023-02-19 05:00:00,302.49,312.28,1315,26.1,1,No Failure,0
LOG_0002364,MCH_L3_04,2023-02-19 05:30:00,298.63,305.23,1371,44.64,216,No Failure,0
LOG_0002365,MCH_L3_02,2023-02-19 06:00:00,295.72,304.07,1459,35.3,23,No Failure,0
LOG_0002366,MCH_L1_04,2023-02-19 06:30:00,297.74,308.47,1463,37.62,100,No Failure,0
LOG_0002367,MCH_L1_04,2023-02-19 07:00:00,299.28,307.59,1461,49.54,66,No Failure,0
LOG_0002368,MCH_L2_04,2023-02-19 07:30:00,300.42,310.23,1486,55.46,234,No Failure,0
LOG_0002369,MCH_L2_01,2023-02-19 08:00:00,299.82,307.84,1743,33.88,89,No Failure,0
LOG_0002370,MCH_L2_04,2023-02-19 08:30:00,298.46,308.95,1348,32.77,93,No Failure,0
LOG_0002371,MCH_L3_02,2023-02-19 09:00:00,302.35,311.96,1519,45.86,92,No Failure,0
LOG_0002372,MCH_L3_05,2023-02-19 09:30:00,299.68,308.58,1567,45.46,70,Heat Dissipation,1
LOG_0002373,MCH_L2_01,2023-02-19 10:00:00,300.52,307.35,1325,29.89,188,No Failure,0
LOG_0002374,MCH_L2_01,2023-02-19 10:30:00,298.6,307.53,1672,39.8,136,No Failure,0
LOG_0002375,MCH_L1_05,2023-02-19 11:00:00,303.77,314.57,1481,39.82,172,No Failure,0
LOG_0002376,MCH_L1_05,2023-02-19 11:30:00,299.02,310.88,1369,39.65,221,No Failure,0
LOG_0002377,MCH_L1_02,2023-02-19 12:00:00,300.19,309.93,1685,45.62,15,No Failure,0
LOG_0002378,MCH_L2_03,2023-02-19 12:30:00,302.59,312.47,1581,52.89,118,No Failure,0
LOG_0002379,MCH_L2_03,2023-02-19 13:00:00,300.7,309.89,1434,38.02,107,No Failure,0
LOG_0002380,MCH_L3_01,2023-02-19 13:30:00,300.64,312.12,1587,55.28,231,No Failure,0
LOG_0002381,MCH_L3_03,2023-02-19 14:00:00,295.07,304.78,1546,38.95,141,No Failure,0
LOG_0002382,MCH_L1_01,2023-02-19 14:30:00,301.7,312.77,1315,53.89,153,No Failure,0
LOG_0002383,MCH_L2_03,2023-02-19 15:00:00,300.14,310.44,1327,43.61,173,No Failure,0
LOG_0002384,MCH_L1_05,2023-02-19 15:30:00,301.35,311.5,1540,49.23,100,No Failure,0
LOG_0002385,MCH_L1_02,2023-02-19 16:00:00,300.46,309.24,1287,48.04,185,No Failure,0
LOG_0002386,MCH_L3_04,2023-02-19 16:30:00,298.6,310.74,1620,33.1,201,No Failure,0
LOG_0002387,MCH_L1_02,2023-02-19 17:00:00,302.24,314.0,1334,43.1,29,No Failure,0
LOG_0002388,MCH_L3_04,2023-02-19 17:30:00,300.5,313.23,1610,32.22,213,No Failure,0
LOG_0002389,MCH_L3_05,2023-02-19 18:00:00,296.78,305.46,1670,39.13,123,No Failure,0
LOG_0002390,MCH_L3_05,2023-02-19 18:30:00,303.27,313.59,1558,30.27,55,No Failure,0
LOG_0002391,MCH_L2_01,2023-02-19 19:00:00,296.42,305.47,1057,38.29,93,No Failure,0
LOG_0002392,MCH_L3_01,2023-02-19 19:30:00,302.25,312.78,1634,40.52,31,No Failure,0
LOG_0002393,MCH_L3_03,2023-02-19 20:00:00,303.72,314.07,1447,32.75,77,No Failure,0
LOG_0002394,MCH_L2_04,2023-02-19 20:30:00,297.23,306.73,1493,39.99,22,Tool Wear,1
LOG_0002395,MCH_L1_01,2023-02-19 21:00:00,299.69,309.42,1410,46.83,16,No Failure,0
LOG_0002396,MCH_L3_02,2023-02-19 21:30:00,299.46,311.97,1701,31.68,121,No Failure,0
LOG_0002397,MCH_L2_01,2023-02-19 22:00:00,299.57,309.41,1521,47.56,227,No Failure,0
LOG_0002398,MCH_L2_04,2023-02-19 22:30:00,304.58,311.94,1451,47.86,220,No Failure,0
LOG_0002399,MCH_L2_03,2023-02-19 23:00:00,297.26,306.62,1660,31.91,151,No Failure,0
LOG_0002400,MCH_L3_01,2023-02-19 23:30:00,299.23,307.92,1605,17.78,174,No Failure,0
LOG_0002401,MCH_L2_01,2023-02-20 00:00:00,303.76,312.66,1364,49.27,138,No Failure,0
LOG_0002402,MCH_L1_03,2023-02-20 00:30:00,299.19,310.04,1540,37.92,40,No Failure,0
LOG_0002403,MCH_L2_03,2023-02-20 01:00:00,297.66,308.73,1526,40.0,14,No Failure,0
LOG_0002404,MCH_L2_04,2023-02-20 01:30:00,300.66,309.65,1323,57.18,213,No Failure,0
LOG_0002405,MCH_L1_01,2023-02-20 02:00:00,302.01,311.35,1599,43.61,90,No Failure,0
LOG_0002406,MCH_L3_02,2023-02-20 02:30:00,299.02,308.18,1496,43.95,51,No Failure,0
LOG_0002407,MCH_L2_04,2023-02-20 03:00:00,301.39,313.21,1758,39.93,161,No Failure,0
LOG_0002408,MCH_L3_04,2023-02-20 03:30:00,296.56,307.66,1669,38.37,59,No Failure,0
LOG_0002409,MCH_L3_05,2023-02-20 04:00:00,296.7,307.51,1526,39.46,56,No Failure,0
LOG_0002410,MCH_L2_01,2023-02-20 04:30:00,298.9,307.66,1489,38.73,32,No Failure,0
LOG_0002411,MCH_L2_01,2023-02-20 05:00:00,301.48,309.43,1254,25.68,148,No Failure,0
LOG_0002412,MCH_L3_02,2023-02-20 05:30:00,301.9,313.38,1601,31.52,151,No Failure,0
LOG_0002413,MCH_L1_04,2023-02-20 06:00:00,297.04,309.34,1491,39.52,19,No Failure,0
LOG_0002414,MCH_L1_01,2023-02-20 06:30:00,301.81,309.7,1443,57.32,112,No Failure,0
LOG_0002415,MCH_L2_05,2023-02-20 07:00:00,300.42,313.11,1502,28.2,67,No Failure,0
LOG_0002416,MCH_L2_03,2023-02-20 07:30:00,297.8,307.67,1686,35.59,100,Power Failure,1
LOG_0002417,MCH_L1_02,2023-02-20 08:00:00,296.66,306.86,1663,35.5,100,No Failure,0
LOG_0002418,MCH_L3_02,2023-02-20 08:30:00,300.57,308.99,1663,45.87,187,No Failure,0
LOG_0002419,MCH_L1_01,2023-02-20 09:00:00,303.22,311.09,1375,40.79,173,No Failure,0
LOG_0002420,MCH_L1_02,2023-02-20 09:30:00,300.09,307.37,1689,34.53,32,No Failure,0
LOG_0002421,MCH_L1_01,2023-02-20 10:00:00,297.66,308.9,1441,49.81,30,No Failure,0
LOG_0002422,MCH_L1_01,2023-02-20 10:30:00,295.33,305.23,1589,31.56,161,No Failure,0
LOG_0002423,MCH_L2_04,2023-02-20 11:00:00,303.82,314.37,1575,35.69,21,No Failure,0
LOG_0002424,MCH_L3_03,2023-02-20 11:30:00,302.6,313.96,1483,30.55,105,No Failure,0
LOG_0002425,MCH_L3_04,2023-02-20 12:00:00,300.76,310.65,1525,48.44,29,Heat Dissipation,1
LOG_0002426,MCH_L1_01,2023-02-20 12:30:00,303.69,315.72,1302,39.59,4,No Failure,0
LOG_0002427,MCH_L3_03,2023-02-20 13:00:00,300.56,309.57,1507,33.95,168,No Failure,0
LOG_0002428,MCH_L1_04,2023-02-20 13:30:00,298.67,308.17,1471,43.79,172,No Failure,0
LOG_0002429,MCH_L2_05,2023-02-20 14:00:00,301.39,310.31,1763,53.42,214,No Failure,0
LOG_0002430,MCH_L2_01,2023-02-20 14:30:00,297.93,308.93,1503,20.8,60,No Failure,0
LOG_0002431,MCH_L2_02,2023-02-20 15:00:00,297.51,308.85,1414,45.24,116,Heat Dissipation,1
LOG_0002432,MCH_L1_02,2023-02-20 15:30:00,301.93,311.39,1513,54.74,12,No Failure,0
LOG_0002433,MCH_L2_01,2023-02-20 16:00:00,302.14,310.47,1419,53.22,136,No Failure,0
LOG_0002434,MCH_L2_02,2023-02-20 16:30:00,296.82,308.3,1329,37.88,205,No Failure,0
LOG_0002435,MCH_L2_05,2023-02-20 17:00:00,296.91,305.85,1549,40.82,208,No Failure,0
LOG_0002436,MCH_L3_04,2023-02-20 17:30:00,298.89,308.41,1500,41.77,162,No Failure,0
LOG_0002437,MCH_L2_05,2023-02-20 18:00:00,298.22,306.93,1619,37.81,17,No Failure,0
LOG_0002438,MCH_L1_02,2023-02-20 18:30:00,301.19,311.53,1674,47.85,126,Heat Dissipation,1
LOG_0002439,MCH_L3_05,2023-02-20 19:00:00,300.12,309.2,1726,26.35,139,No Failure,0
LOG_0002440,MCH_L1_02,2023-02-20 19:30:00,302.91,313.75,1527,44.89,118,No Failure,0
LOG_0002441,MCH_L2_05,2023-02-20 20:00:00,300.79,310.12,1582,39.35,168,No Failure,0
LOG_0002442,MCH_L2_02,2023-02-20 20:30:00,298.39,309.04,1533,48.59,143,No Failure,0
LOG_0002443,MCH_L3_02,2023-02-20 21:00:00,295.27,304.16,1221,49.43,221,No Failure,0
LOG_0002444,MCH_L1_01,2023-02-20 21:30:00,300.45,311.92,1648,40.94,12,No Failure,0
LOG_0002445,MCH_L2_03,2023-02-20 22:00:00,295.72,305.12,1565,34.71,123,No Failure,0
LOG_0002446,MCH_L3_01,2023-02-20 22:30:00,298.36,308.47,1567,48.82,145,No Failure,0
LOG_0002447,MCH_L3_03,2023-02-20 23:00:00,298.2,306.77,1438,29.17,75,No Failure,0
LOG_0002448,MCH_L1_03,2023-02-20 23:30:00,298.73,308.71,1422,31.05,117,No Failure,0
LOG_0002449,MCH_L3_01,2023-02-21 00:00:00,296.71,305.33,1491,39.35,97,No Failure,0
LOG_0002450,MCH_L2_01,2023-02-21 00:30:00,298.19,308.14,1566,35.58,178,No Failure,0
LOG_0002451,MCH_L2_04,2023-02-21 01:00:00,302.86,311.71,1265,38.17,32,Heat Dissipation,1
LOG_0002452,MCH_L2_01,2023-02-21 01:30:00,302.86,312.67,1524,37.42,197,No Failure,0
LOG_0002453,MCH_L2_04,2023-02-21 02:00:00,303.83,314.39,1702,39.77,81,No Failure,0
LOG_0002454,MCH_L2_02,2023-02-21 02:30:00,300.03,308.38,1484,52.64,66,No Failure,0
LOG_0002455,MCH_L3_05,2023-02-21 03:00:00,300.68,310.63,1262,30.18,53,No Failure,0
LOG_0002456,MCH_L2_04,2023-02-21 03:30:00,302.9,313.39,1477,36.04,5,No Failure,0
LOG_0002457,MCH_L1_02,2023-02-21 04:00:00,296.32,306.8,1535,47.01,35,No Failure,0
LOG_0002458,MCH_L3_02,2023-02-21 04:30:00,302.01,314.31,1545,40.31,54,No Failure,0
LOG_0002459,MCH_L2_03,2023-02-21 05:00:00,303.26,312.37,1518,31.75,126,No Failure,0
LOG_0002460,MCH_L2_03,2023-02-21 05:30:00,297.78,307.78,1732,39.26,177,No Failure,0
LOG_0002461,MCH_L1_02,2023-02-21 06:00:00,303.46,315.56,1516,27.19,213,No Failure,0
LOG_0002462,MCH_L3_02,2023-02-21 06:30:00,305.14,313.49,1523,48.77,70,No Failure,0
LOG_0002463,MCH_L3_04,2023-02-21 07:00:00,301.94,309.18,1431,41.01,93,Heat Dissipation,1
LOG_0002464,MCH_L1_04,2023-02-21 07:30:00,301.49,312.13,1613,58.7,193,No Failure,0
LOG_0002465,MCH_L3_04,2023-02-21 08:00:00,297.2,308.45,1703,30.48,223,No Failure,0
LOG_0002466,MCH_L3_05,2023-02-21 08:30:00,302.67,310.14,1424,34.35,142,No Failure,0
LOG_0002467,MCH_L3_01,2023-02-21 09:00:00,297.44,307.06,1486,41.45,21,No Failure,0
LOG_0002468,MCH_L3_05,2023-02-21 09:30:00,300.92,309.7,1221,51.2,48,No Failure,0
LOG_0002469,MCH_L2_02,2023-02-21 10:00:00,301.18,311.55,1399,35.88,165,No Failure,0
LOG_0002470,MCH_L3_01,2023-02-21 10:30:00,291.76,301.72,1736,34.02,135,Heat Dissipation,1
LOG_0002471,MCH_L1_04,2023-02-21 11:00:00,301.01,312.58,1464,40.64,135,Heat Dissipation,1
LOG_0002472,MCH_L1_04,2023-02-21 11:30:00,306.55,314.94,1527,34.29,230,No Failure,0
LOG_0002473,MCH_L2_01,2023-02-21 12:00:00,294.77,305.23,1412,44.05,99,No Failure,0
LOG_0002474,MCH_L2_05,2023-02-21 12:30:00,299.87,310.62,1553,40.65,211,No Failure,0
LOG_0002475,MCH_L2_01,2023-02-21 13:00:00,295.13,305.19,1479,45.94,36,No Failure,0
LOG_0002476,MCH_L2_05,2023-02-21 13:30:00,297.76,305.35,1549,47.6,199,No Failure,0
LOG_0002477,MCH_L3_05,2023-02-21 14:00:00,295.18,305.68,1512,43.11,77,No Failure,0
LOG_0002478,MCH_L1_03,2023-02-21 14:30:00,300.4,309.52,1673,49.81,211,Overstrain,1
LOG_0002479,MCH_L3_05,2023-02-21 15:00:00,301.98,309.89,1520,37.13,120,No Failure,0
LOG_0002480,MCH_L2_04,2023-02-21 15:30:00,301.02,311.46,1399,27.73,226,No Failure,0
LOG_0002481,MCH_L3_02,2023-02-21 16:00:00,297.67,308.59,1423,30.84,152,No Failure,0
LOG_0002482,MCH_L2_05,2023-02-21 16:30:00,298.48,307.74,1275,39.28,209,No Failure,0
LOG_0002483,MCH_L3_04,2023-02-21 17:00:00,300.68,311.68,1515,43.55,181,No Failure,0
LOG_0002484,MCH_L3_01,2023-02-21 17:30:00,297.75,308.76,1492,44.96,238,No Failure,0
LOG_0002485,MCH_L1_02,2023-02-21 18:00:00,296.68,306.66,1681,34.49,20,No Failure,0
LOG_0002486,MCH_L2_01,2023-02-21 18:30:00,299.4,310.12,1359,47.36,100,No Failure,0
LOG_0002487,MCH_L3_02,2023-02-21 19:00:00,297.64,308.81,1416,20.28,126,No Failure,0
LOG_0002488,MCH_L2_02,2023-02-21 19:30:00,301.03,311.66,1417,35.35,238,No Failure,0
LOG_0002489,MCH_L3_02,2023-02-21 20:00:00,303.25,310.51,1469,44.2,186,No Failure,0
LOG_0002490,MCH_L3_03,2023-02-21 20:30:00,306.49,313.47,1348,47.76,158,No Failure,0
LOG_0002491,MCH_L2_04,2023-02-21 21:00:00,300.85,312.13,1466,46.44,5,No Failure,0
LOG_0002492,MCH_L3_03,2023-02-21 21:30:00,301.61,310.78,1502,47.91,169,No Failure,0
LOG_0002493,MCH_L1_03,2023-02-21 22:00:00,298.5,307.9,1505,41.47,118,No Failure,0
LOG_0002494,MCH_L2_05,2023-02-21 22:30:00,298.66,310.93,1652,38.97,179,No Failure,0
LOG_0002495,MCH_L1_03,2023-02-21 23:00:00,303.21,312.33,1496,24.04,174,No Failure,0
LOG_0002496,MCH_L2_02,2023-02-21 23:30:00,299.31,309.14,1493,37.94,211,No Failure,0
LOG_0002497,MCH_L3_04,2023-02-22 00:00:00,300.18,310.19,1637,30.25,155,No Failure,0
LOG_0002498,MCH_L1_04,2023-02-22 00:30:00,303.06,312.8,1499,45.24,232,No Failure,0
LOG_0002499,MCH_L3_03,2023-02-22 01:00:00,299.33,310.94,1354,28.37,163,No Failure,0
LOG_0002500,MCH_L2_03,2023-02-22 01:30:00,303.75,313.3,1370,38.68,127,No Failure,0
LOG_0002501,MCH_L3_03,2023-02-22 02:00:00,301.43,312.29,1371,29.88,39,No Failure,0
LOG_0002502,MCH_L2_02,2023-02-22 02:30:00,301.14,311.22,1353,39.9,217,No Failure,0
LOG_0002503,MCH_L1_05,2023-02-22 03:00:00,298.38,309.54,1739,38.88,140,No Failure,0
LOG_0002504,MCH_L2_02,2023-02-22 03:30:00,301.27,309.62,1371,25.09,176,No Failure,0
LOG_0002505,MCH_L1_03,2023-02-22 04:00:00,298.93,306.23,1494,42.93,131,No Failure,0
LOG_0002506,MCH_L3_02,2023-02-22 04:30:00,301.17,311.21,1506,37.58,97,No Failure,0
LOG_0002507,MCH_L1_02,2023-02-22 05:00:00,299.75,308.73,1478,40.24,121,No Failure,0
LOG_0002508,MCH_L2_01,2023-02-22 05:30:00,302.42,314.18,1406,36.47,100,No Failure,0
LOG_0002509,MCH_L1_02,2023-02-22 06:00:00,299.92,309.82,1554,33.91,63,No Failure,0
LOG_0002510,MCH_L1_03,2023-02-22 06:30:00,305.09,315.35,1317,46.43,97,No Failure,0
LOG_0002511,MCH_L2_01,2023-02-22 07:00:00,299.31,308.94,1372,48.77,79,No Failure,0
LOG_0002512,MCH_L1_05,2023-02-22 07:30:00,298.66,307.88,1634,48.24,22,Power Failure,1
LOG_0002513,MCH_L2_03,2023-02-22 08:00:00,300.87,310.94,1368,28.38,185,No Failure,0
LOG_0002514,MCH_L2_04,2023-02-22 08:30:00,302.69,313.91,1655,51.8,86,No Failure,0
LOG_0002515,MCH_L3_01,2023-02-22 09:00:00,302.68,312.3,1665,44.78,142,No Failure,0
LOG_0002516,MCH_L1_03,2023-02-22 09:30:00,300.42,309.96,1668,50.62,88,No Failure,0
LOG_0002517,MCH_L3_02,2023-02-22 10:00:00,300.85,311.82,1601,50.48,92,No Failure,0
LOG_0002518,MCH_L2_05,2023-02-22 10:30:00,300.85,308.83,1334,42.97,99,No Failure,0
LOG_0002519,MCH_L1_03,2023-02-22 11:00:00,297.31,308.74,1315,33.25,126,No Failure,0
LOG_0002520,MCH_L1_03,2023-02-22 11:30:00,302.56,311.59,1365,33.55,78,No Failure,0
LOG_0002521,MCH_L3_03,2023-02-22 12:00:00,296.86,307.99,1385,34.22,100,Power Failure,1
LOG_0002522,MCH_L3_03,2023-02-22 12:30:00,297.31,307.66,1343,38.46,98,No Failure,0
LOG_0002523,MCH_L2_01,2023-02-22 13:00:00,300.14,307.64,1417,31.6,173,No Failure,0
LOG_0002524,MCH_L3_05,2023-02-22 13:30:00,299.2,309.21,1592,25.42,38,Heat Dissipation,1
LOG_0002525,MCH_L3_05,2023-02-22 14:00:00,301.99,313.57,1578,25.69,46,Power Failure,1
LOG_0002526,MCH_L1_01,2023-02-22 14:30:00,301.12,310.76,1535,39.71,36,No Failure,0
LOG_0002527,MCH_L2_02,2023-02-22 15:00:00,300.35,310.1,1474,37.71,168,No Failure,0
LOG_0002528,MCH_L3_02,2023-02-22 15:30:00,297.19,306.27,1491,44.33,91,No Failure,0
LOG_0002529,MCH_L1_01,2023-02-22 16:00:00,300.07,311.5,1536,38.47,172,No Failure,0
LOG_0002530,MCH_L3_04,2023-02-22 16:30:00,299.87,309.31,1443,49.8,29,No Failure,0
LOG_0002531,MCH_L1_05,2023-02-22 17:00:00,300.56,312.71,1617,34.99,198,Heat Dissipation,1
LOG_0002532,MCH_L3_05,2023-02-22 17:30:00,298.92,310.31,1342,42.81,67,No Failure,0
LOG_0002533,MCH_L2_05,2023-02-22 18:00:00,301.31,312.91,1406,44.69,6,No Failure,0
LOG_0002534,MCH_L3_03,2023-02-22 18:30:00,299.13,309.23,1388,40.45,96,No Failure,0
LOG_0002535,MCH_L2_03,2023-02-22 19:00:00,301.07,310.49,1554,48.62,46,No Failure,0
LOG_0002536,MCH_L1_04,2023-02-22 19:30:00,301.99,312.56,1355,44.47,46,No Failure,0
LOG_0002537,MCH_L1_05,2023-02-22 20:00:00,298.66,310.52,1389,46.85,209,No Failure,0
LOG_0002538,MCH_L1_04,2023-02-22 20:30:00,298.07,310.2,1550,34.55,78,No Failure,0
LOG_0002539,MCH_L3_02,2023-02-22 21:00:00,301.19,308.96,1395,38.14,125,No Failure,0
LOG_0002540,MCH_L3_02,2023-02-22 21:30:00,296.7,309.95,1600,21.41,98,No Failure,0
LOG_0002541,MCH_L3_04,2023-02-22 22:00:00,302.78,313.08,1597,39.47,100,No Failure,0
LOG_0002542,MCH_L1_04,2023-02-22 22:30:00,300.03,310.96,1435,28.35,187,Power Failure,1
LOG_0002543,MCH_L3_02,2023-02-22 23:00:00,299.71,308.64,1515,59.95,132,No Failure,0
LOG_0002544,MCH_L2_03,2023-02-22 23:30:00,301.37,310.21,1747,42.56,175,No Failure,0
LOG_0002545,MCH_L1_02,2023-02-23 00:00:00,301.21,309.48,1604,36.61,86,Tool Wear,1
LOG_0002546,MCH_L1_01,2023-02-23 00:30:00,300.02,312.06,1559,46.4,201,No Failure,0
LOG_0002547,MCH_L1_03,2023-02-23 01:00:00,302.2,311.37,1686,28.18,216,No Failure,0
LOG_0002548,MCH_L2_04,2023-02-23 01:30:00,298.32,308.21,1384,35.8,149,Heat Dissipation,1
LOG_0002549,MCH_L1_04,2023-02-23 02:00:00,301.78,311.42,1650,37.04,94,No Failure,0
LOG_0002550,MCH_L2_05,2023-02-23 02:30:00,297.3,306.08,1542,45.48,150,No Failure,0
LOG_0002551,MCH_L1_05,2023-02-23 03:00:00,301.28,311.04,1674,31.69,91,No Failure,0
LOG_0002552,MCH_L1_02,2023-02-23 03:30:00,299.18,309.29,1437,34.07,172,No Failure,0
LOG_0002553,MCH_L1_04,2023-02-23 04:00:00,296.72,308.22,1667,40.95,206,No Failure,0
LOG_0002554,MCH_L1_02,2023-02-23 04:30:00,300.64,309.37,1290,45.37,231,No Failure,0
LOG_0002555,MCH_L3_05,2023-02-23 05:00:00,299.91,309.21,1454,41.8,51,No Failure,0
LOG_0002556,MCH_L1_02,2023-02-23 05:30:00,296.14,306.8,1532,32.3,198,No Failure,0
LOG_0002557,MCH_L1_04,2023-02-23 06:00:00,294.72,304.77,1578,40.91,173,No Failure,0
LOG_0002558,MCH_L2_01,2023-02-23 06:30:00,299.62,309.7,1248,34.18,37,No Failure,0
LOG_0002559,MCH_L2_02,2023-02-23 07:00:00,304.05,312.88,1350,31.99,167,No Failure,0
LOG_0002560,MCH_L2_05,2023-02-23 07:30:00,300.8,311.73,1369,43.47,142,No Failure,0
LOG_0002561,MCH_L1_03,2023-02-23 08:00:00,298.33,310.03,1387,44.64,112,No Failure,0
LOG_0002562,MCH_L1_03,2023-02-23 08:30:00,302.7,314.29,1409,39.88,196,No Failure,0
LOG_0002563,MCH_L2_05,2023-02-23 09:00:00,302.27,312.04,1519,44.34,139,No Failure,0
LOG_0002564,MCH_L2_01,2023-02-23 09:30:00,303.18,310.08,1677,46.54,76,No Failure,0
LOG_0002565,MCH_L3_03,2023-02-23 10:00:00,301.71,311.99,1454,19.2,66,No Failure,0
LOG_0002566,MCH_L3_02,2023-02-23 10:30:00,302.21,312.33,1685,43.49,184,No Failure,0
LOG_0002567,MCH_L1_03,2023-02-23 11:00:00,301.83,310.61,1510,53.16,120,No Failure,0
LOG_0002568,MCH_L3_03,2023-02-23 11:30:00,298.81,307.82,1474,37.58,18,No Failure,0
LOG_0002569,MCH_L1_02,2023-02-23 12:00:00,295.91,304.72,1625,53.07,89,No Failure,0
LOG_0002570,MCH_L2_03,2023-02-23 12:30:00,298.7,309.03,1481,42.68,29,No Failure,0
LOG_0002571,MCH_L1_05,2023-02-23 13:00:00,302.76,311.77,1406,40.68,91,No Failure,0
LOG_0002572,MCH_L3_05,2023-02-23 13:30:00,299.05,309.25,1659,42.26,206,No Failure,0
LOG_0002573,MCH_L1_01,2023-02-23 14:00:00,299.64,312.49,1495,27.07,17,No Failure,0
LOG_0002574,MCH_L1_03,2023-02-23 14:30:00,297.09,306.87,1714,54.21,62,Power Failure,1
LOG_0002575,MCH_L2_05,2023-02-23 15:00:00,298.62,307.23,1457,35.78,6,No Failure,0
LOG_0002576,MCH_L2_03,2023-02-23 15:30:00,299.98,308.24,1340,29.82,187,No Failure,0
LOG_0002577,MCH_L1_04,2023-02-23 16:00:00,301.23,311.63,1407,35.46,205,No Failure,0
LOG_0002578,MCH_L3_04,2023-02-23 16:30:00,298.85,311.25,1419,40.2,87,No Failure,0
LOG_0002579,MCH_L2_02,2023-02-23 17:00:00,298.68,307.6,1488,49.6,115,No Failure,0
LOG_0002580,MCH_L2_05,2023-02-23 17:30:00,302.11,309.52,1404,39.36,62,No Failure,0
LOG_0002581,MCH_L3_02,2023-02-23 18:00:00,300.81,312.86,1349,37.27,184,No Failure,0
LOG_0002582,MCH_L3_04,2023-02-23 18:30:00,301.12,314.14,1461,37.4,87,No Failure,0
LOG_0002583,MCH_L3_04,2023-02-23 19:00:00,303.82,314.73,1510,28.47,74,No Failure,0
LOG_0002584,MCH_L1_02,2023-02-23 19:30:00,298.74,309.26,1549,35.52,122,No Failure,0
LOG_0002585,MCH_L2_02,2023-02-23 20:00:00,299.88,309.96,1497,34.98,38,No Failure,0
LOG_0002586,MCH_L1_05,2023-02-23 20:30:00,301.38,312.2,1663,42.13,170,No Failure,0
LOG_0002587,MCH_L1_05,2023-02-23 21:00:00,297.82,308.58,1507,25.36,231,No Failure,0
LOG_0002588,MCH_L2_01,2023-02-23 21:30:00,300.57,310.91,1237,36.25,183,No Failure,0
LOG_0002589,MCH_L3_03,2023-02-23 22:00:00,300.06,308.92,1530,51.12,137,No Failure,0
LOG_0002590,MCH_L2_04,2023-02-23 22:30:00,306.94,317.27,1500,43.57,106,No Failure,0
LOG_0002591,MCH_L3_04,2023-02-23 23:00:00,300.25,310.13,1588,47.99,224,No Failure,0
LOG_0002592,MCH_L2_01,2023-02-23 23:30:00,302.89,311.93,1365,36.66,19,No Failure,0
LOG_0002593,MCH_L3_02,2023-02-24 00:00:00,302.07,312.4,1627,54.16,105,No Failure,0
LOG_0002594,MCH_L3_03,2023-02-24 00:30:00,297.11,306.53,1532,46.77,191,No Failure,0
LOG_0002595,MCH_L3_05,2023-02-24 01:00:00,296.13,306.21,1516,40.58,166,No Failure,0
LOG_0002596,MCH_L3_04,2023-02-24 01:30:00,300.62,311.17,1612,45.49,213,No Failure,0
LOG_0002597,MCH_L2_03,2023-02-24 02:00:00,303.14,313.86,1639,29.5,98,No Failure,0
LOG_0002598,MCH_L2_02,2023-02-24 02:30:00,300.72,310.17,1627,29.32,114,No Failure,0
LOG_0002599,MCH_L2_04,2023-02-24 03:00:00,300.2,310.74,1218,46.86,155,No Failure,0
LOG_0002600,MCH_L1_04,2023-02-24 03:30:00,299.29,310.11,1329,49.64,227,No Failure,0
LOG_0002601,MCH_L1_02,2023-02-24 04:00:00,296.69,307.86,1447,32.18,157,No Failure,0
LOG_0002602,MCH_L2_02,2023-02-24 04:30:00,297.6,307.97,1357,47.26,57,No Failure,0
LOG_0002603,MCH_L2_01,2023-02-24 05:00:00,295.94,306.67,1416,44.55,69,No Failure,0
LOG_0002604,MCH_L1_01,2023-02-24 05:30:00,297.24,306.73,1493,33.24,61,No Failure,0
LOG_0002605,MCH_L3_01,2023-02-24 06:00:00,298.68,311.77,1443,31.55,128,No Failure,0
LOG_0002606,MCH_L2_04,2023-02-24 06:30:00,301.94,311.86,1497,33.87,195,No Failure,0
LOG_0002607,MCH_L2_04,2023-02-24 07:00:00,298.89,310.24,1663,35.85,152,No Failure,0
LOG_0002608,MCH_L3_02,2023-02-24 07:30:00,300.64,310.06,1713,36.63,166,No Failure,0
LOG_0002609,MCH_L1_02,2023-02-24 08:00:00,300.34,310.79,1544,26.47,138,No Failure,0
LOG_0002610,MCH_L1_03,2023-02-24 08:30:00,301.25,311.65,1660,35.86,229,No Failure,0
LOG_0002611,MCH_L1_05,2023-02-24 09:00:00,297.41,308.04,1452,42.7,58,No Failure,0
LOG_0002612,MCH_L1_05,2023-02-24 09:30:00,302.65,311.63,1425,45.63,164,No Failure,0
LOG_0002613,MCH_L3_05,2023-02-24 10:00:00,296.48,306.95,1490,34.98,203,No Failure,0
LOG_0002614,MCH_L1_01,2023-02-24 10:30:00,298.88,308.3,1462,52.7,156,No Failure,0
LOG_0002615,MCH_L2_03,2023-02-24 11:00:00,299.95,310.93,1581,40.17,97,No Failure,0
LOG_0002616,MCH_L3_02,2023-02-24 11:30:00,301.9,310.85,1501,61.55,81,No Failure,0
LOG_0002617,MCH_L2_03,2023-02-24 12:00:00,303.45,313.82,1681,33.65,136,No Failure,0
LOG_0002618,MCH_L1_04,2023-02-24 12:30:00,301.92,311.89,1514,43.07,45,No Failure,0
LOG_0002619,MCH_L3_03,2023-02-24 13:00:00,303.54,315.77,1415,39.25,203,No Failure,0
LOG_0002620,MCH_L2_02,2023-02-24 13:30:00,297.93,309.27,1443,34.33,136,No Failure,0
LOG_0002621,MCH_L3_05,2023-02-24 14:00:00,302.98,314.63,1428,47.32,192,No Failure,0
LOG_0002622,MCH_L3_05,2023-02-24 14:30:00,302.55,311.62,1587,46.48,70,No Failure,0
LOG_0002623,MCH_L3_01,2023-02-24 15:00:00,294.01,303.55,1487,37.82,102,No Failure,0
LOG_0002624,MCH_L2_05,2023-02-24 15:30:00,299.45,309.45,1514,42.71,41,No Failure,0
LOG_0002625,MCH_L1_03,2023-02-24 16:00:00,301.51,312.88,1550,42.21,161,No Failure,0
LOG_0002626,MCH_L2_01,2023-02-24 16:30:00,298.71,309.16,1564,37.78,223,No Failure,0
LOG_0002627,MCH_L3_04,2023-02-24 17:00:00,297.29,306.39,1626,33.58,27,No Failure,0
LOG_0002628,MCH_L2_05,2023-02-24 17:30:00,305.29,314.44,1540,39.98,217,No Failure,0
LOG_0002629,MCH_L3_03,2023-02-24 18:00:00,300.28,311.71,1384,38.38,99,No Failure,0
LOG_0002630,MCH_L2_05,2023-02-24 18:30:00,300.35,310.84,1441,30.98,60,No Failure,0
LOG_0002631,MCH_L3_02,2023-02-24 19:00:00,296.73,306.79,1441,45.59,39,No Failure,0
LOG_0002632,MCH_L3_04,2023-02-24 19:30:00,298.47,308.43,1412,40.38,181,Heat Dissipation,1
LOG_0002633,MCH_L2_04,2023-02-24 20:00:00,297.76,308.83,1624,38.85,58,No Failure,0
LOG_0002634,MCH_L1_01,2023-02-24 20:30:00,302.7,311.43,1482,27.33,205,No Failure,0
LOG_0002635,MCH_L1_05,2023-02-24 21:00:00,301.26,311.32,1521,42.7,172,No Failure,0
LOG_0002636,MCH_L1_04,2023-02-24 21:30:00,298.57,308.7,1540,27.35,222,No Failure,0
LOG_0002637,MCH_L2_03,2023-02-24 22:00:00,301.4,309.9,1525,41.2,207,No Failure,0
LOG_0002638,MCH_L3_01,2023-02-24 22:30:00,299.37,309.12,1537,47.24,166,No Failure,0
LOG_0002639,MCH_L3_02,2023-02-24 23:00:00,300.59,313.33,1788,54.13,169,No Failure,0
LOG_0002640,MCH_L1_01,2023-02-24 23:30:00,300.57,309.57,1581,40.57,138,No Failure,0
LOG_0002641,MCH_L2_04,2023-02-25 00:00:00,301.05,311.2,1389,54.95,202,Overstrain,1
LOG_0002642,MCH_L2_01,2023-02-25 00:30:00,300.75,308.26,1537,46.23,165,Power Failure,1
LOG_0002643,MCH_L1_04,2023-02-25 01:00:00,301.05,310.88,1512,44.02,56,No Failure,0
LOG_0002644,MCH_L3_02,2023-02-25 01:30:00,303.14,311.85,1333,49.49,122,No Failure,0
LOG_0002645,MCH_L2_04,2023-02-25 02:00:00,301.6,311.18,1213,51.38,139,No Failure,0
LOG_0002646,MCH_L3_01,2023-02-25 02:30:00,299.16,309.67,1517,47.0,169,No Failure,0
LOG_0002647,MCH_L1_05,2023-02-25 03:00:00,299.76,308.41,1466,38.8,190,Power Failure,1
LOG_0002648,MCH_L3_05,2023-02-25 03:30:00,303.08,313.37,1362,35.44,136,No Failure,0
LOG_0002649,MCH_L1_05,2023-02-25 04:00:00,300.28,309.34,1435,29.03,149,No Failure,0
LOG_0002650,MCH_L3_02,2023-02-25 04:30:00,299.06,307.46,1468,41.43,165,No Failure,0
LOG_0002651,MCH_L1_05,2023-02-25 05:00:00,298.42,309.6,1430,50.04,200,No Failure,0
LOG_0002652,MCH_L1_01,2023-02-25 05:30:00,300.68,309.53,1532,31.83,56,No Failure,0
LOG_0002653,MCH_L1_01,2023-02-25 06:00:00,297.86,307.35,1521,30.85,66,No Failure,0
LOG_0002654,MCH_L2_03,2023-02-25 06:30:00,303.21,312.53,1595,55.28,230,No Failure,0
LOG_0002655,MCH_L3_02,2023-02-25 07:00:00,297.41,307.67,1638,37.82,226,No Failure,0
LOG_0002656,MCH_L2_03,2023-02-25 07:30:00,303.7,313.74,1577,25.37,29,No Failure,0
LOG_0002657,MCH_L3_02,2023-02-25 08:00:00,299.29,309.09,1418,27.62,120,No Failure,0
LOG_0002658,MCH_L3_05,2023-02-25 08:30:00,297.31,306.46,1520,43.76,153,No Failure,0
LOG_0002659,MCH_L3_05,2023-02-25 09:00:00,300.47,310.15,1307,35.95,199,No Failure,0
LOG_0002660,MCH_L2_01,2023-02-25 09:30:00,297.62,307.97,1443,44.07,53,Power Failure,1
LOG_0002661,MCH_L3_02,2023-02-25 10:00:00,300.09,310.23,1195,38.12,31,No Failure,0
LOG_0002662,MCH_L3_01,2023-02-25 10:30:00,298.56,309.91,1457,41.8,21,No Failure,0
LOG_0002663,MCH_L3_03,2023-02-25 11:00:00,302.36,313.28,1435,55.02,135,No Failure,0
LOG_0002664,MCH_L1_04,2023-02-25 11:30:00,300.34,311.67,1582,38.41,108,No Failure,0
LOG_0002665,MCH_L1_02,2023-02-25 12:00:00,297.03,308.65,1383,50.01,65,No Failure,0
LOG_0002666,MCH_L3_04,2023-02-25 12:30:00,298.51,308.73,1520,40.96,13,No Failure,0
LOG_0002667,MCH_L1_02,2023-02-25 13:00:00,301.76,312.78,1454,30.22,132,No Failure,0
LOG_0002668,MCH_L2_04,2023-02-25 13:30:00,303.22,313.62,1448,56.8,12,Heat Dissipation,1
LOG_0002669,MCH_L3_05,2023-02-25 14:00:00,299.89,311.48,1407,58.04,86,No Failure,0
LOG_0002670,MCH_L1_05,2023-02-25 14:30:00,297.39,305.28,1536,38.7,123,No Failure,0
LOG_0002671,MCH_L1_04,2023-02-25 15:00:00,302.64,312.26,1480,41.29,76,No Failure,0
LOG_0002672,MCH_L2_05,2023-02-25 15:30:00,301.75,312.24,1385,50.54,82,No Failure,0
LOG_0002673,MCH_L3_03,2023-02-25 16:00:00,303.27,313.95,1515,38.43,23,No Failure,0
LOG_0002674,MCH_L1_01,2023-02-25 16:30:00,300.73,310.71,1536,48.22,34,No Failure,0
LOG_0002675,MCH_L2_02,2023-02-25 17:00:00,298.7,306.7,1683,33.08,205,No Failure,0
LOG_0002676,MCH_L1_03,2023-02-25 17:30:00,301.29,311.08,1430,55.58,67,No Failure,0
LOG_0002677,MCH_L2_01,2023-02-25 18:00:00,300.82,311.8,1453,43.09,153,No Failure,0
LOG_0002678,MCH_L1_05,2023-02-25 18:30:00,298.56,308.18,1345,46.38,73,No Failure,0
LOG_0002679,MCH_L1_05,2023-02-25 19:00:00,300.5,310.61,1446,51.53,229,No Failure,0
LOG_0002680,MCH_L3_01,2023-02-25 19:30:00,299.51,311.81,1372,46.96,165,No Failure,0
LOG_0002681,MCH_L1_05,2023-02-25 20:00:00,301.86,311.64,1632,39.57,33,No Failure,0
LOG_0002682,MCH_L1_01,2023-02-25 20:30:00,301.23,311.04,1561,54.62,33,No Failure,0
LOG_0002683,MCH_L1_01,2023-02-25 21:00:00,297.37,307.6,1370,47.1,18,No Failure,0
LOG_0002684,MCH_L1_03,2023-02-25 21:30:00,297.12,307.41,1382,38.6,2,No Failure,0
LOG_0002685,MCH_L3_04,2023-02-25 22:00:00,299.78,309.94,1433,27.22,115,No Failure,0
LOG_0002686,MCH_L3_02,2023-02-25 22:30:00,300.08,310.55,1655,39.88,35,No Failure,0
LOG_0002687,MCH_L2_05,2023-02-25 23:00:00,301.9,310.47,1426,35.5,3,No Failure,0
LOG_0002688,MCH_L1_04,2023-02-25 23:30:00,301.28,311.13,1478,40.21,121,No Failure,0
LOG_0002689,MCH_L1_05,2023-02-26 00:00:00,303.65,312.18,1683,34.55,153,No Failure,0
LOG_0002690,MCH_L1_02,2023-02-26 00:30:00,298.83,308.9,1549,43.27,202,Heat Dissipation,1
LOG_0002691,MCH_L2_03,2023-02-26 01:00:00,298.69,309.42,1326,36.18,130,No Failure,0
LOG_0002692,MCH_L3_01,2023-02-26 01:30:00,297.6,307.43,1280,52.13,127,No Failure,0
LOG_0002693,MCH_L3_01,2023-02-26 02:00:00,301.87,310.73,1511,45.22,176,No Failure,0
LOG_0002694,MCH_L3_04,2023-02-26 02:30:00,300.05,309.53,1776,36.04,8,No Failure,0
LOG_0002695,MCH_L1_02,2023-02-26 03:00:00,295.37,307.53,1662,40.08,45,No Failure,0
LOG_0002696,MCH_L2_04,2023-02-26 03:30:00,300.51,312.25,1545,44.32,193,No Failure,0
LOG_0002697,MCH_L1_02,2023-02-26 04:00:00,300.66,310.01,1594,27.23,13,No Failure,0
LOG_0002698,MCH_L3_03,2023-02-26 04:30:00,299.64,308.98,1603,43.98,2,No Failure,0
LOG_0002699,MCH_L2_04,2023-02-26 05:00:00,300.74,310.61,1303,25.47,1,No Failure,0
LOG_0002700,MCH_L2_02,2023-02-26 05:30:00,296.95,308.44,1524,53.05,85,No Failure,0
LOG_0002701,MCH_L3_05,2023-02-26 06:00:00,304.1,312.0,1657,36.83,220,No Failure,0
LOG_0002702,MCH_L2_03,2023-02-26 06:30:00,300.95,310.28,1750,48.92,160,No Failure,0
LOG_0002703,MCH_L3_05,2023-02-26 07:00:00,295.57,306.06,1560,30.27,99,Tool Wear,1
LOG_0002704,MCH_L3_01,2023-02-26 07:30:00,299.99,310.35,1336,44.88,137,No Failure,0
LOG_0002705,MCH_L1_02,2023-02-26 08:00:00,301.02,310.51,1568,30.03,110,No Failure,0
LOG_0002706,MCH_L2_02,2023-02-26 08:30:00,297.22,306.92,1566,37.5,52,No Failure,0
LOG_0002707,MCH_L3_02,2023-02-26 09:00:00,301.33,311.73,1604,48.23,171,No Failure,0
LOG_0002708,MCH_L2_01,2023-02-26 09:30:00,304.2,313.71,1548,45.24,165,No Failure,0
LOG_0002709,MCH_L1_04,2023-02-26 10:00:00,298.39,307.11,1723,44.81,148,No Failure,0
LOG_0002710,MCH_L2_02,2023-02-26 10:30:00,301.07,310.85,1522,36.99,222,No Failure,0
LOG_0002711,MCH_L3_04,2023-02-26 11:00:00,300.52,310.75,1507,31.11,162,No Failure,0
LOG_0002712,MCH_L3_03,2023-02-26 11:30:00,302.42,309.87,1468,46.64,194,No Failure,0
LOG_0002713,MCH_L1_04,2023-02-26 12:00:00,299.73,310.2,1511,32.18,82,No Failure,0
LOG_0002714,MCH_L1_02,2023-02-26 12:30:00,297.33,308.5,1533,34.71,21,No Failure,0
LOG_0002715,MCH_L2_05,2023-02-26 13:00:00,302.26,311.83,1514,52.13,19,No Failure,0
LOG_0002716,MCH_L3_02,2023-02-26 13:30:00,297.48,307.07,1593,44.92,99,No Failure,0
LOG_0002717,MCH_L2_02,2023-02-26 14:00:00,304.52,313.63,1251,28.41,210,No Failure,0
LOG_0002718,MCH_L2_03,2023-02-26 14:30:00,301.4,311.22,1483,39.91,109,No Failure,0
LOG_0002719,MCH_L1_02,2023-02-26 15:00:00,298.5,307.83,1562,38.66,67,No Failure,0
LOG_0002720,MCH_L1_05,2023-02-26 15:30:00,302.77,314.51,1533,36.82,95,No Failure,0
LOG_0002721,MCH_L1_01,2023-02-26 16:00:00,299.98,310.13,1347,37.07,7,No Failure,0
LOG_0002722,MCH_L2_02,2023-02-26 16:30:00,299.45,306.87,1563,51.12,50,No Failure,0
LOG_0002723,MCH_L2_03,2023-02-26 17:00:00,298.3,308.98,1505,56.95,153,No Failure,0
LOG_0002724,MCH_L3_03,2023-02-26 17:30:00,295.3,307.36,1591,39.64,50,No Failure,0
LOG_0002725,MCH_L2_01,2023-02-26 18:00:00,301.51,312.12,1569,41.39,192,No Failure,0
LOG_0002726,MCH_L1_05,2023-02-26 18:30:00,295.93,307.36,1538,28.4,153,No Failure,0
LOG_0002727,MCH_L3_05,2023-02-26 19:00:00,298.02,308.83,1500,54.4,46,No Failure,0
LOG_0002728,MCH_L2_01,2023-02-26 19:30:00,301.08,312.27,1534,34.4,42,No Failure,0
LOG_0002729,MCH_L3_05,2023-02-26 20:00:00,298.75,309.88,1534,36.4,136,No Failure,0
LOG_0002730,MCH_L1_02,2023-02-26 20:30:00,300.39,311.53,1659,46.72,162,No Failure,0
LOG_0002731,MCH_L1_01,2023-02-26 21:00:00,296.97,307.35,1858,42.39,209,No Failure,0
LOG_0002732,MCH_L2_02,2023-02-26 21:30:00,299.13,307.07,1371,44.67,146,Tool Wear,1
LOG_0002733,MCH_L2_02,2023-02-26 22:00:00,300.41,309.1,1181,45.78,175,No Failure,0
LOG_0002734,MCH_L2_05,2023-02-26 22:30:00,297.62,306.33,1436,39.93,79,No Failure,0
LOG_0002735,MCH_L3_01,2023-02-26 23:00:00,304.22,311.19,1387,47.5,155,No Failure,0
LOG_0002736,MCH_L2_05,2023-02-26 23:30:00,298.41,307.89,1600,25.49,2,Overstrain,1
LOG_0002737,MCH_L3_04,2023-02-27 00:00:00,303.45,315.15,1679,53.9,145,Heat Dissipation,1
LOG_0002738,MCH_L1_02,2023-02-27 00:30:00,299.58,307.86,1597,38.46,12,No Failure,0
LOG_0002739,MCH_L1_02,2023-02-27 01:00:00,296.08,306.95,1462,47.42,154,Tool Wear,1
LOG_0002740,MCH_L1_01,2023-02-27 01:30:00,297.16,307.79,1587,44.19,39,No Failure,0
LOG_0002741,MCH_L2_05,2023-02-27 02:00:00,300.44,310.72,1645,23.02,38,Overstrain,1
LOG_0002742,MCH_L2_03,2023-02-27 02:30:00,302.58,314.0,1579,41.86,57,No Failure,0
LOG_0002743,MCH_L3_05,2023-02-27 03:00:00,304.42,314.37,1566,22.04,56,No Failure,0
LOG_0002744,MCH_L2_03,2023-02-27 03:30:00,300.32,312.15,1486,44.2,23,No Failure,0
LOG_0002745,MCH_L1_01,2023-02-27 04:00:00,297.06,306.82,1353,41.85,220,No Failure,0
LOG_0002746,MCH_L3_02,2023-02-27 04:30:00,300.7,311.11,1631,29.13,118,No Failure,0
LOG_0002747,MCH_L3_01,2023-02-27 05:00:00,297.94,307.77,1703,41.6,21,No Failure,0
LOG_0002748,MCH_L2_03,2023-02-27 05:30:00,300.98,309.87,1334,35.96,50,No Failure,0
LOG_0002749,MCH_L2_04,2023-02-27 06:00:00,297.65,306.03,1591,38.61,217,Overstrain,1
LOG_0002750,MCH_L3_04,2023-02-27 06:30:00,294.78,305.47,1403,18.01,211,No Failure,0
LOG_0002751,MCH_L1_04,2023-02-27 07:00:00,303.29,314.91,1555,29.48,215,No Failure,0
LOG_0002752,MCH_L1_01,2023-02-27 07:30:00,299.43,309.72,1332,33.31,75,Heat Dissipation,1
LOG_0002753,MCH_L1_01,2023-02-27 08:00:00,300.12,310.74,1593,30.34,209,No Failure,0
LOG_0002754,MCH_L1_03,2023-02-27 08:30:00,302.49,310.62,1551,35.53,238,No Failure,0
LOG_0002755,MCH_L3_05,2023-02-27 09:00:00,304.7,315.16,1599,34.29,203,No Failure,0
LOG_0002756,MCH_L3_04,2023-02-27 09:30:00,301.8,309.3,1577,42.56,165,No Failure,0
LOG_0002757,MCH_L1_05,2023-02-27 10:00:00,300.26,308.83,1522,16.78,223,No Failure,0
LOG_0002758,MCH_L1_05,2023-02-27 10:30:00,301.16,312.76,1594,56.94,126,No Failure,0
LOG_0002759,MCH_L2_04,2023-02-27 11:00:00,299.26,309.28,1446,34.77,60,Power Failure,1
LOG_0002760,MCH_L2_05,2023-02-27 11:30:00,300.09,310.22,1569,37.4,48,No Failure,0
LOG_0002761,MCH_L3_04,2023-02-27 12:00:00,300.36,311.02,1433,45.05,22,No Failure,0
LOG_0002762,MCH_L3_02,2023-02-27 12:30:00,298.03,308.99,1575,54.78,3,No Failure,0
LOG_0002763,MCH_L1_02,2023-02-27 13:00:00,300.05,309.73,1477,34.99,75,No Failure,0
LOG_0002764,MCH_L1_02,2023-02-27 13:30:00,300.92,311.27,1558,45.86,208,No Failure,0
LOG_0002765,MCH_L2_01,2023-02-27 14:00:00,301.29,311.21,1465,34.3,212,No Failure,0
LOG_0002766,MCH_L3_05,2023-02-27 14:30:00,301.09,309.25,1467,47.99,36,No Failure,0
LOG_0002767,MCH_L2_04,2023-02-27 15:00:00,296.65,306.22,1473,45.93,92,Overstrain,1
LOG_0002768,MCH_L1_01,2023-02-27 15:30:00,303.07,313.57,1340,30.94,133,No Failure,0
LOG_0002769,MCH_L2_04,2023-02-27 16:00:00,302.87,312.41,1603,44.92,238,No Failure,0
LOG_0002770,MCH_L2_04,2023-02-27 16:30:00,299.76,309.31,1505,27.87,155,No Failure,0
LOG_0002771,MCH_L3_03,2023-02-27 17:00:00,301.14,312.08,1345,33.7,135,No Failure,0
LOG_0002772,MCH_L2_04,2023-02-27 17:30:00,299.46,309.65,1434,28.61,222,No Failure,0
LOG_0002773,MCH_L1_05,2023-02-27 18:00:00,301.88,312.3,1428,40.01,147,No Failure,0
LOG_0002774,MCH_L3_03,2023-02-27 18:30:00,297.96,306.01,1547,48.49,143,No Failure,0
LOG_0002775,MCH_L3_05,2023-02-27 19:00:00,303.36,313.9,1474,29.44,140,No Failure,0
LOG_0002776,MCH_L2_04,2023-02-27 19:30:00,301.76,310.43,1608,43.41,78,No Failure,0
LOG_0002777,MCH_L3_01,2023-02-27 20:00:00,301.81,311.78,1356,37.94,61,No Failure,0
LOG_0002778,MCH_L1_04,2023-02-27 20:30:00,299.74,308.46,1552,31.27,204,No Failure,0
LOG_0002779,MCH_L1_02,2023-02-27 21:00:00,296.47,307.59,1542,36.41,110,No Failure,0
LOG_0002780,MCH_L3_03,2023-02-27 21:30:00,302.21,314.41,1449,44.92,193,No Failure,0
LOG_0002781,MCH_L2_01,2023-02-27 22:00:00,296.55,306.37,1530,47.99,119,No Failure,0
LOG_0002782,MCH_L3_04,2023-02-27 22:30:00,302.24,312.05,1495,42.61,52,No Failure,0
LOG_0002783,MCH_L1_04,2023-02-27 23:00:00,298.07,309.31,1644,39.69,121,No Failure,0
LOG_0002784,MCH_L2_01,2023-02-27 23:30:00,296.03,306.72,1510,40.19,211,No Failure,0
LOG_0002785,MCH_L1_03,2023-02-28 00:00:00,300.0,309.91,1636,33.78,27,No Failure,0
LOG_0002786,MCH_L2_01,2023-02-28 00:30:00,302.96,313.4,1600,40.82,17,No Failure,0
LOG_0002787,MCH_L1_02,2023-02-28 01:00:00,297.59,310.03,1350,27.5,6,No Failure,0
LOG_0002788,MCH_L1_02,2023-02-28 01:30:00,304.0,313.19,1489,38.99,20,No Failure,0
LOG_0002789,MCH_L3_03,2023-02-28 02:00:00,301.64,310.94,1599,54.44,40,No Failure,0
LOG_0002790,MCH_L2_04,2023-02-28 02:30:00,300.39,311.34,1529,36.27,166,No Failure,0
LOG_0002791,MCH_L2_02,2023-02-28 03:00:00,298.91,311.44,1509,49.53,200,No Failure,0
LOG_0002792,MCH_L1_03,2023-02-28 03:30:00,299.09,309.3,1517,45.7,107,No Failure,0
LOG_0002793,MCH_L3_03,2023-02-28 04:00:00,301.08,309.03,1572,52.22,137,No Failure,0
LOG_0002794,MCH_L3_01,2023-02-28 04:30:00,302.12,312.59,1453,13.41,30,No Failure,0
LOG_0002795,MCH_L1_01,2023-02-28 05:00:00,298.52,307.89,1465,41.51,41,No Failure,0
LOG_0002796,MCH_L2_03,2023-02-28 05:30:00,297.98,308.55,1600,45.0,204,No Failure,0
LOG_0002797,MCH_L3_04,2023-02-28 06:00:00,299.47,307.84,1524,46.79,196,No Failure,0
LOG_0002798,MCH_L2_01,2023-02-28 06:30:00,303.48,311.71,1478,50.21,58,No Failure,0
LOG_0002799,MCH_L2_02,2023-02-28 07:00:00,296.96,306.6,1504,45.92,117,No Failure,0
LOG_0002800,MCH_L2_04,2023-02-28 07:30:00,302.86,314.84,1561,42.01,103,No Failure,0
LOG_0002801,MCH_L1_05,2023-02-28 08:00:00,300.11,308.46,1497,31.85,233,No Failure,0
LOG_0002802,MCH_L3_05,2023-02-28 08:30:00,295.87,305.49,1519,23.83,165,No Failure,0
LOG_0002803,MCH_L1_01,2023-02-28 09:00:00,298.85,307.09,1294,51.38,42,No Failure,0
LOG_0002804,MCH_L3_02,2023-02-28 09:30:00,301.52,311.87,1529,34.84,227,No Failure,0
LOG_0002805,MCH_L2_05,2023-02-28 10:00:00,304.5,314.77,1484,37.02,129,No Failure,0
LOG_0002806,MCH_L2_02,2023-02-28 10:30:00,296.68,304.97,1610,47.7,133,No Failure,0
LOG_0002807,MCH_L3_05,2023-02-28 11:00:00,292.95,304.5,1493,39.84,76,No Failure,0
LOG_0002808,MCH_L1_05,2023-02-28 11:30:00,296.73,304.42,1677,30.16,156,Heat Dissipation,1
LOG_0002809,MCH_L1_03,2023-02-28 12:00:00,302.83,314.72,1573,25.49,235,No Failure,0
LOG_0002810,MCH_L3_02,2023-02-28 12:30:00,295.52,307.17,1410,36.95,205,No Failure,0
LOG_0002811,MCH_L3_03,2023-02-28 13:00:00,303.74,314.11,1351,40.82,157,No Failure,0
LOG_0002812,MCH_L2_04,2023-02-28 13:30:00,303.04,314.12,1490,46.77,88,No Failure,0
LOG_0002813,MCH_L1_01,2023-02-28 14:00:00,300.48,310.27,1503,38.94,167,No Failure,0
LOG_0002814,MCH_L1_01,2023-02-28 14:30:00,298.43,306.58,1296,40.17,98,No Failure,0
LOG_0002815,MCH_L1_01,2023-02-28 15:00:00,300.14,310.42,1493,28.78,36,Tool Wear,1
LOG_0002816,MCH_L1_03,2023-02-28 15:30:00,301.53,309.64,1460,48.85,117,No Failure,0
LOG_0002817,MCH_L3_02,2023-02-28 16:00:00,301.15,311.14,1524,65.61,134,No Failure,0
LOG_0002818,MCH_L2_01,2023-02-28 16:30:00,304.35,312.87,1742,51.06,177,No Failure,0
LOG_0002819,MCH_L2_05,2023-02-28 17:00:00,299.35,310.52,1299,50.29,229,No Failure,0
LOG_0002820,MCH_L3_01,2023-02-28 17:30:00,296.75,307.21,1613,42.93,145,No Failure,0
LOG_0002821,MCH_L1_03,2023-02-28 18:00:00,296.31,307.12,1558,31.12,135,No Failure,0
LOG_0002822,MCH_L2_03,2023-02-28 18:30:00,295.81,306.22,1440,32.67,198,No Failure,0
LOG_0002823,MCH_L3_04,2023-02-28 19:00:00,300.49,312.75,1502,45.6,225,No Failure,0
LOG_0002824,MCH_L3_04,2023-02-28 19:30:00,299.41,310.64,1609,47.57,99,No Failure,0
LOG_0002825,MCH_L2_05,2023-02-28 20:00:00,300.08,312.12,1513,32.02,54,No Failure,0
LOG_0002826,MCH_L1_02,2023-02-28 20:30:00,298.66,307.58,1267,43.86,104,No Failure,0
LOG_0002827,MCH_L3_04,2023-02-28 21:00:00,297.22,306.57,1543,40.96,175,No Failure,0
LOG_0002828,MCH_L2_04,2023-02-28 21:30:00,301.54,308.63,1586,44.21,73,No Failure,0
LOG_0002829,MCH_L1_03,2023-02-28 22:00:00,293.84,303.37,1450,43.04,57,No Failure,0
LOG_0002830,MCH_L1_05,2023-02-28 22:30:00,298.0,307.96,1603,43.48,103,No Failure,0
LOG_0002831,MCH_L2_05,2023-02-28 23:00:00,301.97,312.49,1613,23.46,220,No Failure,0
LOG_0002832,MCH_L2_03,2023-02-28 23:30:00,297.75,307.11,1656,55.5,15,No Failure,0
LOG_0002833,MCH_L1_02,2023-03-01 00:00:00,300.98,311.86,1620,52.03,152,No Failure,0
LOG_0002834,MCH_L2_01,2023-03-01 00:30:00,298.0,308.8,1805,39.87,28,No Failure,0
LOG_0002835,MCH_L3_02,2023-03-01 01:00:00,298.86,308.29,1639,29.97,7,No Failure,0
LOG_0002836,MCH_L1_05,2023-03-01 01:30:00,301.44,310.29,1520,44.79,211,No Failure,0
LOG_0002837,MCH_L3_03,2023-03-01 02:00:00,296.81,306.89,1596,27.57,99,No Failure,0
LOG_0002838,MCH_L2_05,2023-03-01 02:30:00,301.86,311.98,1515,54.25,122,Power Failure,1
LOG_0002839,MCH_L2_04,2023-03-01 03:00:00,300.11,309.38,1470,38.63,182,No Failure,0
LOG_0002840,MCH_L3_02,2023-03-01 03:30:00,303.14,312.83,1375,34.93,51,No Failure,0
LOG_0002841,MCH_L1_05,2023-03-01 04:00:00,300.52,308.82,1485,44.96,90,No Failure,0
LOG_0002842,MCH_L1_02,2023-03-01 04:30:00,297.33,308.14,1607,36.01,76,No Failure,0
LOG_0002843,MCH_L1_05,2023-03-01 05:00:00,304.32,315.15,1403,37.62,153,No Failure,0
LOG_0002844,MCH_L3_05,2023-03-01 05:30:00,297.54,307.6,1550,33.25,105,No Failure,0
LOG_0002845,MCH_L3_02,2023-03-01 06:00:00,299.43,310.35,1459,45.31,24,No Failure,0
LOG_0002846,MCH_L1_04,2023-03-01 06:30:00,302.39,312.55,1506,42.61,91,No Failure,0
LOG_0002847,MCH_L3_05,2023-03-01 07:00:00,295.3,307.24,1499,48.93,72,No Failure,0
LOG_0002848,MCH_L3_01,2023-03-01 07:30:00,303.6,312.04,1529,26.19,120,No Failure,0
LOG_0002849,MCH_L2_02,2023-03-01 08:00:00,297.12,307.36,1778,29.65,25,No Failure,0
LOG_0002850,MCH_L2_01,2023-03-01 08:30:00,298.86,309.94,1444,35.6,203,No Failure,0
LOG_0002851,MCH_L3_04,2023-03-01 09:00:00,300.72,312.51,1502,49.45,89,No Failure,0
LOG_0002852,MCH_L1_02,2023-03-01 09:30:00,299.9,310.85,1481,27.89,174,Tool Wear,1
LOG_0002853,MCH_L3_02,2023-03-01 10:00:00,301.97,310.72,1327,32.78,85,No Failure,0
LOG_0002854,MCH_L3_01,2023-03-01 10:30:00,296.0,304.01,1610,52.07,128,No Failure,0
LOG_0002855,MCH_L3_01,2023-03-01 11:00:00,301.82,311.62,1407,44.5,191,No Failure,0
LOG_0002856,MCH_L3_03,2023-03-01 11:30:00,302.02,312.45,1671,49.18,139,No Failure,0
LOG_0002857,MCH_L1_05,2023-03-01 12:00:00,302.57,313.7,1413,39.23,151,No Failure,0
LOG_0002858,MCH_L2_02,2023-03-01 12:30:00,296.03,304.72,1553,55.03,29,No Failure,0
LOG_0002859,MCH_L3_01,2023-03-01 13:00:00,296.33,307.06,1715,27.67,13,No Failure,0
LOG_0002860,MCH_L2_02,2023-03-01 13:30:00,299.14,305.93,1561,38.18,150,No Failure,0
LOG_0002861,MCH_L3_05,2023-03-01 14:00:00,296.6,305.71,1436,37.48,129,No Failure,0
LOG_0002862,MCH_L1_05,2023-03-01 14:30:00,295.49,306.52,1399,37.58,130,No Failure,0
LOG_0002863,MCH_L3_02,2023-03-01 15:00:00,299.04,307.61,1243,29.33,5,No Failure,0
LOG_0002864,MCH_L3_05,2023-03-01 15:30:00,300.59,309.27,1462,44.71,210,No Failure,0
LOG_0002865,MCH_L2_04,2023-03-01 16:00:00,307.0,316.37,1336,29.59,148,No Failure,0
LOG_0002866,MCH_L1_04,2023-03-01 16:30:00,301.37,311.58,1503,28.67,236,No Failure,0
LOG_0002867,MCH_L3_01,2023-03-01 17:00:00,304.38,313.04,1455,17.96,19,No Failure,0
LOG_0002868,MCH_L1_03,2023-03-01 17:30:00,299.89,309.85,1518,33.69,148,No Failure,0
LOG_0002869,MCH_L3_05,2023-03-01 18:00:00,301.4,310.88,1368,41.25,39,No Failure,0
LOG_0002870,MCH_L1_04,2023-03-01 18:30:00,299.63,311.02,1443,42.45,195,No Failure,0
LOG_0002871,MCH_L1_05,2023-03-01 19:00:00,306.71,316.13,1568,38.1,152,No Failure,0
LOG_0002872,MCH_L3_03,2023-03-01 19:30:00,298.29,308.32,1541,34.31,114,No Failure,0
LOG_0002873,MCH_L2_01,2023-03-01 20:00:00,298.63,308.83,1285,36.55,123,Tool Wear,1
LOG_0002874,MCH_L1_03,2023-03-01 20:30:00,301.99,311.49,1598,34.27,70,No Failure,0
LOG_0002875,MCH_L1_02,2023-03-01 21:00:00,300.52,311.44,1376,57.46,198,No Failure,0
LOG_0002876,MCH_L3_04,2023-03-01 21:30:00,298.94,310.11,1317,29.56,32,No Failure,0
LOG_0002877,MCH_L3_03,2023-03-01 22:00:00,302.4,311.81,1474,33.41,50,No Failure,0
LOG_0002878,MCH_L1_04,2023-03-01 22:30:00,299.9,310.25,1791,40.0,89,No Failure,0
LOG_0002879,MCH_L1_05,2023-03-01 23:00:00,299.88,308.77,1461,30.68,208,No Failure,0
LOG_0002880,MCH_L1_04,2023-03-01 23:30:00,300.58,311.26,1512,40.39,199,No Failure,0
LOG_0002881,MCH_L3_04,2023-03-02 00:00:00,295.66,305.94,1583,26.08,89,No Failure,0
LOG_0002882,MCH_L3_01,2023-03-02 00:30:00,296.02,305.58,1396,41.05,116,No Failure,0
LOG_0002883,MCH_L3_03,2023-03-02 01:00:00,302.72,313.12,1537,36.22,78,Tool Wear,1
LOG_0002884,MCH_L3_05,2023-03-02 01:30:00,298.31,309.02,1401,33.66,19,No Failure,0
LOG_0002885,MCH_L3_02,2023-03-02 02:00:00,299.67,311.15,1567,37.52,18,No Failure,0
LOG_0002886,MCH_L1_03,2023-03-02 02:30:00,304.03,314.51,1548,35.4,198,No Failure,0
LOG_0002887,MCH_L2_03,2023-03-02 03:00:00,299.78,310.85,1537,36.58,183,No Failure,0
LOG_0002888,MCH_L2_05,2023-03-02 03:30:00,299.47,311.76,1520,46.52,55,No Failure,0
LOG_0002889,MCH_L1_04,2023-03-02 04:00:00,302.24,311.0,1741,55.29,236,No Failure,0
LOG_0002890,MCH_L3_04,2023-03-02 04:30:00,298.5,309.91,1528,17.01,0,No Failure,0
LOG_0002891,MCH_L1_02,2023-03-02 05:00:00,303.01,311.96,1563,38.03,166,No Failure,0
LOG_0002892,MCH_L1_02,2023-03-02 05:30:00,302.19,311.33,1544,29.1,36,No Failure,0
LOG_0002893,MCH_L1_01,2023-03-02 06:00:00,304.58,314.57,1379,37.1,17,No Failure,0
LOG_0002894,MCH_L3_03,2023-03-02 06:30:00,298.27,307.49,1407,43.42,199,No Failure,0
LOG_0002895,MCH_L1_04,2023-03-02 07:00:00,303.42,312.44,1369,60.29,78,No Failure,0
LOG_0002896,MCH_L2_05,2023-03-02 07:30:00,301.39,311.32,1406,37.26,133,No Failure,0
LOG_0002897,MCH_L2_04,2023-03-02 08:00:00,296.69,306.29,1439,41.1,100,No Failure,0
LOG_0002898,MCH_L3_04,2023-03-02 08:30:00,293.51,302.71,1475,32.23,21,No Failure,0
LOG_0002899,MCH_L3_01,2023-03-02 09:00:00,298.0,306.86,1474,31.79,10,No Failure,0
LOG_0002900,MCH_L2_02,2023-03-02 09:30:00,300.73,312.44,1569,31.38,217,No Failure,0
LOG_0002901,MCH_L3_05,2023-03-02 10:00:00,301.09,309.65,1662,33.9,71,No Failure,0
LOG_0002902,MCH_L3_02,2023-03-02 10:30:00,299.85,309.65,1637,35.96,8,No Failure,0
LOG_0002903,MCH_L2_05,2023-03-02 11:00:00,299.87,311.21,1533,52.08,140,No Failure,0
LOG_0002904,MCH_L2_02,2023-03-02 11:30:00,299.69,310.66,1400,37.06,130,No Failure,0
LOG_0002905,MCH_L3_03,2023-03-02 12:00:00,302.58,312.86,1625,44.72,194,No Failure,0
LOG_0002906,MCH_L3_05,2023-03-02 12:30:00,296.41,305.66,1433,42.5,134,No Failure,0
LOG_0002907,MCH_L2_02,2023-03-02 13:00:00,300.67,310.65,1552,48.09,194,No Failure,0
LOG_0002908,MCH_L3_05,2023-03-02 13:30:00,297.94,306.59,1533,23.83,202,No Failure,0
LOG_0002909,MCH_L2_03,2023-03-02 14:00:00,297.73,307.39,1372,42.92,45,No Failure,0
LOG_0002910,MCH_L1_01,2023-03-02 14:30:00,302.94,312.58,1436,41.95,57,No Failure,0
LOG_0002911,MCH_L2_05,2023-03-02 15:00:00,297.54,307.3,1561,39.15,27,No Failure,0
LOG_0002912,MCH_L3_03,2023-03-02 15:30:00,299.65,308.7,1481,49.15,233,No Failure,0
LOG_0002913,MCH_L2_05,2023-03-02 16:00:00,304.9,312.86,1849,38.97,30,No Failure,0
LOG_0002914,MCH_L2_03,2023-03-02 16:30:00,302.1,313.6,1446,47.47,51,No Failure,0
LOG_0002915,MCH_L1_04,2023-03-02 17:00:00,298.86,310.1,1379,41.45,136,No Failure,0
LOG_0002916,MCH_L1_04,2023-03-02 17:30:00,299.07,310.12,1508,42.1,90,No Failure,0
LOG_0002917,MCH_L1_04,2023-03-02 18:00:00,296.93,307.38,1461,42.69,203,No Failure,0
LOG_0002918,MCH_L2_01,2023-03-02 18:30:00,303.25,313.45,1294,38.31,7,No Failure,0
LOG_0002919,MCH_L2_02,2023-03-02 19:00:00,302.53,311.7,1600,53.29,107,No Failure,0
LOG_0002920,MCH_L2_01,2023-03-02 19:30:00,301.72,311.02,1618,49.14,232,No Failure,0
LOG_0002921,MCH_L1_01,2023-03-02 20:00:00,301.99,313.74,1602,39.49,85,No Failure,0
LOG_0002922,MCH_L3_02,2023-03-02 20:30:00,298.06,310.08,1538,41.45,17,No Failure,0
LOG_0002923,MCH_L2_03,2023-03-02 21:00:00,296.13,305.91,1483,44.09,119,Tool Wear,1
LOG_0002924,MCH_L3_03,2023-03-02 21:30:00,301.4,311.4,1520,46.89,221,No Failure,0
LOG_0002925,MCH_L2_05,2023-03-02 22:00:00,302.22,313.1,1485,53.71,48,No Failure,0
LOG_0002926,MCH_L3_05,2023-03-02 22:30:00,304.02,314.13,1423,47.71,10,No Failure,0
LOG_0002927,MCH_L3_01,2023-03-02 23:00:00,299.5,309.7,1684,38.52,116,No Failure,0
LOG_0002928,MCH_L3_03,2023-03-02 23:30:00,299.13,309.06,1651,33.05,129,No Failure,0
LOG_0002929,MCH_L2_02,2023-03-03 00:00:00,299.4,308.27,1579,48.43,156,No Failure,0
LOG_0002930,MCH_L2_01,2023-03-03 00:30:00,301.68,311.23,1448,42.46,182,No Failure,0
LOG_0002931,MCH_L2_01,2023-03-03 01:00:00,299.29,309.13,1570,31.65,52,No Failure,0
LOG_0002932,MCH_L1_05,2023-03-03 01:30:00,299.87,306.85,1471,47.25,153,No Failure,0
LOG_0002933,MCH_L2_01,2023-03-03 02:00:00,302.08,312.19,1466,52.89,178,No Failure,0
LOG_0002934,MCH_L3_02,2023-03-03 02:30:00,298.44,311.23,1498,40.06,205,No Failure,0
LOG_0002935,MCH_L2_04,2023-03-03 03:00:00,303.48,312.96,1552,53.32,91,No Failure,0
LOG_0002936,MCH_L2_05,2023-03-03 03:30:00,301.58,311.62,1451,46.51,226,Tool Wear,1
LOG_0002937,MCH_L2_04,2023-03-03 04:00:00,295.36,304.35,1483,30.15,5,No Failure,0
LOG_0002938,MCH_L3_05,2023-03-03 04:30:00,298.71,307.4,1658,43.59,99,No Failure,0
LOG_0002939,MCH_L2_05,2023-03-03 05:00:00,294.94,304.57,1299,24.95,11,No Failure,0
LOG_0002940,MCH_L2_03,2023-03-03 05:30:00,299.51,310.27,1622,43.01,161,No Failure,0
LOG_0002941,MCH_L2_05,2023-03-03 06:00:00,298.75,308.47,1484,31.29,120,No Failure,0
LOG_0002942,MCH_L2_04,2023-03-03 06:30:00,302.09,311.64,1444,41.63,197,No Failure,0
LOG_0002943,MCH_L3_03,2023-03-03 07:00:00,297.8,308.39,1463,45.76,126,No Failure,0
LOG_0002944,MCH_L2_05,2023-03-03 07:30:00,300.97,311.21,1501,35.0,191,No Failure,0
LOG_0002945,MCH_L2_03,2023-03-03 08:00:00,301.42,311.76,1611,54.37,36,No Failure,0
LOG_0002946,MCH_L2_03,2023-03-03 08:30:00,300.64,312.07,1521,32.17,124,No Failure,0
LOG_0002947,MCH_L1_01,2023-03-03 09:00:00,302.85,314.13,1440,21.82,164,No Failure,0
LOG_0002948,MCH_L2_05,2023-03-03 09:30:00,305.17,316.96,1582,39.75,7,No Failure,0
LOG_0002949,MCH_L3_01,2023-03-03 10:00:00,300.28,308.82,1488,51.6,164,No Failure,0
LOG_0002950,MCH_L1_05,2023-03-03 10:30:00,301.01,312.04,1563,39.82,119,No Failure,0
LOG_0002951,MCH_L1_04,2023-03-03 11:00:00,297.8,309.77,1532,34.96,231,No Failure,0
LOG_0002952,MCH_L1_02,2023-03-03 11:30:00,297.45,305.49,1372,25.99,224,No Failure,0
LOG_0002953,MCH_L2_03,2023-03-03 12:00:00,302.58,312.56,1568,35.14,115,No Failure,0
LOG_0002954,MCH_L1_03,2023-03-03 12:30:00,302.25,311.6,1302,30.29,232,No Failure,0
LOG_0002955,MCH_L1_04,2023-03-03 13:00:00,297.43,307.4,1487,42.07,173,No Failure,0
LOG_0002956,MCH_L3_02,2023-03-03 13:30:00,296.73,308.11,1378,42.79,30,No Failure,0
LOG_0002957,MCH_L2_02,2023-03-03 14:00:00,298.38,306.71,1263,31.93,225,No Failure,0
LOG_0002958,MCH_L2_05,2023-03-03 14:30:00,299.65,309.94,1529,37.23,138,No Failure,0
LOG_0002959,MCH_L2_04,2023-03-03 15:00:00,298.98,308.3,1599,52.29,163,No Failure,0
LOG_0002960,MCH_L1_02,2023-03-03 15:30:00,300.4,311.81,1496,36.38,195,No Failure,0
LOG_0002961,MCH_L1_03,2023-03-03 16:00:00,302.29,312.8,1654,36.16,144,No Failure,0
LOG_0002962,MCH_L1_04,2023-03-03 16:30:00,301.16,310.97,1500,41.59,15,No Failure,0
LOG_0002963,MCH_L2_05,2023-03-03 17:00:00,301.34,310.48,1521,28.02,29,Overstrain,1
LOG_0002964,MCH_L1_01,2023-03-03 17:30:00,293.87,307.06,1398,48.07,38,No Failure,0
LOG_0002965,MCH_L2_02,2023-03-03 18:00:00,295.97,306.31,1569,36.49,43,No Failure,0
LOG_0002966,MCH_L1_02,2023-03-03 18:30:00,298.01,306.31,1564,30.16,196,No Failure,0
LOG_0002967,MCH_L1_05,2023-03-03 19:00:00,298.42,307.45,1449,44.57,231,No Failure,0
LOG_0002968,MCH_L3_05,2023-03-03 19:30:00,302.1,312.6,1346,35.85,115,No Failure,0
LOG_0002969,MCH_L1_01,2023-03-03 20:00:00,297.8,306.92,1320,32.56,36,No Failure,0
LOG_0002970,MCH_L1_03,2023-03-03 20:30:00,301.67,310.94,1620,40.62,234,No Failure,0
LOG_0002971,MCH_L3_02,2023-03-03 21:00:00,298.04,309.22,1360,48.94,153,No Failure,0
LOG_0002972,MCH_L1_02,2023-03-03 21:30:00,297.0,308.08,1682,36.51,219,No Failure,0
LOG_0002973,MCH_L1_01,2023-03-03 22:00:00,297.11,306.42,1405,31.8,210,No Failure,0
LOG_0002974,MCH_L2_02,2023-03-03 22:30:00,305.65,317.06,1464,20.91,148,No Failure,0
LOG_0002975,MCH_L1_05,2023-03-03 23:00:00,297.98,307.13,1839,27.67,91,No Failure,0
LOG_0002976,MCH_L1_01,2023-03-03 23:30:00,301.73,313.76,1443,35.9,18,No Failure,0
LOG_0002977,MCH_L2_01,2023-03-04 00:00:00,296.1,306.75,1384,28.89,99,No Failure,0
LOG_0002978,MCH_L1_05,2023-03-04 00:30:00,303.55,313.9,1459,34.06,138,No Failure,0
LOG_0002979,MCH_L3_05,2023-03-04 01:00:00,300.87,310.41,1317,56.39,146,No Failure,0
LOG_0002980,MCH_L1_03,2023-03-04 01:30:00,300.68,309.95,1466,50.46,68,No Failure,0
LOG_0002981,MCH_L3_02,2023-03-04 02:00:00,301.03,308.24,1508,33.05,129,No Failure,0
LOG_0002982,MCH_L2_02,2023-03-04 02:30:00,301.31,310.96,1619,41.17,24,No Failure,0
LOG_0002983,MCH_L3_01,2023-03-04 03:00:00,302.02,312.01,1561,30.82,114,No Failure,0
LOG_0002984,MCH_L2_05,2023-03-04 03:30:00,298.5,306.31,1517,53.28,89,No Failure,0
LOG_0002985,MCH_L2_04,2023-03-04 04:00:00,298.36,309.35,1757,40.6,29,Overstrain,1
LOG_0002986,MCH_L3_04,2023-03-04 04:30:00,300.12,309.93,1572,48.93,16,No Failure,0
LOG_0002987,MCH_L3_03,2023-03-04 05:00:00,301.71,313.17,1672,33.31,84,No Failure,0
LOG_0002988,MCH_L3_03,2023-03-04 05:30:00,299.83,309.01,1606,53.61,211,No Failure,0
LOG_0002989,MCH_L2_04,2023-03-04 06:00:00,301.93,313.41,1667,36.26,145,No Failure,0
LOG_0002990,MCH_L3_04,2023-03-04 06:30:00,301.54,311.0,1637,24.99,110,No Failure,0
LOG_0002991,MCH_L2_04,2023-03-04 07:00:00,299.46,309.4,1600,38.53,207,No Failure,0
LOG_0002992,MCH_L1_02,2023-03-04 07:30:00,295.63,305.89,1573,34.16,91,No Failure,0
LOG_0002993,MCH_L1_03,2023-03-04 08:00:00,298.74,308.69,1678,48.54,75,No Failure,0
LOG_0002994,MCH_L2_02,2023-03-04 08:30:00,304.36,314.73,1429,34.73,39,No Failure,0
LOG_0002995,MCH_L1_05,2023-03-04 09:00:00,300.85,308.54,1411,44.57,133,No Failure,0
LOG_0002996,MCH_L1_02,2023-03-04 09:30:00,298.4,308.23,1308,34.2,87,No Failure,0
LOG_0002997,MCH_L1_03,2023-03-04 10:00:00,300.63,310.53,1562,32.81,170,No Failure,0
LOG_0002998,MCH_L2_05,2023-03-04 10:30:00,301.69,309.31,1639,40.01,197,No Failure,0
LOG_0002999,MCH_L2_01,2023-03-04 11:00:00,298.4,309.17,1375,44.52,144,No Failure,0
LOG_0003000,MCH_L3_03,2023-03-04 11:30:00,303.09,312.0,1413,26.74,169,No Failure,0
LOG_0003001,MCH_L2_02,2023-03-04 12:00:00,301.24,312.37,1672,47.84,146,No Failure,0
LOG_0003002,MCH_L2_04,2023-03-04 12:30:00,297.25,307.35,1583,47.97,110,No Failure,0
LOG_0003003,MCH_L1_01,2023-03-04 13:00:00,302.14,311.45,1578,37.41,239,No Failure,0
LOG_0003004,MCH_L3_01,2023-03-04 13:30:00,298.98,310.19,1549,38.38,54,No Failure,0
LOG_0003005,MCH_L2_02,2023-03-04 14:00:00,299.55,311.54,1474,17.49,91,No Failure,0
LOG_0003006,MCH_L2_03,2023-03-04 14:30:00,297.46,307.51,1313,55.32,156,No Failure,0
LOG_0003007,MCH_L3_02,2023-03-04 15:00:00,301.58,313.23,1571,37.27,112,No Failure,0
LOG_0003008,MCH_L3_04,2023-03-04 15:30:00,299.63,309.42,1755,49.21,181,No Failure,0
LOG_0003009,MCH_L1_03,2023-03-04 16:00:00,301.68,312.83,1535,34.86,198,No Failure,0
LOG_0003010,MCH_L1_04,2023-03-04 16:30:00,298.62,308.18,1362,40.02,210,Tool Wear,1
LOG_0003011,MCH_L2_05,2023-03-04 17:00:00,298.34,310.53,1475,44.45,7,No Failure,0
LOG_0003012,MCH_L2_01,2023-03-04 17:30:00,298.13,309.42,1614,36.1,7,No Failure,0
LOG_0003013,MCH_L2_05,2023-03-04 18:00:00,300.99,311.55,1628,26.7,68,No Failure,0
LOG_0003014,MCH_L2_02,2023-03-04 18:30:00,298.3,305.26,1686,38.93,42,No Failure,0
LOG_0003015,MCH_L3_03,2023-03-04 19:00:00,299.49,310.03,1627,27.98,97,No Failure,0
LOG_0003016,MCH_L3_04,2023-03-04 19:30:00,298.7,307.22,1260,32.67,49,No Failure,0
LOG_0003017,MCH_L1_04,2023-03-04 20:00:00,301.1,311.52,1527,34.64,212,No Failure,0
LOG_0003018,MCH_L2_03,2023-03-04 20:30:00,295.66,307.19,1326,40.67,3,Tool Wear,1
LOG_0003019,MCH_L1_05,2023-03-04 21:00:00,300.62,311.45,1576,34.53,107,No Failure,0
LOG_0003020,MCH_L1_01,2023-03-04 21:30:00,304.33,315.36,1587,29.64,35,No Failure,0
LOG_0003021,MCH_L1_04,2023-03-04 22:00:00,303.09,312.64,1401,41.6,132,No Failure,0
LOG_0003022,MCH_L1_03,2023-03-04 22:30:00,298.46,306.63,1463,45.54,214,No Failure,0
LOG_0003023,MCH_L2_04,2023-03-04 23:00:00,301.24,310.31,1422,28.22,18,No Failure,0
LOG_0003024,MCH_L2_03,2023-03-04 23:30:00,300.75,310.35,1598,40.16,169,No Failure,0
LOG_0003025,MCH_L1_01,2023-03-05 00:00:00,303.67,313.65,1490,46.4,109,No Failure,0
LOG_0003026,MCH_L3_01,2023-03-05 00:30:00,293.72,305.24,1422,40.86,142,No Failure,0
LOG_0003027,MCH_L2_01,2023-03-05 01:00:00,302.78,313.66,1594,29.71,185,No Failure,0
LOG_0003028,MCH_L2_04,2023-03-05 01:30:00,299.33,311.99,1573,42.04,13,No Failure,0
LOG_0003029,MCH_L2_02,2023-03-05 02:00:00,298.14,306.94,1598,40.0,47,No Failure,0
LOG_0003030,MCH_L1_04,2023-03-05 02:30:00,298.07,309.47,1315,41.29,71,No Failure,0
LOG_0003031,MCH_L3_03,2023-03-05 03:00:00,296.75,307.8,1430,40.32,200,No Failure,0
LOG_0003032,MCH_L1_01,2023-03-05 03:30:00,298.46,308.32,1581,22.84,103,No Failure,0
LOG_0003033,MCH_L3_02,2023-03-05 04:00:00,297.3,306.15,1300,38.53,74,Tool Wear,1
LOG_0003034,MCH_L1_02,2023-03-05 04:30:00,300.45,309.71,1303,48.08,107,No Failure,0
LOG_0003035,MCH_L3_02,2023-03-05 05:00:00,301.47,310.67,1411,52.22,109,No Failure,0
LOG_0003036,MCH_L1_05,2023-03-05 05:30:00,299.36,311.41,1592,48.45,81,No Failure,0
LOG_0003037,MCH_L3_02,2023-03-05 06:00:00,303.75,314.74,1501,40.22,62,No Failure,0
LOG_0003038,MCH_L3_01,2023-03-05 06:30:00,298.63,309.67,1560,45.88,54,No Failure,0
LOG_0003039,MCH_L1_05,2023-03-05 07:00:00,299.23,309.34,1381,44.62,31,No Failure,0
LOG_0003040,MCH_L2_03,2023-03-05 07:30:00,298.82,308.55,1380,38.03,235,No Failure,0
LOG_0003041,MCH_L2_01,2023-03-05 08:00:00,301.5,311.9,1667,49.77,163,No Failure,0
LOG_0003042,MCH_L2_03,2023-03-05 08:30:00,301.75,311.87,1550,34.5,108,No Failure,0
LOG_0003043,MCH_L1_02,2023-03-05 09:00:00,301.24,311.12,1371,39.08,84,No Failure,0
LOG_0003044,MCH_L1_03,2023-03-05 09:30:00,299.69,310.13,1262,47.67,218,No Failure,0
LOG_0003045,MCH_L2_01,2023-03-05 10:00:00,296.65,305.37,1331,32.21,111,No Failure,0
LOG_0003046,MCH_L3_02,2023-03-05 10:30:00,299.2,309.52,1373,28.65,105,No Failure,0
LOG_0003047,MCH_L3_03,2023-03-05 11:00:00,303.7,313.57,1347,31.75,212,No Failure,0
LOG_0003048,MCH_L2_05,2023-03-05 11:30:00,302.53,311.67,1495,43.78,202,No Failure,0
LOG_0003049,MCH_L1_03,2023-03-05 12:00:00,300.74,311.51,1580,58.99,56,No Failure,0
LOG_0003050,MCH_L2_01,2023-03-05 12:30:00,299.04,311.19,1489,50.18,43,No Failure,0
LOG_0003051,MCH_L2_01,2023-03-05 13:00:00,299.97,311.5,1445,46.65,161,No Failure,0
LOG_0003052,MCH_L1_02,2023-03-05 13:30:00,299.05,308.71,1541,53.31,178,No Failure,0
LOG_0003053,MCH_L2_02,2023-03-05 14:00:00,302.98,313.78,1459,42.46,196,No Failure,0
LOG_0003054,MCH_L3_02,2023-03-05 14:30:00,297.9,308.91,1294,34.75,91,No Failure,0
LOG_0003055,MCH_L1_02,2023-03-05 15:00:00,302.31,312.45,1524,39.48,137,Tool Wear,1
LOG_0003056,MCH_L2_01,2023-03-05 15:30:00,298.68,308.65,1547,37.73,111,No Failure,0
LOG_0003057,MCH_L1_01,2023-03-05 16:00:00,303.3,313.71,1644,31.81,139,Tool Wear,1
LOG_0003058,MCH_L1_03,2023-03-05 16:30:00,301.07,314.09,1610,38.23,168,Power Failure,1
LOG_0003059,MCH_L1_02,2023-03-05 17:00:00,298.13,308.44,1432,26.74,130,No Failure,0
LOG_0003060,MCH_L2_02,2023-03-05 17:30:00,299.23,307.71,1473,37.26,64,No Failure,0
LOG_0003061,MCH_L3_04,2023-03-05 18:00:00,301.78,310.52,1504,39.17,100,No Failure,0
LOG_0003062,MCH_L1_04,2023-03-05 18:30:00,298.75,308.54,1525,38.53,39,No Failure,0
LOG_0003063,MCH_L2_03,2023-03-05 19:00:00,300.06,308.56,1679,54.3,192,No Failure,0
LOG_0003064,MCH_L2_01,2023-03-05 19:30:00,298.72,308.56,1492,41.7,204,No Failure,0
LOG_0003065,MCH_L3_02,2023-03-05 20:00:00,304.4,317.07,1437,55.0,101,No Failure,0
LOG_0003066,MCH_L2_05,2023-03-05 20:30:00,304.83,314.22,1649,28.33,206,No Failure,0
LOG_0003067,MCH_L1_04,2023-03-05 21:00:00,303.66,312.36,1646,47.45,198,No Failure,0
LOG_0003068,MCH_L1_05,2023-03-05 21:30:00,299.69,309.44,1608,41.82,29,No Failure,0
LOG_0003069,MCH_L3_03,2023-03-05 22:00:00,298.99,308.87,1307,39.17,215,No Failure,0
LOG_0003070,MCH_L3_03,2023-03-05 22:30:00,298.05,306.86,1509,28.73,199,No Failure,0
LOG_0003071,MCH_L3_05,2023-03-05 23:00:00,303.84,312.35,1471,42.89,194,No Failure,0
LOG_0003072,MCH_L3_05,2023-03-05 23:30:00,302.33,313.96,1552,59.33,206,No Failure,0
LOG_0003073,MCH_L2_04,2023-03-06 00:00:00,302.45,313.05,1395,43.75,227,No Failure,0
LOG_0003074,MCH_L2_02,2023-03-06 00:30:00,299.38,308.8,1598,39.61,104,No Failure,0
LOG_0003075,MCH_L2_05,2023-03-06 01:00:00,295.61,304.22,1542,41.26,42,No Failure,0
LOG_0003076,MCH_L3_04,2023-03-06 01:30:00,296.18,305.56,1605,45.01,180,No Failure,0
LOG_0003077,MCH_L3_04,2023-03-06 02:00:00,300.14,308.67,1410,53.28,205,No Failure,0
LOG_0003078,MCH_L2_04,2023-03-06 02:30:00,298.69,307.99,1531,36.86,90,No Failure,0
LOG_0003079,MCH_L2_02,2023-03-06 03:00:00,298.41,310.89,1594,41.57,29,No Failure,0
LOG_0003080,MCH_L3_02,2023-03-06 03:30:00,300.86,311.15,1194,40.04,40,No Failure,0
LOG_0003081,MCH_L1_01,2023-03-06 04:00:00,302.53,311.79,1580,36.13,43,No Failure,0
LOG_0003082,MCH_L3_02,2023-03-06 04:30:00,298.25,309.07,1456,41.67,36,No Failure,0
LOG_0003083,MCH_L2_03,2023-03-06 05:00:00,296.74,305.62,1497,53.01,116,No Failure,0
LOG_0003084,MCH_L1_04,2023-03-06 05:30:00,298.31,307.82,1650,34.46,133,No Failure,0
LOG_0003085,MCH_L1_03,2023-03-06 06:00:00,297.39,305.16,1630,43.13,82,No Failure,0
LOG_0003086,MCH_L3_04,2023-03-06 06:30:00,301.48,313.01,1430,43.42,123,No Failure,0
LOG_0003087,MCH_L3_03,2023-03-06 07:00:00,299.99,309.75,1297,39.92,164,No Failure,0
LOG_0003088,MCH_L2_02,2023-03-06 07:30:00,304.7,313.72,1490,43.66,0,No Failure,0
LOG_0003089,MCH_L3_02,2023-03-06 08:00:00,301.84,312.62,1627,43.29,216,No Failure,0
LOG_0003090,MCH_L1_03,2023-03-06 08:30:00,304.53,313.27,1657,32.23,9,No Failure,0
LOG_0003091,MCH_L2_03,2023-03-06 09:00:00,296.49,305.31,1248,39.49,237,No Failure,0
LOG_0003092,MCH_L2_01,2023-03-06 09:30:00,291.87,301.42,1571,39.87,25,No Failure,0
LOG_0003093,MCH_L1_05,2023-03-06 10:00:00,300.61,309.17,1555,31.08,214,No Failure,0
LOG_0003094,MCH_L1_04,2023-03-06 10:30:00,300.31,309.53,1592,40.5,144,No Failure,0
LOG_0003095,MCH_L2_03,2023-03-06 11:00:00,299.69,309.45,1501,39.77,63,No Failure,0
LOG_0003096,MCH_L2_03,2023-03-06 11:30:00,300.24,310.11,1287,57.2,221,No Failure,0
LOG_0003097,MCH_L3_02,2023-03-06 12:00:00,297.19,305.6,1445,32.99,154,No Failure,0
LOG_0003098,MCH_L1_01,2023-03-06 12:30:00,301.41,311.12,1389,48.5,202,No Failure,0
LOG_0003099,MCH_L2_04,2023-03-06 13:00:00,301.84,312.54,1375,44.02,67,No Failure,0
LOG_0003100,MCH_L3_04,2023-03-06 13:30:00,297.0,307.9,1594,48.78,17,No Failure,0
LOG_0003101,MCH_L1_05,2023-03-06 14:00:00,299.12,308.52,1479,33.19,82,No Failure,0
LOG_0003102,MCH_L1_04,2023-03-06 14:30:00,299.27,309.04,1547,24.0,227,No Failure,0
LOG_0003103,MCH_L2_01,2023-03-06 15:00:00,298.32,308.02,1626,39.09,235,No Failure,0
LOG_0003104,MCH_L2_01,2023-03-06 15:30:00,297.1,305.43,1292,46.55,109,No Failure,0
LOG_0003105,MCH_L1_02,2023-03-06 16:00:00,300.03,309.38,1692,37.27,177,No Failure,0
LOG_0003106,MCH_L2_03,2023-03-06 16:30:00,300.65,311.61,1714,38.75,89,No Failure,0
LOG_0003107,MCH_L2_02,2023-03-06 17:00:00,298.47,309.44,1286,56.79,192,No Failure,0
LOG_0003108,MCH_L1_01,2023-03-06 17:30:00,297.27,307.76,1583,33.82,19,No Failure,0
LOG_0003109,MCH_L1_05,2023-03-06 18:00:00,301.03,307.84,1738,47.87,120,No Failure,0
LOG_0003110,MCH_L3_02,2023-03-06 18:30:00,298.08,307.14,1332,31.66,61,No Failure,0
LOG_0003111,MCH_L2_01,2023-03-06 19:00:00,299.23,309.79,1359,49.78,74,No Failure,0
LOG_0003112,MCH_L1_04,2023-03-06 19:30:00,298.91,310.96,1597,39.41,186,No Failure,0
LOG_0003113,MCH_L1_02,2023-03-06 20:00:00,303.11,313.09,1555,44.15,24,No Failure,0
LOG_0003114,MCH_L3_03,2023-03-06 20:30:00,298.2,308.32,1526,34.54,123,No Failure,0
LOG_0003115,MCH_L3_04,2023-03-06 21:00:00,304.31,314.17,1469,40.8,82,No Failure,0
LOG_0003116,MCH_L1_04,2023-03-06 21:30:00,301.88,310.31,1518,41.43,95,No Failure,0
LOG_0003117,MCH_L1_01,2023-03-06 22:00:00,304.55,314.97,1198,27.98,64,No Failure,0
LOG_0003118,MCH_L2_02,2023-03-06 22:30:00,301.66,309.83,1356,35.81,192,No Failure,0
LOG_0003119,MCH_L1_02,2023-03-06 23:00:00,299.45,309.35,1486,42.27,66,No Failure,0
LOG_0003120,MCH_L3_03,2023-03-06 23:30:00,297.71,307.82,1246,33.59,57,Heat Dissipation,1
LOG_0003121,MCH_L1_02,2023-03-07 00:00:00,299.11,309.17,1483,41.49,237,No Failure,0
LOG_0003122,MCH_L2_04,2023-03-07 00:30:00,303.72,312.16,1497,38.43,39,No Failure,0
LOG_0003123,MCH_L1_05,2023-03-07 01:00:00,299.88,309.03,1411,45.05,223,Power Failure,1
LOG_0003124,MCH_L1_02,2023-03-07 01:30:00,301.65,312.48,1418,38.57,174,No Failure,0
LOG_0003125,MCH_L3_01,2023-03-07 02:00:00,300.52,310.61,1374,60.24,99,No Failure,0
LOG_0003126,MCH_L2_04,2023-03-07 02:30:00,300.62,309.78,1441,23.26,170,No Failure,0
LOG_0003127,MCH_L2_04,2023-03-07 03:00:00,300.72,309.43,1543,33.26,135,No Failure,0
LOG_0003128,MCH_L1_01,2023-03-07 03:30:00,301.24,312.2,1551,45.76,221,No Failure,0
LOG_0003129,MCH_L3_01,2023-03-07 04:00:00,297.96,308.0,1622,41.58,102,No Failure,0
LOG_0003130,MCH_L1_03,2023-03-07 04:30:00,299.31,307.95,1481,43.71,61,No Failure,0
LOG_0003131,MCH_L1_04,2023-03-07 05:00:00,300.77,310.54,1554,12.74,161,No Failure,0
LOG_0003132,MCH_L3_04,2023-03-07 05:30:00,300.41,309.44,1325,38.45,7,No Failure,0
LOG_0003133,MCH_L2_02,2023-03-07 06:00:00,298.85,309.21,1524,40.05,24,No Failure,0
LOG_0003134,MCH_L2_05,2023-03-07 06:30:00,301.04,312.54,1473,45.17,153,No Failure,0
LOG_0003135,MCH_L1_04,2023-03-07 07:00:00,298.07,306.77,1559,43.02,218,No Failure,0
LOG_0003136,MCH_L1_02,2023-03-07 07:30:00,296.94,307.13,1466,40.11,181,No Failure,0
LOG_0003137,MCH_L2_02,2023-03-07 08:00:00,300.74,310.91,1454,39.13,210,No Failure,0
LOG_0003138,MCH_L2_01,2023-03-07 08:30:00,297.0,304.43,1401,29.29,214,No Failure,0
LOG_0003139,MCH_L1_03,2023-03-07 09:00:00,300.7,311.7,1620,42.93,168,No Failure,0
LOG_0003140,MCH_L2_01,2023-03-07 09:30:00,295.11,307.63,1426,38.95,79,No Failure,0
LOG_0003141,MCH_L3_01,2023-03-07 10:00:00,298.19,308.36,1723,36.33,71,No Failure,0
LOG_0003142,MCH_L3_05,2023-03-07 10:30:00,299.18,310.81,1342,39.89,62,No Failure,0
LOG_0003143,MCH_L2_01,2023-03-07 11:00:00,295.98,304.47,1640,36.94,221,No Failure,0
LOG_0003144,MCH_L3_02,2023-03-07 11:30:00,299.07,308.21,1238,27.7,199,No Failure,0
LOG_0003145,MCH_L1_05,2023-03-07 12:00:00,302.96,313.05,1479,45.58,74,No Failure,0
LOG_0003146,MCH_L1_04,2023-03-07 12:30:00,296.82,305.8,1429,55.91,6,No Failure,0
LOG_0003147,MCH_L2_05,2023-03-07 13:00:00,299.14,309.19,1552,42.36,212,No Failure,0
LOG_0003148,MCH_L3_02,2023-03-07 13:30:00,304.26,315.46,1598,42.51,97,No Failure,0
LOG_0003149,MCH_L3_05,2023-03-07 14:00:00,297.35,306.29,1732,52.75,84,No Failure,0
LOG_0003150,MCH_L1_01,2023-03-07 14:30:00,303.49,314.75,1436,56.18,68,No Failure,0
LOG_0003151,MCH_L2_05,2023-03-07 15:00:00,299.3,306.99,1411,38.51,49,No Failure,0
LOG_0003152,MCH_L2_01,2023-03-07 15:30:00,300.25,309.57,1605,33.86,170,No Failure,0
LOG_0003153,MCH_L1_02,2023-03-07 16:00:00,303.23,312.99,1483,43.71,121,No Failure,0
LOG_0003154,MCH_L3_03,2023-03-07 16:30:00,298.79,307.68,1423,41.34,16,No Failure,0
LOG_0003155,MCH_L1_03,2023-03-07 17:00:00,301.58,310.91,1446,48.21,148,No Failure,0
LOG_0003156,MCH_L3_04,2023-03-07 17:30:00,302.21,313.89,1414,40.03,5,No Failure,0
LOG_0003157,MCH_L2_03,2023-03-07 18:00:00,298.37,309.86,1299,40.65,108,No Failure,0
LOG_0003158,MCH_L2_05,2023-03-07 18:30:00,298.1,308.96,1687,31.84,198,No Failure,0
LOG_0003159,MCH_L3_04,2023-03-07 19:00:00,299.43,310.68,1558,48.68,74,No Failure,0
LOG_0003160,MCH_L3_04,2023-03-07 19:30:00,299.51,308.77,1306,34.6,81,No Failure,0
LOG_0003161,MCH_L2_01,2023-03-07 20:00:00,297.3,305.83,1679,29.86,37,No Failure,0
LOG_0003162,MCH_L1_03,2023-03-07 20:30:00,298.4,307.43,1521,17.45,62,No Failure,0
LOG_0003163,MCH_L2_02,2023-03-07 21:00:00,291.33,300.54,1474,39.14,127,No Failure,0
LOG_0003164,MCH_L1_04,2023-03-07 21:30:00,299.16,308.43,1563,33.96,139,No Failure,0
LOG_0003165,MCH_L3_04,2023-03-07 22:00:00,302.24,312.87,1447,38.01,149,No Failure,0
LOG_0003166,MCH_L2_04,2023-03-07 22:30:00,295.83,306.22,1342,35.85,2,Heat Dissipation,1
LOG_0003167,MCH_L3_05,2023-03-07 23:00:00,298.84,308.63,1435,36.89,146,No Failure,0
LOG_0003168,MCH_L1_05,2023-03-07 23:30:00,306.11,315.97,1491,33.0,170,No Failure,0
LOG_0003169,MCH_L1_03,2023-03-08 00:00:00,299.94,311.25,1392,33.64,86,No Failure,0
LOG_0003170,MCH_L1_02,2023-03-08 00:30:00,303.39,311.84,1561,31.93,225,No Failure,0
LOG_0003171,MCH_L3_01,2023-03-08 01:00:00,297.47,308.42,1653,38.33,194,No Failure,0
LOG_0003172,MCH_L1_02,2023-03-08 01:30:00,301.12,308.59,1456,30.27,214,No Failure,0
LOG_0003173,MCH_L1_03,2023-03-08 02:00:00,297.04,306.36,1225,50.69,120,No Failure,0
LOG_0003174,MCH_L1_02,2023-03-08 02:30:00,301.0,312.81,1480,39.92,132,No Failure,0
LOG_0003175,MCH_L3_04,2023-03-08 03:00:00,302.11,312.47,1397,26.95,28,No Failure,0
LOG_0003176,MCH_L1_04,2023-03-08 03:30:00,301.51,310.95,1474,41.87,97,No Failure,0
LOG_0003177,MCH_L1_02,2023-03-08 04:00:00,299.14,310.24,1472,32.37,107,No Failure,0
LOG_0003178,MCH_L2_05,2023-03-08 04:30:00,300.69,311.4,1396,48.88,132,No Failure,0
LOG_0003179,MCH_L2_04,2023-03-08 05:00:00,300.71,311.38,1335,34.79,220,No Failure,0
LOG_0003180,MCH_L1_02,2023-03-08 05:30:00,301.66,311.42,1501,51.84,172,No Failure,0
LOG_0003181,MCH_L2_04,2023-03-08 06:00:00,299.69,310.84,1407,48.5,181,No Failure,0
LOG_0003182,MCH_L3_03,2023-03-08 06:30:00,302.33,311.56,1709,70.94,151,No Failure,0
LOG_0003183,MCH_L2_01,2023-03-08 07:00:00,303.59,312.76,1529,40.83,102,Overstrain,1
LOG_0003184,MCH_L1_01,2023-03-08 07:30:00,299.21,311.46,1411,45.86,148,No Failure,0
LOG_0003185,MCH_L1_04,2023-03-08 08:00:00,300.12,309.52,1443,40.11,31,No Failure,0
LOG_0003186,MCH_L3_05,2023-03-08 08:30:00,297.74,305.3,1481,40.72,234,No Failure,0
LOG_0003187,MCH_L3_04,2023-03-08 09:00:00,300.85,312.12,1511,50.48,132,No Failure,0
LOG_0003188,MCH_L1_01,2023-03-08 09:30:00,300.87,312.5,1573,46.57,189,No Failure,0
LOG_0003189,MCH_L3_04,2023-03-08 10:00:00,300.14,309.86,1637,39.22,145,No Failure,0
LOG_0003190,MCH_L2_01,2023-03-08 10:30:00,300.33,307.82,1491,51.23,229,No Failure,0
LOG_0003191,MCH_L3_04,2023-03-08 11:00:00,304.8,314.73,1554,48.51,34,No Failure,0
LOG_0003192,MCH_L3_03,2023-03-08 11:30:00,292.78,305.27,1551,53.23,101,No Failure,0
LOG_0003193,MCH_L1_04,2023-03-08 12:00:00,298.76,309.0,1511,50.37,79,No Failure,0
LOG_0003194,MCH_L1_03,2023-03-08 12:30:00,299.14,310.06,1475,37.0,98,No Failure,0
LOG_0003195,MCH_L1_03,2023-03-08 13:00:00,303.64,314.63,1516,36.09,87,No Failure,0
LOG_0003196,MCH_L2_04,2023-03-08 13:30:00,301.19,312.36,1421,36.38,227,Heat Dissipation,1
LOG_0003197,MCH_L2_01,2023-03-08 14:00:00,301.25,313.49,1363,46.64,132,Tool Wear,1
LOG_0003198,MCH_L2_04,2023-03-08 14:30:00,303.15,314.45,1673,51.41,8,No Failure,0
LOG_0003199,MCH_L3_03,2023-03-08 15:00:00,299.55,309.45,1525,49.0,131,No Failure,0
LOG_0003200,MCH_L1_05,2023-03-08 15:30:00,301.63,310.29,1532,27.86,32,Heat Dissipation,1
LOG_0003201,MCH_L1_02,2023-03-08 16:00:00,298.67,309.19,1474,33.93,90,No Failure,0
LOG_0003202,MCH_L2_03,2023-03-08 16:30:00,297.37,307.14,1559,45.81,149,No Failure,0
LOG_0003203,MCH_L1_05,2023-03-08 17:00:00,304.49,315.35,1478,50.45,186,No Failure,0
LOG_0003204,MCH_L1_02,2023-03-08 17:30:00,300.92,309.88,1317,42.62,10,No Failure,0
LOG_0003205,MCH_L1_04,2023-03-08 18:00:00,301.61,311.25,1435,52.99,68,No Failure,0
LOG_0003206,MCH_L2_04,2023-03-08 18:30:00,297.3,307.31,1571,23.93,137,No Failure,0
LOG_0003207,MCH_L3_05,2023-03-08 19:00:00,301.28,310.15,1428,38.22,130,No Failure,0
LOG_0003208,MCH_L1_04,2023-03-08 19:30:00,304.45,314.5,1280,52.05,142,No Failure,0
LOG_0003209,MCH_L3_03,2023-03-08 20:00:00,299.31,310.25,1464,42.88,122,No Failure,0
LOG_0003210,MCH_L3_02,2023-03-08 20:30:00,296.86,309.15,1292,33.16,109,No Failure,0
LOG_0003211,MCH_L3_02,2023-03-08 21:00:00,300.46,309.58,1462,46.71,164,No Failure,0
LOG_0003212,MCH_L3_02,2023-03-08 21:30:00,297.41,308.5,1642,41.17,167,Heat Dissipation,1
LOG_0003213,MCH_L3_03,2023-03-08 22:00:00,296.11,303.74,1347,36.07,16,No Failure,0
LOG_0003214,MCH_L3_05,2023-03-08 22:30:00,298.16,308.15,1577,26.64,147,No Failure,0
LOG_0003215,MCH_L3_04,2023-03-08 23:00:00,298.77,308.85,1705,45.92,131,No Failure,0
LOG_0003216,MCH_L1_04,2023-03-08 23:30:00,297.53,308.51,1652,30.76,225,No Failure,0
LOG_0003217,MCH_L1_02,2023-03-09 00:00:00,303.32,312.7,1472,58.21,161,No Failure,0
LOG_0003218,MCH_L3_03,2023-03-09 00:30:00,304.72,315.01,1390,24.85,94,Overstrain,1
LOG_0003219,MCH_L3_02,2023-03-09 01:00:00,301.55,312.88,1520,40.47,161,No Failure,0
LOG_0003220,MCH_L3_05,2023-03-09 01:30:00,300.96,309.61,1522,46.39,66,No Failure,0
LOG_0003221,MCH_L2_01,2023-03-09 02:00:00,299.64,307.29,1610,31.36,27,No Failure,0
LOG_0003222,MCH_L3_03,2023-03-09 02:30:00,297.76,309.06,1506,33.97,104,Heat Dissipation,1
LOG_0003223,MCH_L3_01,2023-03-09 03:00:00,304.01,312.81,1548,47.23,228,No Failure,0
LOG_0003224,MCH_L3_04,2023-03-09 03:30:00,299.84,310.39,1390,31.92,115,No Failure,0
LOG_0003225,MCH_L1_02,2023-03-09 04:00:00,298.84,311.18,1588,56.33,220,No Failure,0
LOG_0003226,MCH_L3_02,2023-03-09 04:30:00,302.54,313.54,1346,40.47,206,No Failure,0
LOG_0003227,MCH_L2_02,2023-03-09 05:00:00,299.82,308.65,1424,36.43,163,No Failure,0
LOG_0003228,MCH_L1_03,2023-03-09 05:30:00,302.44,310.69,1572,53.79,162,No Failure,0
LOG_0003229,MCH_L3_05,2023-03-09 06:00:00,298.98,308.05,1654,31.0,168,No Failure,0
LOG_0003230,MCH_L1_03,2023-03-09 06:30:00,302.54,312.75,1582,54.7,58,No Failure,0
LOG_0003231,MCH_L1_05,2023-03-09 07:00:00,302.45,312.15,1496,31.65,73,No Failure,0
LOG_0003232,MCH_L1_03,2023-03-09 07:30:00,303.31,314.94,1497,50.71,144,No Failure,0
LOG_0003233,MCH_L1_02,2023-03-09 08:00:00,298.23,309.03,1391,55.85,29,No Failure,0
LOG_0003234,MCH_L2_05,2023-03-09 08:30:00,299.79,308.91,1455,39.12,181,No Failure,0
LOG_0003235,MCH_L2_04,2023-03-09 09:00:00,304.87,315.89,1270,39.09,51,No Failure,0
LOG_0003236,MCH_L1_02,2023-03-09 09:30:00,299.38,311.19,1699,37.58,199,No Failure,0
LOG_0003237,MCH_L3_04,2023-03-09 10:00:00,302.03,311.65,1765,33.35,150,No Failure,0
LOG_0003238,MCH_L3_01,2023-03-09 10:30:00,305.73,316.31,1266,40.72,18,No Failure,0
LOG_0003239,MCH_L1_02,2023-03-09 11:00:00,295.38,304.33,1327,47.71,36,No Failure,0
LOG_0003240,MCH_L3_03,2023-03-09 11:30:00,299.3,309.13,1663,45.0,186,No Failure,0
LOG_0003241,MCH_L3_05,2023-03-09 12:00:00,300.0,308.93,1405,44.32,106,No Failure,0
LOG_0003242,MCH_L2_03,2023-03-09 12:30:00,295.5,306.99,1666,33.77,35,Tool Wear,1
LOG_0003243,MCH_L3_05,2023-03-09 13:00:00,298.86,308.26,1590,30.84,67,No Failure,0
LOG_0003244,MCH_L2_04,2023-03-09 13:30:00,297.57,308.1,1461,55.03,153,No Failure,0
LOG_0003245,MCH_L2_02,2023-03-09 14:00:00,302.14,312.9,1613,28.65,238,No Failure,0
LOG_0003246,MCH_L1_03,2023-03-09 14:30:00,295.67,309.4,1495,38.71,103,No Failure,0
LOG_0003247,MCH_L2_04,2023-03-09 15:00:00,304.72,314.4,1493,46.39,120,No Failure,0
LOG_0003248,MCH_L1_03,2023-03-09 15:30:00,301.72,310.79,1563,52.93,154,No Failure,0
LOG_0003249,MCH_L1_05,2023-03-09 16:00:00,297.37,307.28,1595,40.18,204,No Failure,0
LOG_0003250,MCH_L2_04,2023-03-09 16:30:00,302.57,311.55,1620,42.33,189,No Failure,0
LOG_0003251,MCH_L3_02,2023-03-09 17:00:00,301.49,310.91,1782,35.98,189,No Failure,0
LOG_0003252,MCH_L3_04,2023-03-09 17:30:00,299.9,310.77,1543,54.71,179,No Failure,0
LOG_0003253,MCH_L3_04,2023-03-09 18:00:00,298.2,307.39,1655,51.66,43,No Failure,0
LOG_0003254,MCH_L1_03,2023-03-09 18:30:00,301.37,312.04,1651,31.5,225,No Failure,0
LOG_0003255,MCH_L2_02,2023-03-09 19:00:00,300.31,311.03,1582,45.58,32,No Failure,0
LOG_0003256,MCH_L3_02,2023-03-09 19:30:00,298.28,308.58,1436,39.01,109,No Failure,0
LOG_0003257,MCH_L1_01,2023-03-09 20:00:00,296.64,307.44,1631,42.66,89,No Failure,0
LOG_0003258,MCH_L1_04,2023-03-09 20:30:00,297.87,307.52,1553,33.19,211,No Failure,0
LOG_0003259,MCH_L1_04,2023-03-09 21:00:00,298.74,306.34,1345,23.39,62,No Failure,0
LOG_0003260,MCH_L2_02,2023-03-09 21:30:00,302.91,312.98,1621,30.58,71,No Failure,0
LOG_0003261,MCH_L2_03,2023-03-09 22:00:00,302.15,312.24,1304,35.28,79,Overstrain,1
LOG_0003262,MCH_L1_01,2023-03-09 22:30:00,298.87,308.43,1577,35.76,196,No Failure,0
LOG_0003263,MCH_L1_05,2023-03-09 23:00:00,298.97,309.75,1433,20.08,33,No Failure,0
LOG_0003264,MCH_L2_02,2023-03-09 23:30:00,302.48,313.4,1519,42.65,110,No Failure,0
LOG_0003265,MCH_L3_02,2023-03-10 00:00:00,300.67,310.93,1332,28.02,26,No Failure,0
LOG_0003266,MCH_L1_04,2023-03-10 00:30:00,300.63,310.75,1413,39.67,163,No Failure,0
LOG_0003267,MCH_L3_03,2023-03-10 01:00:00,298.24,309.7,1437,29.94,131,No Failure,0
LOG_0003268,MCH_L1_04,2023-03-10 01:30:00,299.69,308.4,1481,24.79,105,No Failure,0
LOG_0003269,MCH_L1_04,2023-03-10 02:00:00,300.01,309.61,1428,39.58,52,No Failure,0
LOG_0003270,MCH_L3_02,2023-03-10 02:30:00,299.77,310.97,1541,38.3,198,No Failure,0
LOG_0003271,MCH_L2_01,2023-03-10 03:00:00,301.84,312.48,1557,40.8,36,No Failure,0
LOG_0003272,MCH_L2_02,2023-03-10 03:30:00,301.91,311.63,1446,53.57,99,No Failure,0
LOG_0003273,MCH_L1_02,2023-03-10 04:00:00,297.7,308.17,1504,46.03,215,No Failure,0
LOG_0003274,MCH_L3_05,2023-03-10 04:30:00,298.75,308.09,1563,56.75,78,No Failure,0
LOG_0003275,MCH_L1_05,2023-03-10 05:00:00,298.28,308.47,1230,37.39,177,No Failure,0
LOG_0003276,MCH_L1_04,2023-03-10 05:30:00,303.47,314.3,1553,33.87,112,No Failure,0
LOG_0003277,MCH_L3_05,2023-03-10 06:00:00,305.63,317.18,1422,43.9,69,No Failure,0
LOG_0003278,MCH_L3_04,2023-03-10 06:30:00,298.84,309.63,1180,55.8,153,No Failure,0
LOG_0003279,MCH_L3_03,2023-03-10 07:00:00,299.58,311.22,1452,30.49,89,No Failure,0
LOG_0003280,MCH_L1_03,2023-03-10 07:30:00,302.11,310.38,1379,51.9,119,No Failure,0
LOG_0003281,MCH_L2_02,2023-03-10 08:00:00,298.23,305.57,1443,44.04,24,No Failure,0
LOG_0003282,MCH_L3_01,2023-03-10 08:30:00,302.16,309.54,1556,36.25,160,No Failure,0
LOG_0003283,MCH_L3_02,2023-03-10 09:00:00,299.95,311.29,1602,52.78,194,No Failure,0
LOG_0003284,MCH_L2_01,2023-03-10 09:30:00,295.64,306.36,1654,29.8,200,No Failure,0
LOG_0003285,MCH_L3_04,2023-03-10 10:00:00,296.75,305.89,1662,45.67,164,No Failure,0
LOG_0003286,MCH_L2_02,2023-03-10 10:30:00,299.16,308.7,1375,38.42,165,No Failure,0
LOG_0003287,MCH_L1_05,2023-03-10 11:00:00,303.06,313.46,1645,49.5,221,No Failure,0
LOG_0003288,MCH_L3_03,2023-03-10 11:30:00,297.77,306.9,1353,42.85,26,No Failure,0
LOG_0003289,MCH_L2_01,2023-03-10 12:00:00,298.66,307.68,1626,49.33,12,Power Failure,1
LOG_0003290,MCH_L1_05,2023-03-10 12:30:00,300.53,309.74,1568,40.41,150,No Failure,0
LOG_0003291,MCH_L3_04,2023-03-10 13:00:00,295.83,304.94,1520,36.3,194,Heat Dissipation,1
LOG_0003292,MCH_L2_02,2023-03-10 13:30:00,300.75,310.8,1393,39.31,86,No Failure,0
LOG_0003293,MCH_L1_02,2023-03-10 14:00:00,296.14,308.14,1643,41.56,98,No Failure,0
LOG_0003294,MCH_L3_04,2023-03-10 14:30:00,301.42,310.21,1379,42.99,87,No Failure,0
LOG_0003295,MCH_L3_01,2023-03-10 15:00:00,297.98,307.89,1497,45.8,182,No Failure,0
LOG_0003296,MCH_L1_05,2023-03-10 15:30:00,297.64,308.19,1508,40.14,164,No Failure,0
LOG_0003297,MCH_L2_01,2023-03-10 16:00:00,300.68,311.32,1296,45.78,139,No Failure,0
LOG_0003298,MCH_L2_01,2023-03-10 16:30:00,301.98,311.37,1517,58.86,53,No Failure,0
LOG_0003299,MCH_L3_05,2023-03-10 17:00:00,300.94,311.68,1368,33.85,19,No Failure,0
LOG_0003300,MCH_L1_05,2023-03-10 17:30:00,300.52,311.02,1672,48.54,145,No Failure,0
LOG_0003301,MCH_L2_05,2023-03-10 18:00:00,300.55,310.01,1824,34.21,6,Tool Wear,1
LOG_0003302,MCH_L2_02,2023-03-10 18:30:00,300.96,309.34,1411,31.98,89,No Failure,0
LOG_0003303,MCH_L2_05,2023-03-10 19:00:00,301.12,309.75,1452,52.2,203,No Failure,0
LOG_0003304,MCH_L2_03,2023-03-10 19:30:00,299.01,309.91,1519,32.34,225,No Failure,0
LOG_0003305,MCH_L2_02,2023-03-10 20:00:00,301.64,313.35,1252,39.79,239,No Failure,0
LOG_0003306,MCH_L1_05,2023-03-10 20:30:00,298.0,308.0,1697,33.2,223,No Failure,0
LOG_0003307,MCH_L1_01,2023-03-10 21:00:00,302.73,314.41,1461,60.55,93,No Failure,0
LOG_0003308,MCH_L3_03,2023-03-10 21:30:00,301.96,311.9,1452,39.76,129,No Failure,0
LOG_0003309,MCH_L1_05,2023-03-10 22:00:00,305.45,314.08,1582,30.64,53,No Failure,0
LOG_0003310,MCH_L2_05,2023-03-10 22:30:00,301.28,311.03,1510,32.62,7,No Failure,0
LOG_0003311,MCH_L1_02,2023-03-10 23:00:00,302.27,314.06,1519,58.03,160,No Failure,0
LOG_0003312,MCH_L3_03,2023-03-10 23:30:00,296.1,305.38,1601,38.18,173,No Failure,0
LOG_0003313,MCH_L1_05,2023-03-11 00:00:00,302.35,312.19,1484,39.31,169,No Failure,0
LOG_0003314,MCH_L1_05,2023-03-11 00:30:00,302.94,314.36,1365,52.62,118,No Failure,0
LOG_0003315,MCH_L1_02,2023-03-11 01:00:00,303.76,315.1,1646,50.82,127,No Failure,0
LOG_0003316,MCH_L1_05,2023-03-11 01:30:00,300.3,310.67,1429,32.53,221,No Failure,0
LOG_0003317,MCH_L3_03,2023-03-11 02:00:00,299.15,309.79,1436,33.24,62,No Failure,0
LOG_0003318,MCH_L1_04,2023-03-11 02:30:00,297.28,308.56,1527,35.3,116,No Failure,0
LOG_0003319,MCH_L1_01,2023-03-11 03:00:00,297.5,307.87,1343,37.22,108,No Failure,0
LOG_0003320,MCH_L1_03,2023-03-11 03:30:00,299.94,311.48,1528,47.07,233,Tool Wear,1
LOG_0003321,MCH_L1_01,2023-03-11 04:00:00,295.62,306.43,1613,39.26,236,No Failure,0
LOG_0003322,MCH_L3_02,2023-03-11 04:30:00,298.08,307.9,1689,37.4,219,No Failure,0
LOG_0003323,MCH_L3_01,2023-03-11 05:00:00,300.22,310.74,1588,40.04,204,No Failure,0
LOG_0003324,MCH_L3_05,2023-03-11 05:30:00,300.17,309.71,1628,35.19,87,No Failure,0
LOG_0003325,MCH_L1_05,2023-03-11 06:00:00,297.58,306.42,1423,53.22,160,No Failure,0
LOG_0003326,MCH_L1_04,2023-03-11 06:30:00,296.92,305.55,1599,34.08,68,No Failure,0
LOG_0003327,MCH_L2_02,2023-03-11 07:00:00,297.29,307.04,1477,40.23,123,No Failure,0
LOG_0003328,MCH_L1_05,2023-03-11 07:30:00,299.45,309.83,1639,45.25,239,No Failure,0
LOG_0003329,MCH_L2_05,2023-03-11 08:00:00,305.32,317.48,1512,45.74,197,Tool Wear,1
LOG_0003330,MCH_L3_04,2023-03-11 08:30:00,302.65,313.15,1629,36.69,3,No Failure,0
LOG_0003331,MCH_L1_04,2023-03-11 09:00:00,300.54,310.77,1519,49.32,105,No Failure,0
LOG_0003332,MCH_L1_02,2023-03-11 09:30:00,301.38,311.26,1407,58.22,106,No Failure,0
LOG_0003333,MCH_L1_04,2023-03-11 10:00:00,302.54,312.11,1504,55.32,185,No Failure,0
LOG_0003334,MCH_L3_02,2023-03-11 10:30:00,301.69,311.85,1460,18.92,225,No Failure,0
LOG_0003335,MCH_L1_02,2023-03-11 11:00:00,299.23,308.9,1655,39.29,156,No Failure,0
LOG_0003336,MCH_L2_03,2023-03-11 11:30:00,297.89,307.5,1337,34.37,20,No Failure,0
LOG_0003337,MCH_L1_03,2023-03-11 12:00:00,299.69,310.67,1298,44.73,153,No Failure,0
LOG_0003338,MCH_L2_04,2023-03-11 12:30:00,302.51,311.42,1535,48.94,223,No Failure,0
LOG_0003339,MCH_L3_03,2023-03-11 13:00:00,299.32,309.02,1461,30.23,85,No Failure,0
LOG_0003340,MCH_L1_04,2023-03-11 13:30:00,297.24,306.41,1362,47.38,40,No Failure,0
LOG_0003341,MCH_L3_03,2023-03-11 14:00:00,295.69,305.83,1495,39.77,77,No Failure,0
LOG_0003342,MCH_L2_01,2023-03-11 14:30:00,299.7,310.72,1531,37.77,161,No Failure,0
LOG_0003343,MCH_L2_05,2023-03-11 15:00:00,297.44,307.86,1647,44.49,228,No Failure,0
LOG_0003344,MCH_L1_05,2023-03-11 15:30:00,298.91,308.64,1277,38.77,171,No Failure,0
LOG_0003345,MCH_L2_05,2023-03-11 16:00:00,303.64,314.77,1522,49.63,128,No Failure,0
LOG_0003346,MCH_L3_03,2023-03-11 16:30:00,299.87,310.93,1696,36.65,159,No Failure,0
LOG_0003347,MCH_L1_01,2023-03-11 17:00:00,298.12,308.17,1691,51.33,159,No Failure,0
LOG_0003348,MCH_L2_04,2023-03-11 17:30:00,300.77,312.68,1511,39.82,50,Power Failure,1
LOG_0003349,MCH_L1_01,2023-03-11 18:00:00,304.8,315.3,1429,19.79,117,No Failure,0
LOG_0003350,MCH_L2_03,2023-03-11 18:30:00,299.7,310.17,1467,33.17,23,No Failure,0
LOG_0003351,MCH_L2_04,2023-03-11 19:00:00,294.11,302.67,1381,39.11,171,No Failure,0
LOG_0003352,MCH_L2_04,2023-03-11 19:30:00,301.63,309.61,1447,43.14,212,No Failure,0
LOG_0003353,MCH_L1_01,2023-03-11 20:00:00,300.87,310.95,1509,39.16,75,No Failure,0
LOG_0003354,MCH_L1_02,2023-03-11 20:30:00,300.23,311.43,1556,34.07,83,No Failure,0
LOG_0003355,MCH_L3_02,2023-03-11 21:00:00,299.45,309.84,1602,55.14,36,No Failure,0
LOG_0003356,MCH_L3_03,2023-03-11 21:30:00,297.98,309.12,1486,51.94,83,No Failure,0
LOG_0003357,MCH_L1_01,2023-03-11 22:00:00,303.79,313.29,1477,29.74,65,No Failure,0
LOG_0003358,MCH_L2_05,2023-03-11 22:30:00,295.4,305.5,1605,32.84,13,No Failure,0
LOG_0003359,MCH_L1_02,2023-03-11 23:00:00,299.23,309.25,1458,42.71,144,No Failure,0
LOG_0003360,MCH_L2_05,2023-03-11 23:30:00,299.17,307.01,1583,38.71,87,No Failure,0
LOG_0003361,MCH_L3_02,2023-03-12 00:00:00,302.13,314.28,1301,16.74,221,No Failure,0
LOG_0003362,MCH_L2_03,2023-03-12 00:30:00,303.09,314.53,1556,33.89,14,No Failure,0
LOG_0003363,MCH_L1_05,2023-03-12 01:00:00,299.43,310.54,1753,46.23,60,No Failure,0
LOG_0003364,MCH_L3_02,2023-03-12 01:30:00,300.48,312.02,1388,40.95,176,No Failure,0
LOG_0003365,MCH_L3_01,2023-03-12 02:00:00,300.69,310.13,1671,32.09,97,No Failure,0
LOG_0003366,MCH_L2_02,2023-03-12 02:30:00,302.63,313.58,1583,35.25,116,No Failure,0
LOG_0003367,MCH_L1_02,2023-03-12 03:00:00,302.58,312.02,1604,38.1,135,No Failure,0
LOG_0003368,MCH_L2_03,2023-03-12 03:30:00,298.65,308.83,1580,61.77,233,No Failure,0
LOG_0003369,MCH_L3_01,2023-03-12 04:00:00,301.09,309.0,1423,40.31,2,No Failure,0
LOG_0003370,MCH_L2_01,2023-03-12 04:30:00,300.96,310.78,1343,33.85,74,No Failure,0
LOG_0003371,MCH_L2_03,2023-03-12 05:00:00,299.71,307.87,1556,55.33,154,Tool Wear,1
LOG_0003372,MCH_L1_01,2023-03-12 05:30:00,300.93,309.43,1485,44.93,136,No Failure,0
LOG_0003373,MCH_L3_05,2023-03-12 06:00:00,300.05,309.99,1332,33.15,14,No Failure,0
LOG_0003374,MCH_L1_01,2023-03-12 06:30:00,300.39,309.54,1445,40.16,31,No Failure,0
LOG_0003375,MCH_L3_02,2023-03-12 07:00:00,296.61,307.02,1373,38.37,10,No Failure,0
LOG_0003376,MCH_L2_02,2023-03-12 07:30:00,297.71,309.72,1730,44.66,130,No Failure,0
LOG_0003377,MCH_L2_03,2023-03-12 08:00:00,302.04,311.29,1601,29.31,25,No Failure,0
LOG_0003378,MCH_L3_03,2023-03-12 08:30:00,296.97,306.65,1382,29.87,6,No Failure,0
LOG_0003379,MCH_L1_03,2023-03-12 09:00:00,301.18,311.98,1560,37.81,91,No Failure,0
LOG_0003380,MCH_L1_05,2023-03-12 09:30:00,299.8,309.0,1360,32.52,182,No Failure,0
LOG_0003381,MCH_L3_02,2023-03-12 10:00:00,302.58,311.72,1281,48.65,38,No Failure,0
LOG_0003382,MCH_L1_01,2023-03-12 10:30:00,301.62,311.09,1416,31.26,3,Heat Dissipation,1
LOG_0003383,MCH_L2_02,2023-03-12 11:00:00,298.87,309.93,1481,60.46,29,No Failure,0
LOG_0003384,MCH_L1_05,2023-03-12 11:30:00,299.44,307.32,1545,38.71,165,No Failure,0
LOG_0003385,MCH_L2_03,2023-03-12 12:00:00,295.04,304.02,1604,41.12,50,No Failure,0
LOG_0003386,MCH_L3_03,2023-03-12 12:30:00,299.67,311.51,1457,42.98,205,No Failure,0
LOG_0003387,MCH_L2_03,2023-03-12 13:00:00,296.82,303.1,1580,39.38,35,No Failure,0
LOG_0003388,MCH_L2_04,2023-03-12 13:30:00,299.45,309.3,1308,50.03,94,No Failure,0
LOG_0003389,MCH_L2_02,2023-03-12 14:00:00,298.41,310.25,1675,41.24,210,No Failure,0
LOG_0003390,MCH_L3_01,2023-03-12 14:30:00,297.81,310.1,1312,35.57,112,No Failure,0
LOG_0003391,MCH_L1_01,2023-03-12 15:00:00,302.97,313.93,1440,28.4,116,No Failure,0
LOG_0003392,MCH_L3_03,2023-03-12 15:30:00,296.81,308.22,1415,43.33,59,No Failure,0
LOG_0003393,MCH_L1_03,2023-03-12 16:00:00,297.59,306.45,1327,47.77,50,No Failure,0
LOG_0003394,MCH_L2_03,2023-03-12 16:30:00,298.25,307.21,1539,29.23,203,No Failure,0
LOG_0003395,MCH_L1_03,2023-03-12 17:00:00,298.8,310.86,1704,36.76,176,No Failure,0
LOG_0003396,MCH_L2_03,2023-03-12 17:30:00,297.81,307.49,1282,48.21,14,No Failure,0
LOG_0003397,MCH_L1_01,2023-03-12 18:00:00,299.1,306.85,1224,32.76,200,No Failure,0
LOG_0003398,MCH_L1_05,2023-03-12 18:30:00,300.76,311.26,1395,32.69,90,No Failure,0
LOG_0003399,MCH_L1_04,2023-03-12 19:00:00,301.67,311.44,1471,38.71,123,No Failure,0
LOG_0003400,MCH_L1_05,2023-03-12 19:30:00,301.55,311.65,1592,51.18,83,Tool Wear,1
LOG_0003401,MCH_L2_03,2023-03-12 20:00:00,295.23,302.37,1442,47.81,155,No Failure,0
LOG_0003402,MCH_L2_05,2023-03-12 20:30:00,300.95,307.77,1278,51.19,152,No Failure,0
LOG_0003403,MCH_L3_05,2023-03-12 21:00:00,301.1,311.46,1653,31.55,207,No Failure,0
LOG_0003404,MCH_L3_04,2023-03-12 21:30:00,298.34,307.98,1390,34.39,209,No Failure,0
LOG_0003405,MCH_L1_04,2023-03-12 22:00:00,304.17,313.62,1575,38.48,163,No Failure,0
LOG_0003406,MCH_L3_01,2023-03-12 22:30:00,302.72,313.19,1363,37.39,3,No Failure,0
LOG_0003407,MCH_L1_04,2023-03-12 23:00:00,299.54,308.61,1477,33.4,20,No Failure,0
LOG_0003408,MCH_L3_05,2023-03-12 23:30:00,298.51,308.19,1542,44.09,90,No Failure,0
LOG_0003409,MCH_L1_03,2023-03-13 00:00:00,304.13,313.59,1397,26.15,192,No Failure,0
LOG_0003410,MCH_L2_02,2023-03-13 00:30:00,299.95,311.01,1550,41.27,68,No Failure,0
LOG_0003411,MCH_L1_03,2023-03-13 01:00:00,300.21,307.96,1456,54.13,235,No Failure,0
LOG_0003412,MCH_L3_02,2023-03-13 01:30:00,300.18,309.4,1445,40.67,237,No Failure,0
LOG_0003413,MCH_L1_03,2023-03-13 02:00:00,305.76,317.07,1681,32.93,137,No Failure,0
LOG_0003414,MCH_L3_01,2023-03-13 02:30:00,299.46,308.46,1542,29.12,49,No Failure,0
LOG_0003415,MCH_L2_05,2023-03-13 03:00:00,299.94,310.08,1558,43.07,212,No Failure,0
LOG_0003416,MCH_L1_05,2023-03-13 03:30:00,297.92,309.92,1588,54.76,9,No Failure,0
LOG_0003417,MCH_L1_05,2023-03-13 04:00:00,299.03,309.22,1569,41.81,89,No Failure,0
LOG_0003418,MCH_L3_04,2023-03-13 04:30:00,297.42,309.99,1542,37.15,143,No Failure,0
LOG_0003419,MCH_L2_01,2023-03-13 05:00:00,297.97,309.65,1648,33.51,165,No Failure,0
LOG_0003420,MCH_L2_03,2023-03-13 05:30:00,295.48,304.7,1387,27.44,66,No Failure,0
LOG_0003421,MCH_L2_05,2023-03-13 06:00:00,302.2,310.68,1517,42.32,19,Tool Wear,1
LOG_0003422,MCH_L2_01,2023-03-13 06:30:00,300.39,309.67,1462,26.39,110,No Failure,0
LOG_0003423,MCH_L3_05,2023-03-13 07:00:00,300.6,311.06,1516,47.78,68,No Failure,0
LOG_0003424,MCH_L3_02,2023-03-13 07:30:00,299.87,310.29,1416,45.33,197,No Failure,0
LOG_0003425,MCH_L1_01,2023-03-13 08:00:00,300.18,310.98,1305,38.16,24,No Failure,0
LOG_0003426,MCH_L3_05,2023-03-13 08:30:00,304.05,312.94,1596,45.51,88,No Failure,0
LOG_0003427,MCH_L2_03,2023-03-13 09:00:00,298.08,307.15,1789,41.47,53,No Failure,0
LOG_0003428,MCH_L2_03,2023-03-13 09:30:00,300.7,311.37,1629,45.43,11,No Failure,0
LOG_0003429,MCH_L2_04,2023-03-13 10:00:00,300.68,313.07,1604,47.6,64,No Failure,0
LOG_0003430,MCH_L2_04,2023-03-13 10:30:00,302.85,311.53,1530,37.83,181,No Failure,0
LOG_0003431,MCH_L1_02,2023-03-13 11:00:00,301.1,311.01,1481,28.98,233,No Failure,0
LOG_0003432,MCH_L3_05,2023-03-13 11:30:00,301.22,310.79,1488,59.19,66,No Failure,0
LOG_0003433,MCH_L1_02,2023-03-13 12:00:00,296.85,307.02,1487,38.19,148,No Failure,0
LOG_0003434,MCH_L1_03,2023-03-13 12:30:00,297.98,306.54,1422,36.36,132,No Failure,0
LOG_0003435,MCH_L1_01,2023-03-13 13:00:00,297.08,307.19,1301,43.77,185,No Failure,0
LOG_0003436,MCH_L1_04,2023-03-13 13:30:00,293.81,305.27,1523,38.36,78,No Failure,0
LOG_0003437,MCH_L3_04,2023-03-13 14:00:00,300.99,309.04,1466,29.31,131,No Failure,0
LOG_0003438,MCH_L1_04,2023-03-13 14:30:00,299.35,310.55,1636,29.87,18,No Failure,0
LOG_0003439,MCH_L3_04,2023-03-13 15:00:00,301.0,309.57,1588,32.43,80,No Failure,0
LOG_0003440,MCH_L2_04,2023-03-13 15:30:00,300.09,310.4,1256,43.04,54,No Failure,0
LOG_0003441,MCH_L2_04,2023-03-13 16:00:00,300.6,311.19,1705,34.09,60,No Failure,0
LOG_0003442,MCH_L2_04,2023-03-13 16:30:00,303.35,313.8,1438,47.95,199,No Failure,0
LOG_0003443,MCH_L2_05,2023-03-13 17:00:00,300.02,309.62,1456,38.68,100,No Failure,0
LOG_0003444,MCH_L2_02,2023-03-13 17:30:00,301.67,312.46,1298,39.33,151,No Failure,0
LOG_0003445,MCH_L3_04,2023-03-13 18:00:00,299.24,307.73,1531,40.51,195,No Failure,0
LOG_0003446,MCH_L3_05,2023-03-13 18:30:00,302.06,313.16,1549,31.17,215,No Failure,0
LOG_0003447,MCH_L1_02,2023-03-13 19:00:00,296.9,306.34,1705,50.84,146,No Failure,0
LOG_0003448,MCH_L2_05,2023-03-13 19:30:00,295.41,305.8,1602,42.64,23,No Failure,0
LOG_0003449,MCH_L1_05,2023-03-13 20:00:00,305.27,314.85,1439,38.53,53,No Failure,0
LOG_0003450,MCH_L1_04,2023-03-13 20:30:00,304.59,316.43,1287,35.5,232,No Failure,0
LOG_0003451,MCH_L3_02,2023-03-13 21:00:00,295.14,305.67,1430,35.34,236,No Failure,0
LOG_0003452,MCH_L3_01,2023-03-13 21:30:00,299.91,310.69,1625,30.16,148,No Failure,0
LOG_0003453,MCH_L2_03,2023-03-13 22:00:00,300.37,311.32,1452,28.68,80,No Failure,0
LOG_0003454,MCH_L1_02,2023-03-13 22:30:00,301.81,311.52,1368,28.68,199,No Failure,0
LOG_0003455,MCH_L2_01,2023-03-13 23:00:00,304.35,314.7,1520,49.04,222,Overstrain,1
LOG_0003456,MCH_L3_03,2023-03-13 23:30:00,297.35,307.55,1459,33.48,18,No Failure,0
LOG_0003457,MCH_L1_05,2023-03-14 00:00:00,297.48,308.25,1445,30.85,202,No Failure,0
LOG_0003458,MCH_L3_05,2023-03-14 00:30:00,300.0,309.47,1410,50.95,180,No Failure,0
LOG_0003459,MCH_L3_02,2023-03-14 01:00:00,297.59,306.74,1513,40.52,237,Power Failure,1
LOG_0003460,MCH_L1_02,2023-03-14 01:30:00,293.21,304.63,1623,30.02,177,No Failure,0
LOG_0003461,MCH_L3_01,2023-03-14 02:00:00,299.43,310.37,1561,44.85,150,No Failure,0
LOG_0003462,MCH_L2_05,2023-03-14 02:30:00,302.14,311.13,1268,52.35,36,Tool Wear,1
LOG_0003463,MCH_L3_05,2023-03-14 03:00:00,299.95,312.23,1686,45.76,27,No Failure,0
LOG_0003464,MCH_L1_01,2023-03-14 03:30:00,301.56,310.87,1590,41.17,214,Overstrain,1
LOG_0003465,MCH_L2_03,2023-03-14 04:00:00,301.2,311.34,1536,43.98,203,No Failure,0
LOG_0003466,MCH_L1_02,2023-03-14 04:30:00,297.43,308.83,1550,50.16,79,No Failure,0
LOG_0003467,MCH_L2_02,2023-03-14 05:00:00,300.17,311.56,1570,54.69,207,No Failure,0
LOG_0003468,MCH_L2_04,2023-03-14 05:30:00,296.19,305.34,1546,31.92,205,Power Failure,1
LOG_0003469,MCH_L2_04,2023-03-14 06:00:00,298.72,309.34,1384,40.19,70,No Failure,0
LOG_0003470,MCH_L2_03,2023-03-14 06:30:00,300.13,309.76,1560,45.14,148,No Failure,0
LOG_0003471,MCH_L3_01,2023-03-14 07:00:00,300.0,310.5,1519,41.46,20,No Failure,0
LOG_0003472,MCH_L3_04,2023-03-14 07:30:00,296.77,306.62,1550,44.5,168,No Failure,0
LOG_0003473,MCH_L3_02,2023-03-14 08:00:00,297.28,306.8,1423,58.77,34,No Failure,0
LOG_0003474,MCH_L2_05,2023-03-14 08:30:00,300.73,309.58,1631,37.77,109,No Failure,0
LOG_0003475,MCH_L2_04,2023-03-14 09:00:00,302.07,313.49,1432,27.99,215,No Failure,0
LOG_0003476,MCH_L1_02,2023-03-14 09:30:00,299.48,308.59,1494,55.73,0,No Failure,0
LOG_0003477,MCH_L2_01,2023-03-14 10:00:00,299.36,311.12,1439,55.03,205,No Failure,0
LOG_0003478,MCH_L1_04,2023-03-14 10:30:00,302.33,311.98,1380,44.62,211,No Failure,0
LOG_0003479,MCH_L3_04,2023-03-14 11:00:00,298.07,308.65,1585,35.79,91,No Failure,0
LOG_0003480,MCH_L1_04,2023-03-14 11:30:00,304.32,316.17,1439,47.29,209,No Failure,0
LOG_0003481,MCH_L1_05,2023-03-14 12:00:00,296.64,306.12,1517,40.28,194,No Failure,0
LOG_0003482,MCH_L3_02,2023-03-14 12:30:00,302.62,313.19,1333,37.37,90,No Failure,0
LOG_0003483,MCH_L1_03,2023-03-14 13:00:00,301.35,311.94,1281,34.25,69,No Failure,0
LOG_0003484,MCH_L3_04,2023-03-14 13:30:00,306.03,315.23,1707,39.86,131,No Failure,0
LOG_0003485,MCH_L1_01,2023-03-14 14:00:00,297.2,307.47,1690,44.65,0,No Failure,0
LOG_0003486,MCH_L2_03,2023-03-14 14:30:00,294.16,305.05,1427,41.4,148,No Failure,0
LOG_0003487,MCH_L1_05,2023-03-14 15:00:00,303.12,315.16,1554,47.52,98,No Failure,0
LOG_0003488,MCH_L1_03,2023-03-14 15:30:00,296.32,305.82,1446,38.14,91,No Failure,0
LOG_0003489,MCH_L2_05,2023-03-14 16:00:00,301.54,311.96,1580,36.44,81,No Failure,0
LOG_0003490,MCH_L3_04,2023-03-14 16:30:00,302.96,312.81,1370,43.29,115,No Failure,0
LOG_0003491,MCH_L2_02,2023-03-14 17:00:00,300.95,311.18,1358,40.73,124,No Failure,0
LOG_0003492,MCH_L2_02,2023-03-14 17:30:00,300.58,309.87,1502,52.61,51,No Failure,0
LOG_0003493,MCH_L1_01,2023-03-14 18:00:00,301.0,310.8,1545,37.05,98,No Failure,0
LOG_0003494,MCH_L3_02,2023-03-14 18:30:00,302.09,313.91,1416,35.73,52,No Failure,0
LOG_0003495,MCH_L2_04,2023-03-14 19:00:00,301.47,311.62,1343,38.57,84,No Failure,0
LOG_0003496,MCH_L3_05,2023-03-14 19:30:00,296.96,307.05,1651,36.49,79,Heat Dissipation,1
LOG_0003497,MCH_L1_02,2023-03-14 20:00:00,304.56,313.54,1444,34.64,55,No Failure,0
LOG_0003498,MCH_L1_05,2023-03-14 20:30:00,300.13,311.44,1445,26.13,217,No Failure,0
LOG_0003499,MCH_L3_03,2023-03-14 21:00:00,301.3,312.32,1647,30.19,102,No Failure,0
LOG_0003500,MCH_L3_04,2023-03-14 21:30:00,301.78,311.93,1768,38.98,200,No Failure,0
LOG_0003501,MCH_L1_05,2023-03-14 22:00:00,302.89,315.17,1539,28.89,86,No Failure,0
LOG_0003502,MCH_L3_04,2023-03-14 22:30:00,302.63,311.99,1605,44.8,193,Heat Dissipation,1
LOG_0003503,MCH_L2_03,2023-03-14 23:00:00,300.33,309.08,1363,43.14,194,No Failure,0
LOG_0003504,MCH_L3_04,2023-03-14 23:30:00,300.17,310.06,1587,34.31,32,No Failure,0
LOG_0003505,MCH_L2_03,2023-03-15 00:00:00,301.02,310.0,1602,39.55,215,No Failure,0
LOG_0003506,MCH_L3_04,2023-03-15 00:30:00,302.75,313.04,1385,38.37,22,No Failure,0
LOG_0003507,MCH_L2_02,2023-03-15 01:00:00,297.22,307.31,1435,24.66,5,No Failure,0
LOG_0003508,MCH_L2_02,2023-03-15 01:30:00,301.61,312.99,1646,43.78,84,No Failure,0
LOG_0003509,MCH_L3_02,2023-03-15 02:00:00,297.78,307.23,1466,34.92,174,No Failure,0
LOG_0003510,MCH_L3_01,2023-03-15 02:30:00,304.63,315.03,1670,31.71,185,No Failure,0
LOG_0003511,MCH_L2_01,2023-03-15 03:00:00,300.92,311.14,1502,45.76,4,No Failure,0
LOG_0003512,MCH_L2_01,2023-03-15 03:30:00,298.96,309.96,1496,42.07,76,No Failure,0
LOG_0003513,MCH_L3_01,2023-03-15 04:00:00,301.07,309.71,1617,47.75,231,No Failure,0
LOG_0003514,MCH_L2_04,2023-03-15 04:30:00,300.02,308.94,1746,39.0,204,No Failure,0
LOG_0003515,MCH_L2_01,2023-03-15 05:00:00,299.6,308.91,1579,41.83,82,No Failure,0
LOG_0003516,MCH_L3_02,2023-03-15 05:30:00,295.48,304.18,1520,46.79,8,No Failure,0
LOG_0003517,MCH_L3_03,2023-03-15 06:00:00,297.44,308.17,1651,54.25,2,No Failure,0
LOG_0003518,MCH_L3_03,2023-03-15 06:30:00,299.65,310.4,1660,37.35,188,No Failure,0
LOG_0003519,MCH_L1_02,2023-03-15 07:00:00,295.78,307.09,1564,42.11,222,No Failure,0
LOG_0003520,MCH_L1_02,2023-03-15 07:30:00,298.53,308.36,1545,44.88,191,No Failure,0
LOG_0003521,MCH_L3_03,2023-03-15 08:00:00,298.75,308.2,1584,44.81,45,No Failure,0
LOG_0003522,MCH_L1_05,2023-03-15 08:30:00,298.05,306.91,1328,35.64,183,No Failure,0
LOG_0003523,MCH_L3_05,2023-03-15 09:00:00,301.93,313.49,1374,39.05,38,No Failure,0
LOG_0003524,MCH_L1_04,2023-03-15 09:30:00,297.8,307.53,1528,44.79,12,No Failure,0
LOG_0003525,MCH_L3_01,2023-03-15 10:00:00,300.22,309.35,1407,41.5,40,No Failure,0
LOG_0003526,MCH_L1_02,2023-03-15 10:30:00,299.12,310.02,1504,56.27,138,No Failure,0
LOG_0003527,MCH_L3_05,2023-03-15 11:00:00,299.7,309.29,1524,37.37,40,No Failure,0
LOG_0003528,MCH_L3_05,2023-03-15 11:30:00,304.02,312.74,1382,33.2,74,No Failure,0
LOG_0003529,MCH_L1_03,2023-03-15 12:00:00,300.45,309.41,1571,44.12,237,No Failure,0
LOG_0003530,MCH_L2_02,2023-03-15 12:30:00,300.93,311.04,1271,32.02,174,No Failure,0
LOG_0003531,MCH_L2_03,2023-03-15 13:00:00,298.09,306.8,1461,36.1,176,No Failure,0
LOG_0003532,MCH_L3_02,2023-03-15 13:30:00,301.57,311.47,1316,40.69,192,Tool Wear,1
LOG_0003533,MCH_L3_03,2023-03-15 14:00:00,301.46,310.42,1461,39.72,34,No Failure,0
LOG_0003534,MCH_L2_01,2023-03-15 14:30:00,301.22,310.08,1614,39.49,162,No Failure,0
LOG_0003535,MCH_L3_01,2023-03-15 15:00:00,296.98,306.39,1410,35.21,66,No Failure,0
LOG_0003536,MCH_L1_05,2023-03-15 15:30:00,298.54,308.73,1257,43.14,131,No Failure,0
LOG_0003537,MCH_L3_03,2023-03-15 16:00:00,303.58,313.96,1471,58.47,23,No Failure,0
LOG_0003538,MCH_L1_01,2023-03-15 16:30:00,298.28,309.39,1400,47.05,93,No Failure,0
LOG_0003539,MCH_L2_03,2023-03-15 17:00:00,303.92,312.98,1500,24.33,95,No Failure,0
LOG_0003540,MCH_L1_03,2023-03-15 17:30:00,298.63,310.3,1471,36.54,112,No Failure,0
LOG_0003541,MCH_L3_05,2023-03-15 18:00:00,300.37,313.64,1521,44.52,83,No Failure,0
LOG_0003542,MCH_L2_01,2023-03-15 18:30:00,299.53,309.03,1640,27.29,163,No Failure,0
LOG_0003543,MCH_L1_03,2023-03-15 19:00:00,297.89,305.77,1454,19.42,204,No Failure,0
LOG_0003544,MCH_L2_02,2023-03-15 19:30:00,297.92,305.83,1510,33.84,55,No Failure,0
LOG_0003545,MCH_L3_03,2023-03-15 20:00:00,298.24,307.64,1461,33.13,230,No Failure,0
LOG_0003546,MCH_L3_04,2023-03-15 20:30:00,300.37,309.54,1621,53.94,3,No Failure,0
LOG_0003547,MCH_L2_02,2023-03-15 21:00:00,302.23,312.24,1518,43.02,219,No Failure,0
LOG_0003548,MCH_L3_02,2023-03-15 21:30:00,300.21,310.82,1562,38.77,167,No Failure,0
LOG_0003549,MCH_L3_05,2023-03-15 22:00:00,299.92,308.38,1591,37.31,170,No Failure,0
LOG_0003550,MCH_L2_04,2023-03-15 22:30:00,303.03,312.82,1266,43.83,57,No Failure,0
LOG_0003551,MCH_L1_05,2023-03-15 23:00:00,300.1,309.49,1594,41.68,61,No Failure,0
LOG_0003552,MCH_L3_05,2023-03-15 23:30:00,298.64,311.08,1545,43.81,134,No Failure,0
LOG_0003553,MCH_L2_03,2023-03-16 00:00:00,297.51,305.85,1419,42.75,136,No Failure,0
LOG_0003554,MCH_L2_05,2023-03-16 00:30:00,303.18,312.27,1654,48.83,21,No Failure,0
LOG_0003555,MCH_L2_05,2023-03-16 01:00:00,299.18,309.22,1618,40.28,3,Heat Dissipation,1
LOG_0003556,MCH_L2_03,2023-03-16 01:30:00,298.55,307.65,1477,46.62,127,No Failure,0
LOG_0003557,MCH_L1_01,2023-03-16 02:00:00,298.34,309.7,1251,43.03,163,No Failure,0
LOG_0003558,MCH_L3_02,2023-03-16 02:30:00,303.04,311.82,1493,41.72,224,No Failure,0
LOG_0003559,MCH_L1_05,2023-03-16 03:00:00,298.57,307.47,1380,36.6,197,No Failure,0
LOG_0003560,MCH_L1_03,2023-03-16 03:30:00,302.48,313.94,1236,39.44,194,No Failure,0
LOG_0003561,MCH_L1_01,2023-03-16 04:00:00,299.42,307.99,1569,39.59,34,Tool Wear,1
LOG_0003562,MCH_L1_04,2023-03-16 04:30:00,296.98,307.98,1683,49.17,32,No Failure,0
LOG_0003563,MCH_L2_03,2023-03-16 05:00:00,299.17,308.63,1488,42.0,134,No Failure,0
LOG_0003564,MCH_L1_03,2023-03-16 05:30:00,299.92,309.18,1531,32.32,104,No Failure,0
LOG_0003565,MCH_L2_05,2023-03-16 06:00:00,299.71,309.1,1661,26.85,226,No Failure,0
LOG_0003566,MCH_L1_02,2023-03-16 06:30:00,299.65,308.31,1521,30.33,182,No Failure,0
LOG_0003567,MCH_L3_01,2023-03-16 07:00:00,299.2,310.29,1426,34.14,120,No Failure,0
LOG_0003568,MCH_L2_04,2023-03-16 07:30:00,298.04,308.2,1232,43.92,174,No Failure,0
LOG_0003569,MCH_L2_05,2023-03-16 08:00:00,300.03,311.1,1597,34.74,189,No Failure,0
LOG_0003570,MCH_L1_05,2023-03-16 08:30:00,301.35,312.76,1550,50.43,194,No Failure,0
LOG_0003571,MCH_L3_04,2023-03-16 09:00:00,296.34,306.99,1611,29.57,63,No Failure,0
LOG_0003572,MCH_L2_02,2023-03-16 09:30:00,303.25,311.51,1206,45.63,120,No Failure,0
LOG_0003573,MCH_L3_01,2023-03-16 10:00:00,290.76,299.6,1749,24.17,170,Power Failure,1
LOG_0003574,MCH_L3_01,2023-03-16 10:30:00,300.19,311.21,1405,30.5,17,No Failure,0
LOG_0003575,MCH_L1_02,2023-03-16 11:00:00,301.17,311.24,1631,31.56,2,No Failure,0
LOG_0003576,MCH_L2_04,2023-03-16 11:30:00,298.49,309.27,1272,31.45,58,No Failure,0
LOG_0003577,MCH_L3_03,2023-03-16 12:00:00,294.69,304.58,1407,34.58,115,No Failure,0
LOG_0003578,MCH_L2_04,2023-03-16 12:30:00,299.76,309.24,1434,46.69,189,No Failure,0
LOG_0003579,MCH_L1_04,2023-03-16 13:00:00,300.42,311.2,1377,46.1,38,No Failure,0
LOG_0003580,MCH_L1_04,2023-03-16 13:30:00,297.13,305.06,1401,31.44,218,No Failure,0
LOG_0003581,MCH_L2_01,2023-03-16 14:00:00,297.92,307.54,1694,38.33,63,No Failure,0
LOG_0003582,MCH_L2_05,2023-03-16 14:30:00,302.41,312.49,1459,43.86,200,No Failure,0
LOG_0003583,MCH_L2_05,2023-03-16 15:00:00,300.29,310.54,1755,38.43,80,No Failure,0
LOG_0003584,MCH_L2_05,2023-03-16 15:30:00,296.23,304.68,1626,53.41,59,No Failure,0
LOG_0003585,MCH_L2_01,2023-03-16 16:00:00,301.12,309.62,1259,43.25,104,No Failure,0
LOG_0003586,MCH_L3_02,2023-03-16 16:30:00,297.67,307.2,1458,32.66,169,No Failure,0
LOG_0003587,MCH_L1_01,2023-03-16 17:00:00,298.06,307.98,1453,33.51,108,No Failure,0
LOG_0003588,MCH_L3_04,2023-03-16 17:30:00,300.49,312.36,1386,31.78,4,No Failure,0
LOG_0003589,MCH_L3_04,2023-03-16 18:00:00,300.26,309.21,1646,34.06,45,No Failure,0
LOG_0003590,MCH_L2_04,2023-03-16 18:30:00,298.99,308.4,1603,40.18,131,No Failure,0
LOG_0003591,MCH_L1_02,2023-03-16 19:00:00,298.74,310.65,1758,38.0,13,Tool Wear,1
LOG_0003592,MCH_L1_05,2023-03-16 19:30:00,299.37,310.65,1444,36.01,220,No Failure,0
LOG_0003593,MCH_L2_04,2023-03-16 20:00:00,298.05,306.71,1552,44.95,10,No Failure,0
LOG_0003594,MCH_L1_04,2023-03-16 20:30:00,302.72,313.53,1457,42.91,187,No Failure,0
LOG_0003595,MCH_L3_01,2023-03-16 21:00:00,296.08,307.08,1452,26.57,21,No Failure,0
LOG_0003596,MCH_L1_03,2023-03-16 21:30:00,299.4,309.63,1597,29.17,105,No Failure,0
LOG_0003597,MCH_L3_05,2023-03-16 22:00:00,296.35,304.94,1764,31.63,4,No Failure,0
LOG_0003598,MCH_L2_02,2023-03-16 22:30:00,302.34,311.63,1618,33.13,180,No Failure,0
LOG_0003599,MCH_L2_01,2023-03-16 23:00:00,299.39,308.64,1605,34.57,139,No Failure,0
LOG_0003600,MCH_L2_03,2023-03-16 23:30:00,297.36,307.99,1492,36.57,148,No Failure,0
LOG_0003601,MCH_L1_03,2023-03-17 00:00:00,301.71,311.19,1601,43.03,78,No Failure,0
LOG_0003602,MCH_L1_05,2023-03-17 00:30:00,294.27,303.95,1641,30.45,23,No Failure,0
LOG_0003603,MCH_L2_05,2023-03-17 01:00:00,300.7,309.98,1396,33.5,12,No Failure,0
LOG_0003604,MCH_L1_04,2023-03-17 01:30:00,302.88,311.01,1504,26.54,95,No Failure,0
LOG_0003605,MCH_L3_05,2023-03-17 02:00:00,300.45,313.56,1461,32.17,25,No Failure,0
LOG_0003606,MCH_L3_03,2023-03-17 02:30:00,298.73,309.21,1424,38.23,39,No Failure,0
LOG_0003607,MCH_L1_04,2023-03-17 03:00:00,296.89,308.66,1617,32.37,25,No Failure,0
LOG_0003608,MCH_L1_04,2023-03-17 03:30:00,302.71,311.37,1471,31.23,227,No Failure,0
LOG_0003609,MCH_L2_05,2023-03-17 04:00:00,302.32,314.14,1556,35.64,172,No Failure,0
LOG_0003610,MCH_L2_03,2023-03-17 04:30:00,298.39,307.91,1557,42.01,29,No Failure,0
LOG_0003611,MCH_L2_01,2023-03-17 05:00:00,298.45,309.09,1467,32.2,63,No Failure,0
LOG_0003612,MCH_L1_03,2023-03-17 05:30:00,302.97,314.16,1325,48.69,110,No Failure,0
LOG_0003613,MCH_L2_05,2023-03-17 06:00:00,301.33,313.14,1457,32.81,72,No Failure,0
LOG_0003614,MCH_L1_05,2023-03-17 06:30:00,295.53,305.47,1563,36.46,87,No Failure,0
LOG_0003615,MCH_L2_01,2023-03-17 07:00:00,299.51,308.3,1536,49.84,123,No Failure,0
LOG_0003616,MCH_L1_05,2023-03-17 07:30:00,299.42,309.4,1265,44.88,165,No Failure,0
LOG_0003617,MCH_L2_01,2023-03-17 08:00:00,300.62,311.33,1597,38.82,145,No Failure,0
LOG_0003618,MCH_L2_03,2023-03-17 08:30:00,300.02,309.38,1433,43.16,136,No Failure,0
LOG_0003619,MCH_L2_02,2023-03-17 09:00:00,298.72,308.21,1568,29.23,213,No Failure,0
LOG_0003620,MCH_L1_05,2023-03-17 09:30:00,300.45,308.59,1597,55.35,183,No Failure,0
LOG_0003621,MCH_L2_05,2023-03-17 10:00:00,298.88,307.71,1556,29.67,127,No Failure,0
LOG_0003622,MCH_L2_01,2023-03-17 10:30:00,308.54,319.07,1725,41.77,37,No Failure,0
LOG_0003623,MCH_L3_04,2023-03-17 11:00:00,300.31,311.37,1619,49.55,148,No Failure,0
LOG_0003624,MCH_L1_04,2023-03-17 11:30:00,299.96,311.28,1445,42.24,70,No Failure,0
LOG_0003625,MCH_L3_02,2023-03-17 12:00:00,304.61,317.34,1457,39.56,139,No Failure,0
LOG_0003626,MCH_L2_04,2023-03-17 12:30:00,296.59,308.38,1490,49.57,35,No Failure,0
LOG_0003627,MCH_L3_03,2023-03-17 13:00:00,299.73,309.55,1457,45.27,121,No Failure,0
LOG_0003628,MCH_L1_04,2023-03-17 13:30:00,297.63,306.51,1544,35.86,10,No Failure,0
LOG_0003629,MCH_L1_01,2023-03-17 14:00:00,301.59,311.28,1363,53.11,127,No Failure,0
LOG_0003630,MCH_L2_02,2023-03-17 14:30:00,298.76,308.1,1665,33.67,194,No Failure,0
LOG_0003631,MCH_L2_02,2023-03-17 15:00:00,301.45,311.65,1504,53.82,26,No Failure,0
LOG_0003632,MCH_L1_04,2023-03-17 15:30:00,301.27,312.34,1662,45.04,190,No Failure,0
LOG_0003633,MCH_L3_03,2023-03-17 16:00:00,301.95,312.53,1357,36.66,198,No Failure,0
LOG_0003634,MCH_L3_04,2023-03-17 16:30:00,301.31,313.2,1358,31.32,193,No Failure,0
LOG_0003635,MCH_L1_03,2023-03-17 17:00:00,299.44,309.91,1629,41.36,73,Heat Dissipation,1
LOG_0003636,MCH_L2_03,2023-03-17 17:30:00,296.51,304.98,1422,34.75,194,No Failure,0
LOG_0003637,MCH_L1_05,2023-03-17 18:00:00,302.52,311.84,1380,40.92,80,No Failure,0
LOG_0003638,MCH_L2_05,2023-03-17 18:30:00,303.52,314.0,1639,46.49,106,No Failure,0
LOG_0003639,MCH_L2_02,2023-03-17 19:00:00,297.66,307.93,1402,47.51,64,No Failure,0
LOG_0003640,MCH_L1_04,2023-03-17 19:30:00,301.84,313.41,1497,51.8,161,No Failure,0
LOG_0003641,MCH_L1_04,2023-03-17 20:00:00,297.07,307.08,1435,31.29,204,No Failure,0
LOG_0003642,MCH_L2_03,2023-03-17 20:30:00,300.51,310.3,1590,42.05,205,No Failure,0
LOG_0003643,MCH_L3_04,2023-03-17 21:00:00,301.02,309.13,1527,27.98,208,No Failure,0
LOG_0003644,MCH_L2_03,2023-03-17 21:30:00,298.93,307.96,1609,40.03,126,No Failure,0
LOG_0003645,MCH_L1_02,2023-03-17 22:00:00,300.24,310.61,1356,26.79,33,No Failure,0
LOG_0003646,MCH_L3_04,2023-03-17 22:30:00,302.12,312.37,1528,58.01,63,No Failure,0
LOG_0003647,MCH_L1_02,2023-03-17 23:00:00,299.73,310.44,1510,51.01,16,No Failure,0
LOG_0003648,MCH_L1_03,2023-03-17 23:30:00,298.31,308.85,1410,26.89,178,No Failure,0
LOG_0003649,MCH_L3_05,2023-03-18 00:00:00,296.94,306.8,1375,34.66,104,No Failure,0
LOG_0003650,MCH_L3_02,2023-03-18 00:30:00,299.02,307.82,1489,46.15,183,No Failure,0
LOG_0003651,MCH_L3_02,2023-03-18 01:00:00,297.06,307.06,1465,41.99,88,No Failure,0
LOG_0003652,MCH_L1_03,2023-03-18 01:30:00,299.06,309.01,1641,40.16,107,No Failure,0
LOG_0003653,MCH_L1_01,2023-03-18 02:00:00,298.84,310.49,1599,42.14,221,No Failure,0
LOG_0003654,MCH_L3_05,2023-03-18 02:30:00,302.01,313.6,1417,47.25,175,No Failure,0
LOG_0003655,MCH_L3_04,2023-03-18 03:00:00,300.18,309.61,1469,57.08,227,No Failure,0
LOG_0003656,MCH_L1_03,2023-03-18 03:30:00,306.37,315.62,1565,30.37,189,No Failure,0
LOG_0003657,MCH_L2_01,2023-03-18 04:00:00,294.97,303.35,1578,38.26,183,No Failure,0
LOG_0003658,MCH_L2_03,2023-03-18 04:30:00,300.78,310.58,1642,24.71,138,No Failure,0
LOG_0003659,MCH_L3_03,2023-03-18 05:00:00,298.87,308.3,1492,39.56,212,No Failure,0
LOG_0003660,MCH_L3_02,2023-03-18 05:30:00,297.61,310.74,1519,53.95,147,No Failure,0
LOG_0003661,MCH_L3_04,2023-03-18 06:00:00,299.93,308.59,1286,44.02,220,No Failure,0
LOG_0003662,MCH_L2_05,2023-03-18 06:30:00,299.74,309.81,1366,46.56,67,No Failure,0
LOG_0003663,MCH_L2_01,2023-03-18 07:00:00,302.69,311.92,1609,41.54,161,No Failure,0
LOG_0003664,MCH_L1_05,2023-03-18 07:30:00,300.23,310.26,1368,33.9,41,No Failure,0
LOG_0003665,MCH_L3_05,2023-03-18 08:00:00,298.27,307.87,1298,26.95,168,No Failure,0
LOG_0003666,MCH_L1_04,2023-03-18 08:30:00,300.84,311.81,1592,52.33,189,No Failure,0
LOG_0003667,MCH_L1_03,2023-03-18 09:00:00,299.43,309.96,1452,36.2,144,No Failure,0
LOG_0003668,MCH_L3_03,2023-03-18 09:30:00,297.19,308.12,1404,38.46,11,No Failure,0
LOG_0003669,MCH_L1_04,2023-03-18 10:00:00,299.38,308.48,1322,23.32,67,No Failure,0
LOG_0003670,MCH_L3_04,2023-03-18 10:30:00,300.58,311.88,1323,34.5,40,No Failure,0
LOG_0003671,MCH_L2_02,2023-03-18 11:00:00,300.18,309.6,1446,41.12,141,Power Failure,1
LOG_0003672,MCH_L1_01,2023-03-18 11:30:00,300.83,309.14,1483,42.9,3,No Failure,0
LOG_0003673,MCH_L2_02,2023-03-18 12:00:00,298.68,308.46,1649,53.67,125,No Failure,0
LOG_0003674,MCH_L1_01,2023-03-18 12:30:00,300.79,310.93,1484,37.86,225,No Failure,0
LOG_0003675,MCH_L1_02,2023-03-18 13:00:00,300.3,308.8,1461,39.09,209,No Failure,0
LOG_0003676,MCH_L3_05,2023-03-18 13:30:00,300.32,311.37,1465,52.93,76,No Failure,0
LOG_0003677,MCH_L1_04,2023-03-18 14:00:00,300.08,309.11,1229,49.97,73,No Failure,0
LOG_0003678,MCH_L1_01,2023-03-18 14:30:00,305.44,314.42,1441,28.03,141,No Failure,0
LOG_0003679,MCH_L3_01,2023-03-18 15:00:00,302.78,312.78,1576,52.31,8,No Failure,0
LOG_0003680,MCH_L3_02,2023-03-18 15:30:00,300.74,311.77,1510,26.36,170,No Failure,0
LOG_0003681,MCH_L3_01,2023-03-18 16:00:00,298.0,306.54,1593,44.0,147,No Failure,0
LOG_0003682,MCH_L3_05,2023-03-18 16:30:00,299.27,310.4,1629,46.4,0,No Failure,0
LOG_0003683,MCH_L3_01,2023-03-18 17:00:00,304.04,311.45,1302,41.59,107,No Failure,0
LOG_0003684,MCH_L2_04,2023-03-18 17:30:00,298.59,308.99,1421,36.81,92,No Failure,0
LOG_0003685,MCH_L3_02,2023-03-18 18:00:00,299.59,308.23,1620,36.2,208,No Failure,0
LOG_0003686,MCH_L2_01,2023-03-18 18:30:00,299.45,308.49,1512,18.98,71,No Failure,0
LOG_0003687,MCH_L3_03,2023-03-18 19:00:00,300.92,313.01,1482,41.29,16,Tool Wear,1
LOG_0003688,MCH_L1_01,2023-03-18 19:30:00,298.91,307.72,1624,40.28,212,Tool Wear,1
LOG_0003689,MCH_L1_01,2023-03-18 20:00:00,300.44,310.37,1404,52.79,88,No Failure,0
LOG_0003690,MCH_L2_01,2023-03-18 20:30:00,298.96,307.68,1412,37.69,19,No Failure,0
LOG_0003691,MCH_L1_04,2023-03-18 21:00:00,303.29,314.21,1404,35.52,58,No Failure,0
LOG_0003692,MCH_L1_04,2023-03-18 21:30:00,298.28,308.77,1340,35.64,216,No Failure,0
LOG_0003693,MCH_L3_05,2023-03-18 22:00:00,302.44,313.1,1473,32.87,212,No Failure,0
LOG_0003694,MCH_L3_01,2023-03-18 22:30:00,298.54,309.9,1521,36.13,140,No Failure,0
LOG_0003695,MCH_L3_05,2023-03-18 23:00:00,297.87,307.46,1374,31.24,120,No Failure,0
LOG_0003696,MCH_L2_01,2023-03-18 23:30:00,298.25,309.54,1487,45.22,76,No Failure,0
LOG_0003697,MCH_L3_05,2023-03-19 00:00:00,295.72,307.51,1428,43.39,174,No Failure,0
LOG_0003698,MCH_L3_04,2023-03-19 00:30:00,301.1,311.44,1490,27.64,49,No Failure,0
LOG_0003699,MCH_L3_02,2023-03-19 01:00:00,297.09,305.76,1673,40.8,93,No Failure,0
LOG_0003700,MCH_L3_01,2023-03-19 01:30:00,299.11,307.66,1510,49.47,204,No Failure,0
LOG_0003701,MCH_L2_02,2023-03-19 02:00:00,301.9,312.43,1512,48.99,167,No Failure,0
LOG_0003702,MCH_L2_04,2023-03-19 02:30:00,301.82,310.49,1744,31.16,134,No Failure,0
LOG_0003703,MCH_L2_05,2023-03-19 03:00:00,296.42,304.81,1439,51.33,54,No Failure,0
LOG_0003704,MCH_L1_05,2023-03-19 03:30:00,300.78,311.84,1573,35.5,50,No Failure,0
LOG_0003705,MCH_L2_04,2023-03-19 04:00:00,302.85,312.3,1436,40.18,233,No Failure,0
LOG_0003706,MCH_L1_04,2023-03-19 04:30:00,298.41,311.31,1594,37.01,75,No Failure,0
LOG_0003707,MCH_L3_03,2023-03-19 05:00:00,301.28,310.49,1391,29.77,129,No Failure,0
LOG_0003708,MCH_L2_05,2023-03-19 05:30:00,297.14,306.54,1459,33.37,13,No Failure,0
LOG_0003709,MCH_L1_02,2023-03-19 06:00:00,300.96,311.39,1432,50.58,105,No Failure,0
LOG_0003710,MCH_L1_03,2023-03-19 06:30:00,300.33,310.58,1374,50.81,144,No Failure,0
LOG_0003711,MCH_L3_03,2023-03-19 07:00:00,301.65,311.55,1244,45.79,76,No Failure,0
LOG_0003712,MCH_L3_01,2023-03-19 07:30:00,301.5,311.37,1548,38.08,128,No Failure,0
LOG_0003713,MCH_L1_01,2023-03-19 08:00:00,296.62,310.51,1423,55.31,118,Heat Dissipation,1
LOG_0003714,MCH_L3_04,2023-03-19 08:30:00,300.34,312.33,1467,48.4,110,No Failure,0
LOG_0003715,MCH_L3_04,2023-03-19 09:00:00,303.63,314.64,1484,39.01,0,No Failure,0
LOG_0003716,MCH_L2_01,2023-03-19 09:30:00,294.54,303.07,1324,23.39,110,No Failure,0
LOG_0003717,MCH_L3_03,2023-03-19 10:00:00,302.42,312.33,1452,47.32,25,No Failure,0
LOG_0003718,MCH_L2_01,2023-03-19 10:30:00,304.0,314.79,1285,50.55,115,No Failure,0
LOG_0003719,MCH_L1_01,2023-03-19 11:00:00,296.29,307.19,1444,43.64,238,No Failure,0
LOG_0003720,MCH_L3_01,2023-03-19 11:30:00,298.32,309.85,1679,23.76,173,No Failure,0
LOG_0003721,MCH_L3_03,2023-03-19 12:00:00,301.29,310.52,1435,41.69,12,Tool Wear,1
LOG_0003722,MCH_L1_03,2023-03-19 12:30:00,297.78,307.73,1362,58.5,33,No Failure,0
LOG_0003723,MCH_L1_05,2023-03-19 13:00:00,303.41,312.5,1441,38.69,61,No Failure,0
LOG_0003724,MCH_L1_03,2023-03-19 13:30:00,302.65,314.25,1688,56.69,231,No Failure,0
LOG_0003725,MCH_L2_05,2023-03-19 14:00:00,296.54,307.38,1446,45.97,72,No Failure,0
LOG_0003726,MCH_L1_03,2023-03-19 14:30:00,298.14,307.53,1314,40.4,50,No Failure,0
LOG_0003727,MCH_L3_04,2023-03-19 15:00:00,301.92,312.19,1280,51.92,210,No Failure,0
LOG_0003728,MCH_L2_05,2023-03-19 15:30:00,301.83,311.89,1451,34.83,214,No Failure,0
LOG_0003729,MCH_L1_03,2023-03-19 16:00:00,305.55,314.49,1597,29.49,40,No Failure,0
LOG_0003730,MCH_L1_05,2023-03-19 16:30:00,297.8,308.92,1552,29.67,54,No Failure,0
LOG_0003731,MCH_L3_03,2023-03-19 17:00:00,303.65,313.74,1631,41.76,155,No Failure,0
LOG_0003732,MCH_L1_05,2023-03-19 17:30:00,297.72,307.08,1575,43.79,93,No Failure,0
LOG_0003733,MCH_L1_04,2023-03-19 18:00:00,301.25,310.17,1501,34.2,188,No Failure,0
LOG_0003734,MCH_L1_01,2023-03-19 18:30:00,302.23,313.26,1183,50.37,134,No Failure,0
LOG_0003735,MCH_L1_05,2023-03-19 19:00:00,292.52,302.84,1666,40.75,205,No Failure,0
LOG_0003736,MCH_L2_05,2023-03-19 19:30:00,302.28,311.45,1325,47.05,1,No Failure,0
LOG_0003737,MCH_L1_05,2023-03-19 20:00:00,303.46,312.86,1777,34.21,203,Tool Wear,1
LOG_0003738,MCH_L1_04,2023-03-19 20:30:00,302.74,312.75,1407,38.45,234,No Failure,0
LOG_0003739,MCH_L2_01,2023-03-19 21:00:00,305.13,315.21,1412,24.99,1,No Failure,0
LOG_0003740,MCH_L2_05,2023-03-19 21:30:00,302.41,312.64,1436,37.61,155,Power Failure,1
LOG_0003741,MCH_L1_04,2023-03-19 22:00:00,298.66,306.54,1501,41.92,53,No Failure,0
LOG_0003742,MCH_L3_04,2023-03-19 22:30:00,303.1,313.24,1335,35.24,219,No Failure,0
LOG_0003743,MCH_L2_02,2023-03-19 23:00:00,298.52,307.06,1393,39.48,203,No Failure,0
LOG_0003744,MCH_L2_02,2023-03-19 23:30:00,300.21,311.91,1612,42.03,93,No Failure,0
LOG_0003745,MCH_L1_02,2023-03-20 00:00:00,302.08,313.33,1660,35.45,57,No Failure,0
LOG_0003746,MCH_L1_03,2023-03-20 00:30:00,301.12,312.51,1367,37.75,174,No Failure,0
LOG_0003747,MCH_L1_01,2023-03-20 01:00:00,303.38,310.43,1540,33.79,60,No Failure,0
LOG_0003748,MCH_L2_03,2023-03-20 01:30:00,306.22,315.86,1437,32.0,103,No Failure,0
LOG_0003749,MCH_L2_04,2023-03-20 02:00:00,297.16,307.07,1560,50.45,167,No Failure,0
LOG_0003750,MCH_L1_04,2023-03-20 02:30:00,299.18,309.87,1392,27.84,213,No Failure,0
LOG_0003751,MCH_L2_01,2023-03-20 03:00:00,300.79,311.87,1587,47.26,17,No Failure,0
LOG_0003752,MCH_L2_04,2023-03-20 03:30:00,298.84,310.38,1484,28.4,141,No Failure,0
LOG_0003753,MCH_L2_01,2023-03-20 04:00:00,299.81,307.03,1440,52.85,24,No Failure,0
LOG_0003754,MCH_L3_04,2023-03-20 04:30:00,301.94,310.98,1495,44.89,137,No Failure,0
LOG_0003755,MCH_L3_02,2023-03-20 05:00:00,301.61,311.68,1673,36.82,99,Power Failure,1
LOG_0003756,MCH_L3_02,2023-03-20 05:30:00,300.62,311.62,1488,48.02,47,No Failure,0
LOG_0003757,MCH_L3_02,2023-03-20 06:00:00,300.37,311.33,1534,49.24,175,No Failure,0
LOG_0003758,MCH_L2_04,2023-03-20 06:30:00,299.44,310.01,1510,44.92,188,No Failure,0
LOG_0003759,MCH_L3_05,2023-03-20 07:00:00,303.51,312.75,1511,44.03,52,No Failure,0
LOG_0003760,MCH_L1_04,2023-03-20 07:30:00,304.16,313.55,1646,41.9,136,No Failure,0
LOG_0003761,MCH_L2_03,2023-03-20 08:00:00,302.55,311.79,1599,52.04,138,No Failure,0
LOG_0003762,MCH_L2_04,2023-03-20 08:30:00,297.13,305.95,1336,39.79,26,No Failure,0
LOG_0003763,MCH_L1_04,2023-03-20 09:00:00,299.34,308.15,1565,41.02,58,No Failure,0
LOG_0003764,MCH_L1_05,2023-03-20 09:30:00,300.5,309.19,1693,47.33,185,No Failure,0
LOG_0003765,MCH_L3_04,2023-03-20 10:00:00,297.65,308.05,1472,37.29,140,No Failure,0
LOG_0003766,MCH_L2_03,2023-03-20 10:30:00,300.2,310.35,1602,49.35,192,Heat Dissipation,1
LOG_0003767,MCH_L3_02,2023-03-20 11:00:00,300.06,308.95,1168,47.58,230,No Failure,0
LOG_0003768,MCH_L2_05,2023-03-20 11:30:00,302.71,310.66,1384,64.19,138,No Failure,0
LOG_0003769,MCH_L3_04,2023-03-20 12:00:00,298.75,308.31,1787,38.95,56,No Failure,0
LOG_0003770,MCH_L2_01,2023-03-20 12:30:00,302.91,314.69,1591,45.09,194,No Failure,0
LOG_0003771,MCH_L3_02,2023-03-20 13:00:00,297.61,307.62,1526,43.97,193,No Failure,0
LOG_0003772,MCH_L2_02,2023-03-20 13:30:00,297.96,308.92,1720,46.89,109,No Failure,0
LOG_0003773,MCH_L1_03,2023-03-20 14:00:00,299.05,309.27,1366,39.4,105,No Failure,0
LOG_0003774,MCH_L2_02,2023-03-20 14:30:00,300.12,310.05,1652,43.95,23,No Failure,0
LOG_0003775,MCH_L3_02,2023-03-20 15:00:00,293.96,302.19,1397,41.24,211,No Failure,0
LOG_0003776,MCH_L3_04,2023-03-20 15:30:00,301.15,310.66,1511,47.31,176,No Failure,0
LOG_0003777,MCH_L2_03,2023-03-20 16:00:00,304.27,313.63,1305,23.67,167,Heat Dissipation,1
LOG_0003778,MCH_L2_05,2023-03-20 16:30:00,301.63,313.41,1453,37.97,78,No Failure,0
LOG_0003779,MCH_L2_01,2023-03-20 17:00:00,299.47,309.69,1658,58.03,197,No Failure,0
LOG_0003780,MCH_L3_05,2023-03-20 17:30:00,297.29,308.82,1438,53.1,83,No Failure,0
LOG_0003781,MCH_L2_05,2023-03-20 18:00:00,295.47,306.82,1559,42.58,213,No Failure,0
LOG_0003782,MCH_L2_04,2023-03-20 18:30:00,295.89,304.87,1441,45.03,1,No Failure,0
LOG_0003783,MCH_L3_03,2023-03-20 19:00:00,299.67,309.67,1551,44.42,181,No Failure,0
LOG_0003784,MCH_L2_01,2023-03-20 19:30:00,305.27,317.29,1589,45.36,142,No Failure,0
LOG_0003785,MCH_L3_02,2023-03-20 20:00:00,293.21,303.89,1418,32.55,47,No Failure,0
LOG_0003786,MCH_L2_04,2023-03-20 20:30:00,301.75,312.35,1396,34.34,97,No Failure,0
LOG_0003787,MCH_L3_03,2023-03-20 21:00:00,298.31,309.41,1451,34.47,181,No Failure,0
LOG_0003788,MCH_L1_04,2023-03-20 21:30:00,299.16,309.74,1449,36.22,45,No Failure,0
LOG_0003789,MCH_L2_03,2023-03-20 22:00:00,297.66,308.32,1257,53.38,184,No Failure,0
LOG_0003790,MCH_L3_01,2023-03-20 22:30:00,296.58,306.94,1540,30.09,182,No Failure,0
LOG_0003791,MCH_L1_04,2023-03-20 23:00:00,300.31,309.9,1545,56.69,187,No Failure,0
LOG_0003792,MCH_L1_02,2023-03-20 23:30:00,300.66,309.39,1284,43.44,94,No Failure,0
LOG_0003793,MCH_L2_05,2023-03-21 00:00:00,301.67,309.44,1600,30.08,157,No Failure,0
LOG_0003794,MCH_L3_01,2023-03-21 00:30:00,295.79,305.39,1452,35.16,155,No Failure,0
LOG_0003795,MCH_L2_04,2023-03-21 01:00:00,302.18,312.7,1539,43.73,179,Power Failure,1
LOG_0003796,MCH_L1_05,2023-03-21 01:30:00,302.23,312.52,1470,29.02,96,No Failure,0
LOG_0003797,MCH_L1_04,2023-03-21 02:00:00,301.06,311.82,1539,37.04,168,No Failure,0
LOG_0003798,MCH_L1_02,2023-03-21 02:30:00,298.95,308.8,1514,30.34,112,No Failure,0
LOG_0003799,MCH_L1_01,2023-03-21 03:00:00,300.77,314.04,1605,45.4,20,No Failure,0
LOG_0003800,MCH_L3_01,2023-03-21 03:30:00,299.6,312.03,1500,30.47,237,Heat Dissipation,1
LOG_0003801,MCH_L2_02,2023-03-21 04:00:00,302.42,310.6,1590,27.18,86,No Failure,0
LOG_0003802,MCH_L2_01,2023-03-21 04:30:00,299.08,309.87,1670,52.45,41,No Failure,0
LOG_0003803,MCH_L3_05,2023-03-21 05:00:00,300.27,311.43,1490,37.41,12,No Failure,0
LOG_0003804,MCH_L3_05,2023-03-21 05:30:00,295.65,303.1,1468,36.66,44,No Failure,0
LOG_0003805,MCH_L1_02,2023-03-21 06:00:00,300.76,310.96,1567,44.01,89,No Failure,0
LOG_0003806,MCH_L2_03,2023-03-21 06:30:00,298.13,308.75,1252,39.76,181,No Failure,0
LOG_0003807,MCH_L3_01,2023-03-21 07:00:00,301.28,311.27,1395,33.01,146,No Failure,0
LOG_0003808,MCH_L1_04,2023-03-21 07:30:00,301.97,312.43,1390,34.81,154,No Failure,0
LOG_0003809,MCH_L2_03,2023-03-21 08:00:00,298.48,308.57,1566,46.11,167,Overstrain,1
LOG_0003810,MCH_L3_05,2023-03-21 08:30:00,300.08,310.92,1518,31.8,134,No Failure,0
LOG_0003811,MCH_L2_02,2023-03-21 09:00:00,300.44,312.3,1652,39.69,24,No Failure,0
LOG_0003812,MCH_L1_05,2023-03-21 09:30:00,300.92,311.84,1644,54.18,176,Overstrain,1
LOG_0003813,MCH_L2_05,2023-03-21 10:00:00,301.97,313.38,1264,37.47,103,No Failure,0
LOG_0003814,MCH_L2_05,2023-03-21 10:30:00,301.65,310.38,1297,50.48,163,No Failure,0
LOG_0003815,MCH_L3_02,2023-03-21 11:00:00,299.05,311.48,1504,31.42,70,No Failure,0
LOG_0003816,MCH_L2_03,2023-03-21 11:30:00,304.0,314.38,1314,41.57,118,No Failure,0
LOG_0003817,MCH_L3_04,2023-03-21 12:00:00,301.88,311.41,1263,50.59,83,No Failure,0
LOG_0003818,MCH_L2_04,2023-03-21 12:30:00,303.51,314.01,1411,35.15,151,No Failure,0
LOG_0003819,MCH_L1_05,2023-03-21 13:00:00,300.87,310.22,1249,56.3,188,No Failure,0
LOG_0003820,MCH_L2_05,2023-03-21 13:30:00,301.01,311.18,1376,39.54,91,No Failure,0
LOG_0003821,MCH_L1_05,2023-03-21 14:00:00,299.71,310.07,1585,30.12,112,No Failure,0
LOG_0003822,MCH_L1_02,2023-03-21 14:30:00,298.89,308.07,1441,48.53,68,No Failure,0
LOG_0003823,MCH_L1_05,2023-03-21 15:00:00,302.44,312.63,1679,53.47,51,No Failure,0
LOG_0003824,MCH_L1_03,2023-03-21 15:30:00,300.66,309.82,1431,29.4,163,No Failure,0
LOG_0003825,MCH_L2_02,2023-03-21 16:00:00,299.67,308.82,1566,43.75,222,No Failure,0
LOG_0003826,MCH_L2_05,2023-03-21 16:30:00,297.44,306.23,1436,34.28,178,No Failure,0
LOG_0003827,MCH_L1_05,2023-03-21 17:00:00,303.89,313.44,1474,31.32,32,No Failure,0
LOG_0003828,MCH_L2_03,2023-03-21 17:30:00,300.28,309.62,1452,32.5,52,No Failure,0
LOG_0003829,MCH_L1_01,2023-03-21 18:00:00,296.93,307.5,1566,41.79,215,No Failure,0
LOG_0003830,MCH_L1_03,2023-03-21 18:30:00,300.2,311.52,1586,50.99,201,No Failure,0
LOG_0003831,MCH_L1_03,2023-03-21 19:00:00,299.5,310.29,1747,39.48,37,No Failure,0
LOG_0003832,MCH_L2_04,2023-03-21 19:30:00,299.4,310.57,1501,43.57,171,No Failure,0
LOG_0003833,MCH_L1_05,2023-03-21 20:00:00,301.44,312.51,1565,35.29,4,No Failure,0
LOG_0003834,MCH_L3_02,2023-03-21 20:30:00,299.5,308.39,1376,38.93,117,No Failure,0
LOG_0003835,MCH_L2_04,2023-03-21 21:00:00,299.24,308.84,1582,32.62,30,No Failure,0
LOG_0003836,MCH_L3_03,2023-03-21 21:30:00,303.41,315.55,1503,24.61,136,No Failure,0
LOG_0003837,MCH_L2_04,2023-03-21 22:00:00,295.65,305.0,1180,35.65,31,No Failure,0
LOG_0003838,MCH_L1_01,2023-03-21 22:30:00,299.87,312.09,1395,49.6,168,No Failure,0
LOG_0003839,MCH_L1_02,2023-03-21 23:00:00,302.32,311.82,1251,18.79,4,No Failure,0
LOG_0003840,MCH_L1_05,2023-03-21 23:30:00,301.57,309.11,1411,49.36,178,No Failure,0
LOG_0003841,MCH_L1_04,2023-03-22 00:00:00,302.55,312.25,1536,42.79,53,No Failure,0
LOG_0003842,MCH_L3_05,2023-03-22 00:30:00,305.05,316.07,1464,38.82,218,No Failure,0
LOG_0003843,MCH_L2_05,2023-03-22 01:00:00,304.25,316.25,1573,35.53,27,No Failure,0
LOG_0003844,MCH_L2_04,2023-03-22 01:30:00,297.11,305.34,1218,44.07,170,No Failure,0
LOG_0003845,MCH_L2_02,2023-03-22 02:00:00,295.97,306.96,1614,51.89,11,No Failure,0
LOG_0003846,MCH_L2_01,2023-03-22 02:30:00,300.82,311.89,1529,42.19,196,No Failure,0
LOG_0003847,MCH_L2_02,2023-03-22 03:00:00,296.61,308.17,1348,38.21,199,No Failure,0
LOG_0003848,MCH_L1_01,2023-03-22 03:30:00,295.18,301.97,1497,62.94,16,No Failure,0
LOG_0003849,MCH_L1_01,2023-03-22 04:00:00,300.79,312.78,1762,40.73,7,No Failure,0
LOG_0003850,MCH_L2_03,2023-03-22 04:30:00,301.42,311.95,1675,26.07,225,No Failure,0
LOG_0003851,MCH_L3_03,2023-03-22 05:00:00,304.28,314.83,1701,42.79,214,No Failure,0
LOG_0003852,MCH_L3_03,2023-03-22 05:30:00,301.92,313.17,1474,35.0,17,Overstrain,1
LOG_0003853,MCH_L1_02,2023-03-22 06:00:00,304.8,312.39,1636,37.0,116,No Failure,0
LOG_0003854,MCH_L3_02,2023-03-22 06:30:00,300.89,312.11,1657,50.87,9,No Failure,0
LOG_0003855,MCH_L2_05,2023-03-22 07:00:00,297.16,310.01,1374,47.46,38,No Failure,0
LOG_0003856,MCH_L3_01,2023-03-22 07:30:00,302.06,310.42,1654,25.02,40,No Failure,0
LOG_0003857,MCH_L2_04,2023-03-22 08:00:00,303.34,313.26,1627,25.3,107,No Failure,0
LOG_0003858,MCH_L2_02,2023-03-22 08:30:00,300.98,311.02,1419,41.2,43,No Failure,0
LOG_0003859,MCH_L2_01,2023-03-22 09:00:00,303.63,314.06,1511,48.27,196,No Failure,0
LOG_0003860,MCH_L1_01,2023-03-22 09:30:00,299.69,310.2,1662,20.91,42,No Failure,0
LOG_0003861,MCH_L1_01,2023-03-22 10:00:00,301.36,310.55,1493,48.33,208,No Failure,0
LOG_0003862,MCH_L1_02,2023-03-22 10:30:00,299.56,309.61,1606,60.96,174,No Failure,0
LOG_0003863,MCH_L2_01,2023-03-22 11:00:00,305.95,318.04,1443,50.08,202,No Failure,0
LOG_0003864,MCH_L3_04,2023-03-22 11:30:00,302.1,312.59,1368,33.26,110,No Failure,0
LOG_0003865,MCH_L2_01,2023-03-22 12:00:00,297.21,307.65,1356,45.46,175,No Failure,0
LOG_0003866,MCH_L1_02,2023-03-22 12:30:00,304.63,313.77,1466,41.98,18,No Failure,0
LOG_0003867,MCH_L1_01,2023-03-22 13:00:00,298.17,309.78,1552,55.15,20,No Failure,0
LOG_0003868,MCH_L2_05,2023-03-22 13:30:00,300.03,309.77,1289,49.65,235,No Failure,0
LOG_0003869,MCH_L1_05,2023-03-22 14:00:00,301.17,308.71,1731,32.36,2,No Failure,0
LOG_0003870,MCH_L1_05,2023-03-22 14:30:00,301.37,311.87,1628,44.99,103,No Failure,0
LOG_0003871,MCH_L1_02,2023-03-22 15:00:00,301.21,312.06,1561,33.03,55,No Failure,0
LOG_0003872,MCH_L2_01,2023-03-22 15:30:00,297.17,306.81,1597,48.82,126,No Failure,0
LOG_0003873,MCH_L2_04,2023-03-22 16:00:00,301.22,308.54,1422,37.84,170,No Failure,0
LOG_0003874,MCH_L1_02,2023-03-22 16:30:00,302.75,311.41,1322,39.66,128,No Failure,0
LOG_0003875,MCH_L2_05,2023-03-22 17:00:00,302.68,312.54,1549,41.44,87,No Failure,0
LOG_0003876,MCH_L1_02,2023-03-22 17:30:00,296.75,306.28,1625,35.32,35,No Failure,0
LOG_0003877,MCH_L1_03,2023-03-22 18:00:00,298.36,308.89,1440,40.9,5,Heat Dissipation,1
LOG_0003878,MCH_L3_03,2023-03-22 18:30:00,297.39,308.1,1386,43.9,73,No Failure,0
LOG_0003879,MCH_L2_02,2023-03-22 19:00:00,300.85,310.33,1434,37.61,238,No Failure,0
LOG_0003880,MCH_L2_01,2023-03-22 19:30:00,296.12,304.44,1557,41.86,231,No Failure,0
LOG_0003881,MCH_L3_02,2023-03-22 20:00:00,297.19,308.93,1572,33.68,45,No Failure,0
LOG_0003882,MCH_L2_03,2023-03-22 20:30:00,298.34,309.01,1717,29.54,225,No Failure,0
LOG_0003883,MCH_L3_05,2023-03-22 21:00:00,295.51,306.32,1553,39.71,215,No Failure,0
LOG_0003884,MCH_L2_03,2023-03-22 21:30:00,299.93,310.39,1400,48.65,150,No Failure,0
LOG_0003885,MCH_L2_01,2023-03-22 22:00:00,294.73,306.05,1464,48.37,19,No Failure,0
LOG_0003886,MCH_L3_02,2023-03-22 22:30:00,301.21,310.75,1374,47.84,180,No Failure,0
LOG_0003887,MCH_L3_01,2023-03-22 23:00:00,299.01,310.0,1632,48.58,165,No Failure,0
LOG_0003888,MCH_L2_05,2023-03-22 23:30:00,298.44,309.24,1366,41.57,34,No Failure,0
LOG_0003889,MCH_L1_03,2023-03-23 00:00:00,298.85,309.61,1432,35.34,161,Overstrain,1
LOG_0003890,MCH_L1_03,2023-03-23 00:30:00,299.85,308.42,1557,37.78,237,No Failure,0
LOG_0003891,MCH_L3_05,2023-03-23 01:00:00,301.48,311.65,1691,38.97,177,No Failure,0
LOG_0003892,MCH_L1_01,2023-03-23 01:30:00,303.29,313.75,1842,34.41,46,No Failure,0
LOG_0003893,MCH_L2_02,2023-03-23 02:00:00,302.53,314.66,1339,45.04,35,No Failure,0
LOG_0003894,MCH_L1_05,2023-03-23 02:30:00,305.58,315.7,1576,34.8,15,No Failure,0
LOG_0003895,MCH_L1_04,2023-03-23 03:00:00,301.69,312.99,1497,24.28,214,No Failure,0
LOG_0003896,MCH_L2_05,2023-03-23 03:30:00,300.35,308.57,1470,49.0,107,No Failure,0
LOG_0003897,MCH_L3_05,2023-03-23 04:00:00,298.86,308.0,1466,44.34,176,No Failure,0
LOG_0003898,MCH_L1_04,2023-03-23 04:30:00,298.94,309.47,1351,25.34,64,No Failure,0
LOG_0003899,MCH_L3_04,2023-03-23 05:00:00,301.35,311.87,1700,34.49,62,No Failure,0
LOG_0003900,MCH_L1_04,2023-03-23 05:30:00,297.5,306.64,1250,39.18,51,No Failure,0
LOG_0003901,MCH_L2_01,2023-03-23 06:00:00,300.57,311.72,1482,39.97,72,No Failure,0
LOG_0003902,MCH_L3_05,2023-03-23 06:30:00,299.95,309.75,1679,57.89,203,No Failure,0
LOG_0003903,MCH_L2_03,2023-03-23 07:00:00,298.18,307.95,1527,31.85,59,No Failure,0
LOG_0003904,MCH_L2_03,2023-03-23 07:30:00,297.37,307.28,1419,31.32,100,No Failure,0
LOG_0003905,MCH_L1_05,2023-03-23 08:00:00,306.31,317.92,1424,50.81,16,No Failure,0
LOG_0003906,MCH_L3_05,2023-03-23 08:30:00,296.51,307.82,1605,38.44,194,No Failure,0
LOG_0003907,MCH_L2_01,2023-03-23 09:00:00,299.83,312.09,1463,49.97,37,No Failure,0
LOG_0003908,MCH_L1_04,2023-03-23 09:30:00,303.06,313.72,1496,37.74,28,No Failure,0
LOG_0003909,MCH_L3_02,2023-03-23 10:00:00,301.32,313.64,1574,50.36,30,No Failure,0
LOG_0003910,MCH_L3_04,2023-03-23 10:30:00,298.82,309.11,1611,37.64,226,No Failure,0
LOG_0003911,MCH_L3_01,2023-03-23 11:00:00,297.02,306.87,1433,38.94,186,No Failure,0
LOG_0003912,MCH_L3_03,2023-03-23 11:30:00,300.32,309.79,1336,31.18,53,No Failure,0
LOG_0003913,MCH_L2_04,2023-03-23 12:00:00,293.4,303.19,1379,54.69,101,No Failure,0
LOG_0003914,MCH_L2_03,2023-03-23 12:30:00,300.42,310.27,1665,33.59,180,No Failure,0
LOG_0003915,MCH_L2_05,2023-03-23 13:00:00,300.09,309.27,1508,29.14,25,No Failure,0
LOG_0003916,MCH_L3_02,2023-03-23 13:30:00,302.68,311.97,1350,53.77,140,No Failure,0
LOG_0003917,MCH_L2_05,2023-03-23 14:00:00,297.14,307.87,1387,45.6,184,No Failure,0
LOG_0003918,MCH_L1_01,2023-03-23 14:30:00,299.19,308.6,1639,53.47,18,No Failure,0
LOG_0003919,MCH_L3_05,2023-03-23 15:00:00,301.09,309.05,1510,33.94,223,No Failure,0
LOG_0003920,MCH_L1_02,2023-03-23 15:30:00,300.51,308.41,1299,45.14,110,No Failure,0
LOG_0003921,MCH_L2_04,2023-03-23 16:00:00,296.64,304.12,1367,51.9,26,No Failure,0
LOG_0003922,MCH_L2_03,2023-03-23 16:30:00,298.38,306.68,1638,30.29,230,Overstrain,1
LOG_0003923,MCH_L3_04,2023-03-23 17:00:00,303.5,312.06,1431,42.78,12,No Failure,0
LOG_0003924,MCH_L1_03,2023-03-23 17:30:00,300.65,309.48,1751,36.15,51,No Failure,0
LOG_0003925,MCH_L2_03,2023-03-23 18:00:00,295.84,306.18,1729,36.66,97,No Failure,0
LOG_0003926,MCH_L3_02,2023-03-23 18:30:00,302.21,310.68,1678,33.02,191,No Failure,0
LOG_0003927,MCH_L1_01,2023-03-23 19:00:00,296.0,304.9,1559,43.62,185,No Failure,0
LOG_0003928,MCH_L2_05,2023-03-23 19:30:00,299.23,307.03,1623,37.98,18,Heat Dissipation,1
LOG_0003929,MCH_L1_04,2023-03-23 20:00:00,301.41,310.62,1493,32.13,82,No Failure,0
LOG_0003930,MCH_L1_03,2023-03-23 20:30:00,303.03,313.9,1496,52.07,2,No Failure,0
LOG_0003931,MCH_L2_01,2023-03-23 21:00:00,294.16,304.13,1355,40.44,66,No Failure,0
LOG_0003932,MCH_L2_02,2023-03-23 21:30:00,301.78,311.88,1494,26.68,25,No Failure,0
LOG_0003933,MCH_L1_04,2023-03-23 22:00:00,302.15,312.15,1347,34.18,5,No Failure,0
LOG_0003934,MCH_L2_02,2023-03-23 22:30:00,298.61,307.07,1500,27.42,140,No Failure,0
LOG_0003935,MCH_L2_04,2023-03-23 23:00:00,300.23,309.74,1354,34.68,237,No Failure,0
LOG_0003936,MCH_L3_01,2023-03-23 23:30:00,292.37,302.64,1395,42.99,229,No Failure,0
LOG_0003937,MCH_L1_02,2023-03-24 00:00:00,293.13,304.29,1193,45.26,26,No Failure,0
LOG_0003938,MCH_L3_01,2023-03-24 00:30:00,302.77,313.21,1406,47.18,104,No Failure,0
LOG_0003939,MCH_L1_03,2023-03-24 01:00:00,298.65,309.71,1413,34.7,87,No Failure,0
LOG_0003940,MCH_L1_05,2023-03-24 01:30:00,299.13,307.83,1462,36.97,9,No Failure,0
LOG_0003941,MCH_L1_03,2023-03-24 02:00:00,300.59,308.79,1642,43.74,15,No Failure,0
LOG_0003942,MCH_L3_01,2023-03-24 02:30:00,299.09,306.99,1493,47.33,22,No Failure,0
LOG_0003943,MCH_L2_03,2023-03-24 03:00:00,298.85,309.83,1611,38.81,46,No Failure,0
LOG_0003944,MCH_L3_02,2023-03-24 03:30:00,300.99,309.26,1616,45.46,11,No Failure,0
LOG_0003945,MCH_L2_05,2023-03-24 04:00:00,296.26,307.53,1669,35.24,155,Heat Dissipation,1
LOG_0003946,MCH_L2_03,2023-03-24 04:30:00,302.9,312.36,1391,21.73,76,No Failure,0
LOG_0003947,MCH_L2_03,2023-03-24 05:00:00,299.42,311.42,1358,47.7,17,No Failure,0
LOG_0003948,MCH_L3_02,2023-03-24 05:30:00,297.49,306.95,1486,44.79,57,No Failure,0
LOG_0003949,MCH_L3_02,2023-03-24 06:00:00,297.15,306.68,1374,39.17,129,No Failure,0
LOG_0003950,MCH_L2_04,2023-03-24 06:30:00,300.11,310.19,1472,41.49,173,No Failure,0
LOG_0003951,MCH_L1_04,2023-03-24 07:00:00,299.23,308.73,1386,49.83,144,No Failure,0
LOG_0003952,MCH_L1_05,2023-03-24 07:30:00,296.13,306.63,1353,39.93,86,Overstrain,1
LOG_0003953,MCH_L1_05,2023-03-24 08:00:00,298.5,307.25,1542,15.41,63,No Failure,0
LOG_0003954,MCH_L2_03,2023-03-24 08:30:00,297.98,308.2,1723,22.74,86,No Failure,0
LOG_0003955,MCH_L2_02,2023-03-24 09:00:00,303.15,312.25,1469,51.38,192,No Failure,0
LOG_0003956,MCH_L2_04,2023-03-24 09:30:00,300.33,310.08,1533,45.04,53,No Failure,0
LOG_0003957,MCH_L3_05,2023-03-24 10:00:00,303.92,312.27,1507,49.66,170,No Failure,0
LOG_0003958,MCH_L3_05,2023-03-24 10:30:00,298.23,309.28,1495,52.63,77,No Failure,0
LOG_0003959,MCH_L3_04,2023-03-24 11:00:00,299.27,308.84,1671,52.14,203,No Failure,0
LOG_0003960,MCH_L2_03,2023-03-24 11:30:00,300.97,312.07,1466,28.02,182,No Failure,0
LOG_0003961,MCH_L1_02,2023-03-24 12:00:00,301.51,310.63,1111,38.28,13,No Failure,0
LOG_0003962,MCH_L2_05,2023-03-24 12:30:00,301.8,311.79,1394,32.48,171,No Failure,0
LOG_0003963,MCH_L3_02,2023-03-24 13:00:00,297.78,308.89,1512,41.39,37,No Failure,0
LOG_0003964,MCH_L1_04,2023-03-24 13:30:00,297.85,306.44,1487,28.48,185,Power Failure,1
LOG_0003965,MCH_L2_01,2023-03-24 14:00:00,299.11,308.05,1472,40.37,104,No Failure,0
LOG_0003966,MCH_L3_02,2023-03-24 14:30:00,303.7,314.67,1438,25.36,235,No Failure,0
LOG_0003967,MCH_L1_02,2023-03-24 15:00:00,297.5,309.12,1510,37.05,176,No Failure,0
LOG_0003968,MCH_L2_02,2023-03-24 15:30:00,298.68,308.7,1746,52.4,15,No Failure,0
LOG_0003969,MCH_L1_03,2023-03-24 16:00:00,301.82,310.66,1460,34.2,225,Power Failure,1
LOG_0003970,MCH_L3_03,2023-03-24 16:30:00,301.69,311.31,1759,34.11,81,No Failure,0
LOG_0003971,MCH_L1_03,2023-03-24 17:00:00,301.39,313.75,1556,41.07,239,Power Failure,1
LOG_0003972,MCH_L3_01,2023-03-24 17:30:00,300.2,308.6,1419,41.55,73,No Failure,0
LOG_0003973,MCH_L1_02,2023-03-24 18:00:00,297.34,307.97,1604,42.67,210,No Failure,0
LOG_0003974,MCH_L3_01,2023-03-24 18:30:00,298.27,308.42,1207,33.24,29,No Failure,0
LOG_0003975,MCH_L2_03,2023-03-24 19:00:00,302.82,311.43,1498,34.89,67,Heat Dissipation,1
LOG_0003976,MCH_L2_01,2023-03-24 19:30:00,301.93,311.55,1562,40.58,70,No Failure,0
LOG_0003977,MCH_L1_01,2023-03-24 20:00:00,296.66,304.49,1563,48.36,79,No Failure,0
LOG_0003978,MCH_L3_02,2023-03-24 20:30:00,302.17,312.52,1576,33.79,114,No Failure,0
LOG_0003979,MCH_L1_01,2023-03-24 21:00:00,303.27,313.79,1586,38.32,36,No Failure,0
LOG_0003980,MCH_L2_02,2023-03-24 21:30:00,300.13,308.49,1535,23.55,196,No Failure,0
LOG_0003981,MCH_L2_03,2023-03-24 22:00:00,301.07,311.74,1586,36.29,54,No Failure,0
LOG_0003982,MCH_L1_05,2023-03-24 22:30:00,302.53,311.73,1432,41.71,166,No Failure,0
LOG_0003983,MCH_L3_02,2023-03-24 23:00:00,298.26,307.35,1641,47.4,184,No Failure,0
LOG_0003984,MCH_L3_01,2023-03-24 23:30:00,305.82,314.65,1444,33.32,176,No Failure,0
LOG_0003985,MCH_L1_05,2023-03-25 00:00:00,303.06,313.85,1638,41.46,96,No Failure,0
LOG_0003986,MCH_L1_04,2023-03-25 00:30:00,301.31,309.3,1497,42.31,190,No Failure,0
LOG_0003987,MCH_L3_04,2023-03-25 01:00:00,299.91,308.0,1526,24.77,98,No Failure,0
LOG_0003988,MCH_L2_01,2023-03-25 01:30:00,301.24,310.53,1605,29.32,111,No Failure,0
LOG_0003989,MCH_L3_04,2023-03-25 02:00:00,296.1,305.43,1680,44.27,117,No Failure,0
LOG_0003990,MCH_L2_01,2023-03-25 02:30:00,305.21,315.96,1504,40.51,161,No Failure,0
LOG_0003991,MCH_L1_03,2023-03-25 03:00:00,302.82,312.71,1525,40.81,56,No Failure,0
LOG_0003992,MCH_L2_04,2023-03-25 03:30:00,303.66,313.55,1190,32.1,96,No Failure,0
LOG_0003993,MCH_L3_02,2023-03-25 04:00:00,300.08,308.14,1395,27.69,61,No Failure,0
LOG_0003994,MCH_L3_01,2023-03-25 04:30:00,299.1,308.82,1318,44.07,38,No Failure,0
LOG_0003995,MCH_L3_04,2023-03-25 05:00:00,298.31,305.42,1451,41.42,73,No Failure,0
LOG_0003996,MCH_L2_02,2023-03-25 05:30:00,302.03,312.31,1419,23.51,66,No Failure,0
LOG_0003997,MCH_L1_01,2023-03-25 06:00:00,298.72,309.53,1405,39.16,189,No Failure,0
LOG_0003998,MCH_L3_05,2023-03-25 06:30:00,299.53,308.59,1375,55.14,28,No Failure,0
LOG_0003999,MCH_L3_03,2023-03-25 07:00:00,301.37,311.82,1563,45.1,226,No Failure,0
LOG_0004000,MCH_L2_02,2023-03-25 07:30:00,298.35,307.82,1285,32.39,30,No Failure,0
LOG_0004001,MCH_L1_05,2023-03-25 08:00:00,302.61,314.09,1369,41.42,59,No Failure,0
LOG_0004002,MCH_L1_05,2023-03-25 08:30:00,299.96,310.23,1503,38.25,38,No Failure,0
LOG_0004003,MCH_L3_04,2023-03-25 09:00:00,296.23,304.98,1616,53.99,206,No Failure,0
LOG_0004004,MCH_L3_03,2023-03-25 09:30:00,298.32,309.73,1388,30.43,0,No Failure,0
LOG_0004005,MCH_L1_02,2023-03-25 10:00:00,303.27,314.26,1626,51.05,55,No Failure,0
LOG_0004006,MCH_L1_04,2023-03-25 10:30:00,297.66,307.17,1172,29.85,210,No Failure,0
LOG_0004007,MCH_L3_02,2023-03-25 11:00:00,302.24,312.83,1500,42.84,100,No Failure,0
LOG_0004008,MCH_L2_01,2023-03-25 11:30:00,300.3,310.88,1536,45.48,185,No Failure,0
LOG_0004009,MCH_L2_05,2023-03-25 12:00:00,299.57,309.06,1381,49.81,90,No Failure,0
LOG_0004010,MCH_L3_05,2023-03-25 12:30:00,306.28,316.36,1342,46.53,148,No Failure,0
LOG_0004011,MCH_L3_01,2023-03-25 13:00:00,296.79,307.08,1515,27.04,181,No Failure,0
LOG_0004012,MCH_L2_02,2023-03-25 13:30:00,298.15,307.34,1495,40.01,198,Tool Wear,1
LOG_0004013,MCH_L3_01,2023-03-25 14:00:00,299.94,311.56,1402,44.35,170,No Failure,0
LOG_0004014,MCH_L1_05,2023-03-25 14:30:00,306.04,313.67,1465,49.23,224,No Failure,0
LOG_0004015,MCH_L2_04,2023-03-25 15:00:00,299.95,310.76,1427,30.39,181,No Failure,0
LOG_0004016,MCH_L1_03,2023-03-25 15:30:00,300.69,309.23,1650,32.02,129,Heat Dissipation,1
LOG_0004017,MCH_L1_01,2023-03-25 16:00:00,299.16,308.87,1581,27.56,141,No Failure,0
LOG_0004018,MCH_L1_04,2023-03-25 16:30:00,300.9,308.98,1523,40.0,105,No Failure,0
LOG_0004019,MCH_L2_04,2023-03-25 17:00:00,299.32,307.74,1726,42.3,130,Overstrain,1
LOG_0004020,MCH_L1_04,2023-03-25 17:30:00,301.74,311.64,1624,43.01,141,No Failure,0
LOG_0004021,MCH_L1_02,2023-03-25 18:00:00,301.94,312.03,1649,37.74,4,No Failure,0
LOG_0004022,MCH_L2_05,2023-03-25 18:30:00,299.41,310.68,1689,39.04,80,Tool Wear,1
LOG_0004023,MCH_L3_04,2023-03-25 19:00:00,297.19,306.71,1481,39.1,166,No Failure,0
LOG_0004024,MCH_L3_04,2023-03-25 19:30:00,300.23,310.97,1353,38.02,128,No Failure,0
LOG_0004025,MCH_L1_05,2023-03-25 20:00:00,303.51,313.5,1285,24.4,119,No Failure,0
LOG_0004026,MCH_L1_03,2023-03-25 20:30:00,297.93,308.62,1588,31.87,42,No Failure,0
LOG_0004027,MCH_L3_03,2023-03-25 21:00:00,300.83,309.52,1384,44.57,91,No Failure,0
LOG_0004028,MCH_L3_02,2023-03-25 21:30:00,296.99,307.1,1899,36.22,229,No Failure,0
LOG_0004029,MCH_L3_03,2023-03-25 22:00:00,297.4,307.85,1398,35.74,239,No Failure,0
LOG_0004030,MCH_L2_04,2023-03-25 22:30:00,303.25,312.65,1378,50.76,186,No Failure,0
LOG_0004031,MCH_L1_04,2023-03-25 23:00:00,301.73,312.19,1593,49.14,77,No Failure,0
LOG_0004032,MCH_L2_01,2023-03-25 23:30:00,300.87,311.44,1595,33.79,208,No Failure,0
LOG_0004033,MCH_L1_02,2023-03-26 00:00:00,294.2,303.58,1715,52.67,14,No Failure,0
LOG_0004034,MCH_L2_01,2023-03-26 00:30:00,298.62,309.55,1470,38.34,45,No Failure,0
LOG_0004035,MCH_L1_03,2023-03-26 01:00:00,301.52,308.76,1639,46.8,6,No Failure,0
LOG_0004036,MCH_L3_02,2023-03-26 01:30:00,296.38,304.08,1480,39.71,169,No Failure,0
LOG_0004037,MCH_L3_02,2023-03-26 02:00:00,299.12,307.88,1565,34.56,114,No Failure,0
LOG_0004038,MCH_L2_04,2023-03-26 02:30:00,301.92,312.26,1474,46.82,6,No Failure,0
LOG_0004039,MCH_L3_01,2023-03-26 03:00:00,296.22,305.31,1729,32.33,174,No Failure,0
LOG_0004040,MCH_L1_02,2023-03-26 03:30:00,295.8,304.19,1772,38.66,87,No Failure,0
LOG_0004041,MCH_L3_05,2023-03-26 04:00:00,296.27,306.16,1357,39.98,89,No Failure,0
LOG_0004042,MCH_L3_02,2023-03-26 04:30:00,300.84,310.96,1653,36.72,205,No Failure,0
LOG_0004043,MCH_L3_02,2023-03-26 05:00:00,298.61,307.85,1388,28.44,238,No Failure,0
LOG_0004044,MCH_L2_04,2023-03-26 05:30:00,302.2,310.78,1639,44.31,18,No Failure,0
LOG_0004045,MCH_L1_05,2023-03-26 06:00:00,300.3,310.31,1696,47.83,52,No Failure,0
LOG_0004046,MCH_L2_03,2023-03-26 06:30:00,304.7,315.65,1384,41.4,89,No Failure,0
LOG_0004047,MCH_L1_02,2023-03-26 07:00:00,296.91,305.45,1353,33.53,15,No Failure,0
LOG_0004048,MCH_L2_01,2023-03-26 07:30:00,300.83,312.73,1440,58.42,225,No Failure,0
LOG_0004049,MCH_L1_03,2023-03-26 08:00:00,298.01,307.33,1640,38.04,61,No Failure,0
LOG_0004050,MCH_L3_02,2023-03-26 08:30:00,301.5,310.74,1557,37.89,193,No Failure,0
LOG_0004051,MCH_L3_02,2023-03-26 09:00:00,300.3,310.46,1470,15.14,64,No Failure,0
LOG_0004052,MCH_L3_04,2023-03-26 09:30:00,297.52,307.64,1586,29.45,111,No Failure,0
LOG_0004053,MCH_L2_05,2023-03-26 10:00:00,299.61,306.93,1464,49.86,178,No Failure,0
LOG_0004054,MCH_L1_05,2023-03-26 10:30:00,300.18,310.05,1515,67.99,35,Heat Dissipation,1
LOG_0004055,MCH_L3_02,2023-03-26 11:00:00,298.5,309.19,1565,50.93,162,No Failure,0
LOG_0004056,MCH_L2_03,2023-03-26 11:30:00,301.82,313.05,1557,31.14,234,No Failure,0
LOG_0004057,MCH_L2_05,2023-03-26 12:00:00,297.42,307.28,1702,44.05,23,No Failure,0
LOG_0004058,MCH_L3_04,2023-03-26 12:30:00,305.23,314.8,1355,36.69,68,No Failure,0
LOG_0004059,MCH_L1_01,2023-03-26 13:00:00,302.38,313.25,1613,36.95,118,No Failure,0
LOG_0004060,MCH_L1_05,2023-03-26 13:30:00,300.87,313.02,1387,28.93,156,No Failure,0
LOG_0004061,MCH_L1_03,2023-03-26 14:00:00,307.11,317.22,1451,44.42,232,No Failure,0
LOG_0004062,MCH_L1_04,2023-03-26 14:30:00,299.23,309.01,1480,29.22,128,No Failure,0
LOG_0004063,MCH_L1_02,2023-03-26 15:00:00,301.53,313.04,1449,20.44,184,No Failure,0
LOG_0004064,MCH_L2_04,2023-03-26 15:30:00,300.56,309.2,1338,36.52,122,No Failure,0
LOG_0004065,MCH_L1_03,2023-03-26 16:00:00,301.99,312.07,1445,18.25,136,No Failure,0
LOG_0004066,MCH_L3_05,2023-03-26 16:30:00,303.74,316.63,1532,33.13,99,No Failure,0
LOG_0004067,MCH_L1_02,2023-03-26 17:00:00,301.37,311.91,1483,45.1,207,No Failure,0
LOG_0004068,MCH_L2_05,2023-03-26 17:30:00,302.6,313.52,1676,49.62,14,No Failure,0
LOG_0004069,MCH_L3_01,2023-03-26 18:00:00,298.62,308.23,1487,45.42,73,No Failure,0
LOG_0004070,MCH_L2_04,2023-03-26 18:30:00,299.48,310.18,1501,38.04,228,No Failure,0
LOG_0004071,MCH_L2_02,2023-03-26 19:00:00,304.1,315.56,1521,35.38,143,No Failure,0
LOG_0004072,MCH_L2_01,2023-03-26 19:30:00,301.49,309.67,1484,32.12,229,No Failure,0
LOG_0004073,MCH_L1_01,2023-03-26 20:00:00,300.62,310.5,1557,52.63,175,No Failure,0
LOG_0004074,MCH_L1_05,2023-03-26 20:30:00,298.12,308.54,1437,29.3,35,No Failure,0
LOG_0004075,MCH_L3_02,2023-03-26 21:00:00,302.42,312.35,1360,41.06,52,No Failure,0
LOG_0004076,MCH_L3_01,2023-03-26 21:30:00,298.05,307.47,1491,45.04,78,No Failure,0
LOG_0004077,MCH_L3_04,2023-03-26 22:00:00,297.31,308.98,1546,23.12,130,No Failure,0
LOG_0004078,MCH_L3_05,2023-03-26 22:30:00,300.29,310.53,1519,19.47,146,No Failure,0
LOG_0004079,MCH_L3_01,2023-03-26 23:00:00,293.99,303.15,1393,45.03,40,No Failure,0
LOG_0004080,MCH_L1_03,2023-03-26 23:30:00,301.53,312.71,1519,27.63,36,No Failure,0
LOG_0004081,MCH_L1_01,2023-03-27 00:00:00,300.94,312.61,1581,42.63,239,No Failure,0
LOG_0004082,MCH_L1_04,2023-03-27 00:30:00,299.12,310.49,1524,32.56,186,No Failure,0
LOG_0004083,MCH_L3_03,2023-03-27 01:00:00,299.34,308.84,1414,42.27,194,No Failure,0
LOG_0004084,MCH_L1_02,2023-03-27 01:30:00,299.7,309.25,1509,43.43,135,No Failure,0
LOG_0004085,MCH_L1_02,2023-03-27 02:00:00,298.03,306.78,1704,48.54,87,No Failure,0
LOG_0004086,MCH_L1_03,2023-03-27 02:30:00,300.46,310.76,1375,43.77,13,No Failure,0
LOG_0004087,MCH_L2_03,2023-03-27 03:00:00,299.38,310.7,1631,41.91,188,No Failure,0
LOG_0004088,MCH_L2_03,2023-03-27 03:30:00,300.28,310.96,1230,54.79,34,No Failure,0
LOG_0004089,MCH_L3_02,2023-03-27 04:00:00,299.61,311.71,1434,31.69,143,No Failure,0
LOG_0004090,MCH_L3_05,2023-03-27 04:30:00,299.12,306.79,1448,40.45,70,No Failure,0
LOG_0004091,MCH_L2_02,2023-03-27 05:00:00,300.7,310.87,1629,47.74,232,No Failure,0
LOG_0004092,MCH_L2_01,2023-03-27 05:30:00,301.95,312.95,1712,17.39,162,No Failure,0
LOG_0004093,MCH_L2_04,2023-03-27 06:00:00,298.69,307.96,1633,52.96,7,No Failure,0
LOG_0004094,MCH_L1_04,2023-03-27 06:30:00,300.99,309.63,1561,38.59,187,No Failure,0
LOG_0004095,MCH_L3_02,2023-03-27 07:00:00,301.3,309.85,1627,43.65,11,No Failure,0
LOG_0004096,MCH_L1_01,2023-03-27 07:30:00,296.79,306.92,1337,35.81,176,No Failure,0
LOG_0004097,MCH_L2_03,2023-03-27 08:00:00,302.44,310.96,1607,43.74,109,Heat Dissipation,1
LOG_0004098,MCH_L2_02,2023-03-27 08:30:00,305.14,316.91,1367,42.26,79,No Failure,0
LOG_0004099,MCH_L2_02,2023-03-27 09:00:00,299.78,310.4,1411,30.44,114,No Failure,0
LOG_0004100,MCH_L3_05,2023-03-27 09:30:00,299.57,309.33,1547,36.26,67,No Failure,0
LOG_0004101,MCH_L1_03,2023-03-27 10:00:00,299.47,309.37,1351,44.27,162,No Failure,0
LOG_0004102,MCH_L1_04,2023-03-27 10:30:00,301.55,312.85,1647,52.5,44,No Failure,0
LOG_0004103,MCH_L2_05,2023-03-27 11:00:00,301.28,312.89,1500,36.8,40,No Failure,0
LOG_0004104,MCH_L2_04,2023-03-27 11:30:00,296.02,304.9,1343,29.03,236,No Failure,0
LOG_0004105,MCH_L3_05,2023-03-27 12:00:00,297.83,306.95,1681,43.0,60,No Failure,0
LOG_0004106,MCH_L2_01,2023-03-27 12:30:00,301.27,310.84,1468,37.44,223,No Failure,0
LOG_0004107,MCH_L3_05,2023-03-27 13:00:00,299.64,308.89,1480,46.82,75,No Failure,0
LOG_0004108,MCH_L3_05,2023-03-27 13:30:00,297.08,304.91,1473,33.66,212,No Failure,0
LOG_0004109,MCH_L1_05,2023-03-27 14:00:00,303.75,312.77,1149,28.43,142,No Failure,0
LOG_0004110,MCH_L1_03,2023-03-27 14:30:00,298.0,307.16,1650,53.34,98,No Failure,0
LOG_0004111,MCH_L2_04,2023-03-27 15:00:00,300.09,308.65,1503,35.98,66,No Failure,0
LOG_0004112,MCH_L1_05,2023-03-27 15:30:00,299.57,310.1,1518,32.3,186,No Failure,0
LOG_0004113,MCH_L1_05,2023-03-27 16:00:00,297.3,307.15,1581,34.19,1,No Failure,0
LOG_0004114,MCH_L3_04,2023-03-27 16:30:00,300.46,311.2,1464,51.99,121,No Failure,0
LOG_0004115,MCH_L1_04,2023-03-27 17:00:00,300.98,309.8,1365,59.49,133,No Failure,0
LOG_0004116,MCH_L3_04,2023-03-27 17:30:00,298.83,309.59,1388,33.29,184,No Failure,0
LOG_0004117,MCH_L1_04,2023-03-27 18:00:00,299.16,309.33,1604,38.34,15,No Failure,0
LOG_0004118,MCH_L3_02,2023-03-27 18:30:00,301.5,310.84,1498,42.74,22,No Failure,0
LOG_0004119,MCH_L1_01,2023-03-27 19:00:00,295.06,306.99,1620,24.16,94,No Failure,0
LOG_0004120,MCH_L2_02,2023-03-27 19:30:00,297.89,308.03,1641,35.66,113,No Failure,0
LOG_0004121,MCH_L2_04,2023-03-27 20:00:00,300.53,309.9,1606,56.07,40,No Failure,0
LOG_0004122,MCH_L1_03,2023-03-27 20:30:00,298.68,309.02,1650,37.23,157,No Failure,0
LOG_0004123,MCH_L3_02,2023-03-27 21:00:00,298.65,307.51,1414,50.74,194,No Failure,0
LOG_0004124,MCH_L3_03,2023-03-27 21:30:00,302.25,312.04,1572,39.42,118,No Failure,0
LOG_0004125,MCH_L3_05,2023-03-27 22:00:00,298.42,310.85,1443,21.91,121,No Failure,0
LOG_0004126,MCH_L1_02,2023-03-27 22:30:00,304.95,312.83,1368,48.43,54,No Failure,0
LOG_0004127,MCH_L1_03,2023-03-27 23:00:00,295.61,304.98,1555,37.04,207,No Failure,0
LOG_0004128,MCH_L1_01,2023-03-27 23:30:00,294.47,304.29,1590,52.17,131,No Failure,0
LOG_0004129,MCH_L2_01,2023-03-28 00:00:00,302.2,311.76,1458,41.72,109,No Failure,0
LOG_0004130,MCH_L3_01,2023-03-28 00:30:00,297.54,306.94,1505,40.05,99,No Failure,0
LOG_0004131,MCH_L3_01,2023-03-28 01:00:00,297.58,309.61,1584,44.0,27,No Failure,0
LOG_0004132,MCH_L2_02,2023-03-28 01:30:00,302.46,311.79,1426,43.23,177,No Failure,0
LOG_0004133,MCH_L3_01,2023-03-28 02:00:00,298.76,309.24,1597,25.26,27,No Failure,0
LOG_0004134,MCH_L3_01,2023-03-28 02:30:00,302.28,311.54,1391,49.02,122,No Failure,0
LOG_0004135,MCH_L1_02,2023-03-28 03:00:00,298.47,308.95,1548,39.72,180,No Failure,0
LOG_0004136,MCH_L2_03,2023-03-28 03:30:00,300.91,312.03,1354,40.23,194,No Failure,0
LOG_0004137,MCH_L3_04,2023-03-28 04:00:00,298.72,308.63,1661,43.55,25,No Failure,0
LOG_0004138,MCH_L2_01,2023-03-28 04:30:00,297.7,307.01,1582,47.68,166,No Failure,0
LOG_0004139,MCH_L3_04,2023-03-28 05:00:00,304.33,314.18,1741,48.97,12,No Failure,0
LOG_0004140,MCH_L1_04,2023-03-28 05:30:00,302.79,313.43,1387,45.66,70,No Failure,0
LOG_0004141,MCH_L1_05,2023-03-28 06:00:00,298.18,309.22,1579,25.16,53,No Failure,0
LOG_0004142,MCH_L2_03,2023-03-28 06:30:00,299.55,309.86,1497,39.4,12,No Failure,0
LOG_0004143,MCH_L3_04,2023-03-28 07:00:00,303.69,313.59,1324,32.04,119,No Failure,0
LOG_0004144,MCH_L1_03,2023-03-28 07:30:00,297.53,309.06,1513,41.52,58,No Failure,0
LOG_0004145,MCH_L1_03,2023-03-28 08:00:00,297.66,306.91,1568,38.31,3,No Failure,0
LOG_0004146,MCH_L3_04,2023-03-28 08:30:00,301.18,310.69,1736,57.31,79,No Failure,0
LOG_0004147,MCH_L3_05,2023-03-28 09:00:00,305.68,317.83,1439,28.41,184,No Failure,0
LOG_0004148,MCH_L3_04,2023-03-28 09:30:00,300.13,310.01,1556,40.09,219,No Failure,0
LOG_0004149,MCH_L3_01,2023-03-28 10:00:00,302.62,313.41,1536,40.96,59,No Failure,0
LOG_0004150,MCH_L1_04,2023-03-28 10:30:00,297.46,306.4,1479,36.04,46,No Failure,0
LOG_0004151,MCH_L1_01,2023-03-28 11:00:00,300.9,312.1,1487,39.8,76,No Failure,0
LOG_0004152,MCH_L2_04,2023-03-28 11:30:00,299.1,307.72,1589,58.2,233,No Failure,0
LOG_0004153,MCH_L2_03,2023-03-28 12:00:00,304.67,313.2,1487,43.08,201,No Failure,0
LOG_0004154,MCH_L2_03,2023-03-28 12:30:00,304.0,315.07,1471,52.85,4,No Failure,0
LOG_0004155,MCH_L3_04,2023-03-28 13:00:00,305.7,315.27,1439,36.01,35,Overstrain,1
LOG_0004156,MCH_L2_05,2023-03-28 13:30:00,298.26,307.97,1319,46.56,18,No Failure,0
LOG_0004157,MCH_L2_01,2023-03-28 14:00:00,300.09,310.61,1612,33.11,29,Heat Dissipation,1
LOG_0004158,MCH_L2_02,2023-03-28 14:30:00,300.94,310.59,1437,32.59,110,No Failure,0
LOG_0004159,MCH_L2_01,2023-03-28 15:00:00,298.36,307.1,1647,24.86,40,No Failure,0
LOG_0004160,MCH_L2_04,2023-03-28 15:30:00,300.33,309.65,1651,30.94,175,No Failure,0
LOG_0004161,MCH_L1_03,2023-03-28 16:00:00,302.27,311.1,1787,40.48,27,No Failure,0
LOG_0004162,MCH_L3_04,2023-03-28 16:30:00,298.62,310.01,1553,53.14,30,No Failure,0
LOG_0004163,MCH_L1_03,2023-03-28 17:00:00,298.24,309.69,1567,39.01,227,Tool Wear,1
LOG_0004164,MCH_L1_03,2023-03-28 17:30:00,298.08,307.07,1573,41.97,184,No Failure,0
LOG_0004165,MCH_L2_05,2023-03-28 18:00:00,296.64,307.16,1531,49.74,170,No Failure,0
LOG_0004166,MCH_L1_03,2023-03-28 18:30:00,302.13,311.8,1641,37.25,192,No Failure,0
LOG_0004167,MCH_L2_04,2023-03-28 19:00:00,298.24,309.99,1490,31.7,136,No Failure,0
LOG_0004168,MCH_L3_02,2023-03-28 19:30:00,297.97,310.81,1566,32.67,11,No Failure,0
LOG_0004169,MCH_L1_04,2023-03-28 20:00:00,301.32,312.2,1486,49.53,214,No Failure,0
LOG_0004170,MCH_L3_03,2023-03-28 20:30:00,299.97,309.35,1342,41.23,139,No Failure,0
LOG_0004171,MCH_L2_02,2023-03-28 21:00:00,298.69,307.3,1589,41.23,41,No Failure,0
LOG_0004172,MCH_L3_04,2023-03-28 21:30:00,302.03,312.32,1170,32.42,200,No Failure,0
LOG_0004173,MCH_L3_05,2023-03-28 22:00:00,298.59,308.4,1565,51.42,180,No Failure,0
LOG_0004174,MCH_L2_04,2023-03-28 22:30:00,294.56,302.83,1630,55.7,89,No Failure,0
LOG_0004175,MCH_L3_01,2023-03-28 23:00:00,303.33,313.43,1570,41.47,221,No Failure,0
LOG_0004176,MCH_L3_02,2023-03-28 23:30:00,297.93,310.46,1405,47.8,184,No Failure,0
LOG_0004177,MCH_L2_02,2023-03-29 00:00:00,298.2,309.17,1685,34.52,211,No Failure,0
LOG_0004178,MCH_L2_04,2023-03-29 00:30:00,298.21,306.82,1717,50.83,15,No Failure,0
LOG_0004179,MCH_L3_02,2023-03-29 01:00:00,300.15,310.13,1579,44.89,204,No Failure,0
LOG_0004180,MCH_L1_03,2023-03-29 01:30:00,299.31,309.76,1722,29.54,98,No Failure,0
LOG_0004181,MCH_L3_05,2023-03-29 02:00:00,302.47,313.06,1754,43.84,177,No Failure,0
LOG_0004182,MCH_L1_04,2023-03-29 02:30:00,304.11,312.15,1423,43.8,131,No Failure,0
LOG_0004183,MCH_L3_04,2023-03-29 03:00:00,298.3,308.16,1390,41.54,114,No Failure,0
LOG_0004184,MCH_L2_03,2023-03-29 03:30:00,297.65,307.96,1589,44.32,216,No Failure,0
LOG_0004185,MCH_L2_01,2023-03-29 04:00:00,298.7,308.48,1123,39.6,12,No Failure,0
LOG_0004186,MCH_L1_05,2023-03-29 04:30:00,301.1,308.79,1473,38.44,59,No Failure,0
LOG_0004187,MCH_L3_03,2023-03-29 05:00:00,299.71,309.53,1420,42.12,27,No Failure,0
LOG_0004188,MCH_L1_04,2023-03-29 05:30:00,298.75,309.69,1477,37.03,108,No Failure,0
LOG_0004189,MCH_L2_03,2023-03-29 06:00:00,296.76,306.07,1352,34.49,139,No Failure,0
LOG_0004190,MCH_L1_01,2023-03-29 06:30:00,294.48,303.92,1481,49.44,151,No Failure,0
LOG_0004191,MCH_L3_04,2023-03-29 07:00:00,297.49,309.17,1572,35.13,91,No Failure,0
LOG_0004192,MCH_L2_04,2023-03-29 07:30:00,303.16,312.92,1707,38.63,128,No Failure,0
LOG_0004193,MCH_L1_01,2023-03-29 08:00:00,301.09,311.22,1556,35.92,161,No Failure,0
LOG_0004194,MCH_L2_03,2023-03-29 08:30:00,299.52,307.28,1287,32.6,130,No Failure,0
LOG_0004195,MCH_L1_04,2023-03-29 09:00:00,301.82,310.56,1507,53.11,21,No Failure,0
LOG_0004196,MCH_L2_04,2023-03-29 09:30:00,296.78,309.41,1670,27.75,84,No Failure,0
LOG_0004197,MCH_L3_04,2023-03-29 10:00:00,300.14,312.13,1475,43.38,26,No Failure,0
LOG_0004198,MCH_L3_01,2023-03-29 10:30:00,295.53,306.1,1582,38.89,148,No Failure,0
LOG_0004199,MCH_L1_05,2023-03-29 11:00:00,300.87,308.13,1645,44.07,213,No Failure,0
LOG_0004200,MCH_L1_03,2023-03-29 11:30:00,300.65,309.05,1520,38.55,140,No Failure,0
LOG_0004201,MCH_L2_04,2023-03-29 12:00:00,300.71,309.08,1543,44.19,43,No Failure,0
LOG_0004202,MCH_L3_01,2023-03-29 12:30:00,302.92,311.27,1570,42.41,79,No Failure,0
LOG_0004203,MCH_L3_04,2023-03-29 13:00:00,301.94,311.48,1450,45.0,109,No Failure,0
LOG_0004204,MCH_L3_04,2023-03-29 13:30:00,296.98,307.92,1475,54.82,23,No Failure,0
LOG_0004205,MCH_L2_04,2023-03-29 14:00:00,302.96,312.2,1394,24.13,173,No Failure,0
LOG_0004206,MCH_L1_04,2023-03-29 14:30:00,299.48,309.11,1441,40.69,16,No Failure,0
LOG_0004207,MCH_L3_01,2023-03-29 15:00:00,295.07,304.7,1597,31.55,4,No Failure,0
LOG_0004208,MCH_L1_04,2023-03-29 15:30:00,299.73,310.81,1564,33.84,37,No Failure,0
LOG_0004209,MCH_L3_02,2023-03-29 16:00:00,301.62,312.69,1364,31.91,58,No Failure,0
LOG_0004210,MCH_L2_03,2023-03-29 16:30:00,297.47,307.66,1385,37.52,233,No Failure,0
LOG_0004211,MCH_L1_02,2023-03-29 17:00:00,303.33,314.86,1430,49.54,154,No Failure,0
LOG_0004212,MCH_L2_04,2023-03-29 17:30:00,297.69,307.23,1330,36.79,181,No Failure,0
LOG_0004213,MCH_L3_03,2023-03-29 18:00:00,298.8,310.9,1530,42.94,104,No Failure,0
LOG_0004214,MCH_L3_04,2023-03-29 18:30:00,298.34,307.61,1424,47.62,95,Overstrain,1
LOG_0004215,MCH_L2_01,2023-03-29 19:00:00,295.73,303.37,1561,32.76,89,No Failure,0
LOG_0004216,MCH_L2_04,2023-03-29 19:30:00,297.52,306.0,1621,33.22,70,No Failure,0
LOG_0004217,MCH_L2_03,2023-03-29 20:00:00,298.22,306.6,1299,40.0,99,No Failure,0
LOG_0004218,MCH_L3_05,2023-03-29 20:30:00,299.67,308.78,1425,24.68,54,No Failure,0
LOG_0004219,MCH_L3_05,2023-03-29 21:00:00,292.5,303.85,1314,57.08,70,No Failure,0
LOG_0004220,MCH_L2_02,2023-03-29 21:30:00,301.79,311.25,1279,40.05,170,No Failure,0
LOG_0004221,MCH_L3_03,2023-03-29 22:00:00,301.77,310.14,1565,44.76,90,No Failure,0
LOG_0004222,MCH_L3_04,2023-03-29 22:30:00,302.95,311.2,1525,38.34,165,No Failure,0
LOG_0004223,MCH_L1_01,2023-03-29 23:00:00,296.27,306.2,1432,45.41,111,No Failure,0
LOG_0004224,MCH_L3_04,2023-03-29 23:30:00,299.27,311.1,1385,38.52,239,No Failure,0
LOG_0004225,MCH_L3_02,2023-03-30 00:00:00,302.35,312.62,1370,44.75,215,No Failure,0
LOG_0004226,MCH_L1_03,2023-03-30 00:30:00,302.57,313.7,1521,51.02,87,No Failure,0
LOG_0004227,MCH_L3_01,2023-03-30 01:00:00,303.7,314.18,1472,21.28,60,No Failure,0
LOG_0004228,MCH_L3_04,2023-03-30 01:30:00,300.26,308.43,1392,45.66,172,No Failure,0
LOG_0004229,MCH_L1_02,2023-03-30 02:00:00,299.86,310.58,1550,35.5,185,No Failure,0
LOG_0004230,MCH_L1_05,2023-03-30 02:30:00,296.11,304.74,1533,30.61,107,No Failure,0
LOG_0004231,MCH_L3_05,2023-03-30 03:00:00,302.66,312.16,1383,27.73,156,No Failure,0
LOG_0004232,MCH_L1_05,2023-03-30 03:30:00,298.85,307.98,1443,40.83,181,Heat Dissipation,1
LOG_0004233,MCH_L1_05,2023-03-30 04:00:00,300.08,309.96,1603,42.4,218,No Failure,0
LOG_0004234,MCH_L1_04,2023-03-30 04:30:00,299.92,309.62,1589,34.68,33,No Failure,0
LOG_0004235,MCH_L1_05,2023-03-30 05:00:00,294.01,303.55,1421,29.3,148,No Failure,0
LOG_0004236,MCH_L1_03,2023-03-30 05:30:00,297.97,307.64,1699,40.97,44,No Failure,0
LOG_0004237,MCH_L3_02,2023-03-30 06:00:00,301.13,311.45,1478,40.59,128,No Failure,0
LOG_0004238,MCH_L1_01,2023-03-30 06:30:00,299.88,309.55,1594,45.11,137,No Failure,0
LOG_0004239,MCH_L1_05,2023-03-30 07:00:00,301.15,310.94,1373,45.84,185,No Failure,0
LOG_0004240,MCH_L3_03,2023-03-30 07:30:00,301.96,314.35,1481,49.9,93,No Failure,0
LOG_0004241,MCH_L2_04,2023-03-30 08:00:00,297.94,309.19,1390,45.73,27,No Failure,0
LOG_0004242,MCH_L3_03,2023-03-30 08:30:00,298.71,308.11,1301,26.13,188,No Failure,0
LOG_0004243,MCH_L2_04,2023-03-30 09:00:00,299.65,309.78,1494,39.92,105,No Failure,0
LOG_0004244,MCH_L1_04,2023-03-30 09:30:00,301.93,311.96,1460,48.5,29,No Failure,0
LOG_0004245,MCH_L1_03,2023-03-30 10:00:00,299.41,309.51,1628,47.21,27,No Failure,0
LOG_0004246,MCH_L1_01,2023-03-30 10:30:00,295.55,305.52,1430,60.65,156,No Failure,0
LOG_0004247,MCH_L1_02,2023-03-30 11:00:00,299.5,309.6,1532,47.56,30,No Failure,0
LOG_0004248,MCH_L2_03,2023-03-30 11:30:00,301.83,311.53,1451,28.55,106,No Failure,0
LOG_0004249,MCH_L1_01,2023-03-30 12:00:00,303.39,312.65,1383,26.57,232,No Failure,0
LOG_0004250,MCH_L2_03,2023-03-30 12:30:00,300.7,310.23,1596,40.48,195,No Failure,0
LOG_0004251,MCH_L3_03,2023-03-30 13:00:00,296.29,304.21,1426,41.28,82,No Failure,0
LOG_0004252,MCH_L2_02,2023-03-30 13:30:00,298.98,309.81,1447,35.34,201,No Failure,0
LOG_0004253,MCH_L3_05,2023-03-30 14:00:00,301.19,311.77,1357,46.53,108,No Failure,0
LOG_0004254,MCH_L2_03,2023-03-30 14:30:00,302.17,314.58,1297,18.63,30,No Failure,0
LOG_0004255,MCH_L3_02,2023-03-30 15:00:00,301.27,309.84,1554,36.06,225,No Failure,0
LOG_0004256,MCH_L2_01,2023-03-30 15:30:00,299.37,308.89,1488,20.6,40,No Failure,0
LOG_0004257,MCH_L3_02,2023-03-30 16:00:00,302.15,313.55,1610,33.61,63,No Failure,0
LOG_0004258,MCH_L3_04,2023-03-30 16:30:00,298.4,308.83,1561,37.05,230,No Failure,0
LOG_0004259,MCH_L3_05,2023-03-30 17:00:00,300.46,312.42,1350,48.94,121,No Failure,0
LOG_0004260,MCH_L3_05,2023-03-30 17:30:00,301.87,313.64,1500,29.61,169,No Failure,0
LOG_0004261,MCH_L2_04,2023-03-30 18:00:00,301.44,308.52,1495,38.84,43,No Failure,0
LOG_0004262,MCH_L1_03,2023-03-30 18:30:00,301.5,311.81,1621,35.55,158,No Failure,0
LOG_0004263,MCH_L2_05,2023-03-30 19:00:00,301.43,311.75,1647,38.96,115,No Failure,0
LOG_0004264,MCH_L1_04,2023-03-30 19:30:00,297.38,307.35,1292,36.7,138,No Failure,0
LOG_0004265,MCH_L3_03,2023-03-30 20:00:00,300.04,309.52,1631,37.85,35,No Failure,0
LOG_0004266,MCH_L2_01,2023-03-30 20:30:00,297.73,309.6,1615,34.46,107,No Failure,0
LOG_0004267,MCH_L2_03,2023-03-30 21:00:00,299.28,309.25,1402,43.14,235,No Failure,0
LOG_0004268,MCH_L1_05,2023-03-30 21:30:00,297.08,303.32,1494,49.37,31,No Failure,0
LOG_0004269,MCH_L1_03,2023-03-30 22:00:00,300.86,310.33,1247,40.36,214,No Failure,0
LOG_0004270,MCH_L2_01,2023-03-30 22:30:00,295.09,307.58,1493,57.07,103,No Failure,0
LOG_0004271,MCH_L1_04,2023-03-30 23:00:00,301.54,310.2,1374,40.67,237,No Failure,0
LOG_0004272,MCH_L2_04,2023-03-30 23:30:00,300.04,311.5,1562,46.85,166,No Failure,0
LOG_0004273,MCH_L3_03,2023-03-31 00:00:00,304.76,316.01,1549,33.54,66,No Failure,0
LOG_0004274,MCH_L1_03,2023-03-31 00:30:00,299.49,309.18,1488,39.02,187,No Failure,0
LOG_0004275,MCH_L1_04,2023-03-31 01:00:00,299.49,309.72,1523,37.36,91,No Failure,0
LOG_0004276,MCH_L2_02,2023-03-31 01:30:00,301.71,311.63,1405,29.61,24,No Failure,0
LOG_0004277,MCH_L2_02,2023-03-31 02:00:00,299.63,309.0,1364,33.47,27,No Failure,0
LOG_0004278,MCH_L3_02,2023-03-31 02:30:00,300.69,309.89,1753,43.04,146,Overstrain,1
LOG_0004279,MCH_L3_02,2023-03-31 03:00:00,302.49,314.19,1622,50.91,237,No Failure,0
LOG_0004280,MCH_L1_04,2023-03-31 03:30:00,299.33,309.12,1515,44.77,210,No Failure,0
LOG_0004281,MCH_L2_01,2023-03-31 04:00:00,302.99,312.06,1474,42.86,233,No Failure,0
LOG_0004282,MCH_L3_02,2023-03-31 04:30:00,295.8,306.46,1788,32.71,235,No Failure,0
LOG_0004283,MCH_L3_03,2023-03-31 05:00:00,304.01,314.52,1700,44.13,156,No Failure,0
LOG_0004284,MCH_L1_03,2023-03-31 05:30:00,295.53,303.74,1465,34.62,177,No Failure,0
LOG_0004285,MCH_L2_01,2023-03-31 06:00:00,303.38,312.61,1383,30.04,18,No Failure,0
LOG_0004286,MCH_L3_02,2023-03-31 06:30:00,295.33,303.29,1506,32.36,55,No Failure,0
LOG_0004287,MCH_L1_02,2023-03-31 07:00:00,304.95,318.01,1454,38.98,145,No Failure,0
LOG_0004288,MCH_L2_03,2023-03-31 07:30:00,300.4,309.96,1386,35.41,172,No Failure,0
LOG_0004289,MCH_L1_02,2023-03-31 08:00:00,297.64,306.83,1664,42.44,112,No Failure,0
LOG_0004290,MCH_L3_01,2023-03-31 08:30:00,304.66,314.06,1562,36.79,87,No Failure,0
LOG_0004291,MCH_L2_02,2023-03-31 09:00:00,297.28,306.37,1451,42.36,101,No Failure,0
LOG_0004292,MCH_L2_04,2023-03-31 09:30:00,299.43,309.21,1449,37.36,125,Power Failure,1
LOG_0004293,MCH_L1_01,2023-03-31 10:00:00,306.51,317.99,1501,39.59,207,No Failure,0
LOG_0004294,MCH_L2_03,2023-03-31 10:30:00,300.99,311.11,1441,31.66,81,No Failure,0
LOG_0004295,MCH_L2_02,2023-03-31 11:00:00,294.93,303.26,1431,52.2,40,No Failure,0
LOG_0004296,MCH_L2_01,2023-03-31 11:30:00,299.32,307.94,1746,26.14,125,No Failure,0
LOG_0004297,MCH_L2_01,2023-03-31 12:00:00,299.1,309.31,1390,61.16,12,No Failure,0
LOG_0004298,MCH_L2_01,2023-03-31 12:30:00,300.47,309.47,1234,44.03,195,No Failure,0
LOG_0004299,MCH_L2_04,2023-03-31 13:00:00,299.89,309.66,1578,26.72,204,No Failure,0
LOG_0004300,MCH_L1_02,2023-03-31 13:30:00,301.36,314.53,1633,40.84,98,Overstrain,1
LOG_0004301,MCH_L1_01,2023-03-31 14:00:00,296.18,304.97,1518,41.89,195,Power Failure,1
LOG_0004302,MCH_L3_03,2023-03-31 14:30:00,298.63,306.89,1306,52.69,82,No Failure,0
LOG_0004303,MCH_L3_02,2023-03-31 15:00:00,300.78,309.89,1483,28.53,23,No Failure,0
LOG_0004304,MCH_L2_01,2023-03-31 15:30:00,298.09,305.93,1438,28.54,160,No Failure,0
LOG_0004305,MCH_L2_05,2023-03-31 16:00:00,302.74,314.28,1660,42.93,96,No Failure,0
LOG_0004306,MCH_L3_01,2023-03-31 16:30:00,298.14,306.75,1398,41.64,72,No Failure,0
LOG_0004307,MCH_L2_03,2023-03-31 17:00:00,300.36,309.19,1527,52.47,182,No Failure,0
LOG_0004308,MCH_L1_03,2023-03-31 17:30:00,299.74,308.14,1571,31.52,2,No Failure,0
LOG_0004309,MCH_L3_02,2023-03-31 18:00:00,297.46,305.43,1397,30.82,2,No Failure,0
LOG_0004310,MCH_L2_05,2023-03-31 18:30:00,300.15,310.08,1428,55.9,29,No Failure,0
LOG_0004311,MCH_L1_01,2023-03-31 19:00:00,296.72,305.82,1551,39.61,145,No Failure,0
LOG_0004312,MCH_L2_04,2023-03-31 19:30:00,298.89,306.72,1115,33.66,193,No Failure,0
LOG_0004313,MCH_L3_03,2023-03-31 20:00:00,300.08,309.63,1663,46.0,223,No Failure,0
LOG_0004314,MCH_L3_03,2023-03-31 20:30:00,296.43,306.87,1378,22.57,170,No Failure,0
LOG_0004315,MCH_L1_01,2023-03-31 21:00:00,301.56,311.03,1505,43.22,200,No Failure,0
LOG_0004316,MCH_L1_03,2023-03-31 21:30:00,300.65,311.37,1337,34.63,65,No Failure,0
LOG_0004317,MCH_L2_03,2023-03-31 22:00:00,301.33,313.37,1658,35.73,211,No Failure,0
LOG_0004318,MCH_L3_04,2023-03-31 22:30:00,300.01,310.99,1500,51.01,26,No Failure,0
LOG_0004319,MCH_L1_03,2023-03-31 23:00:00,297.12,307.38,1525,43.65,99,No Failure,0
LOG_0004320,MCH_L3_03,2023-03-31 23:30:00,300.0,310.97,1567,30.41,104,No Failure,0
LOG_0004321,MCH_L1_04,2023-04-01 00:00:00,301.56,314.23,1630,40.44,109,No Failure,0
LOG_0004322,MCH_L2_03,2023-04-01 00:30:00,297.02,305.29,1365,40.99,18,No Failure,0
LOG_0004323,MCH_L1_01,2023-04-01 01:00:00,297.22,307.98,1467,37.77,15,No Failure,0
LOG_0004324,MCH_L3_03,2023-04-01 01:30:00,299.38,308.18,1651,31.84,25,No Failure,0
LOG_0004325,MCH_L3_03,2023-04-01 02:00:00,299.07,309.36,1447,41.93,13,No Failure,0
LOG_0004326,MCH_L2_01,2023-04-01 02:30:00,299.96,308.37,1664,45.96,46,Heat Dissipation,1
LOG_0004327,MCH_L1_01,2023-04-01 03:00:00,299.27,310.18,1524,43.86,145,No Failure,0
LOG_0004328,MCH_L3_04,2023-04-01 03:30:00,300.4,310.74,1449,33.94,155,No Failure,0
LOG_0004329,MCH_L1_01,2023-04-01 04:00:00,303.05,314.85,1583,38.66,110,No Failure,0
LOG_0004330,MCH_L3_04,2023-04-01 04:30:00,301.35,311.02,1481,21.23,146,No Failure,0
LOG_0004331,MCH_L2_03,2023-04-01 05:00:00,300.14,309.78,1602,53.59,29,No Failure,0
LOG_0004332,MCH_L3_01,2023-04-01 05:30:00,297.23,306.88,1442,34.89,104,No Failure,0
LOG_0004333,MCH_L1_04,2023-04-01 06:00:00,298.2,311.15,1602,35.58,148,No Failure,0
LOG_0004334,MCH_L3_02,2023-04-01 06:30:00,302.1,312.86,1552,28.83,148,No Failure,0
LOG_0004335,MCH_L1_01,2023-04-01 07:00:00,298.83,310.44,1459,47.32,47,No Failure,0
LOG_0004336,MCH_L2_05,2023-04-01 07:30:00,297.58,308.45,1281,48.74,182,No Failure,0
LOG_0004337,MCH_L2_02,2023-04-01 08:00:00,305.25,316.31,1557,35.16,157,Heat Dissipation,1
LOG_0004338,MCH_L1_05,2023-04-01 08:30:00,303.81,312.04,1629,30.33,41,No Failure,0
LOG_0004339,MCH_L1_05,2023-04-01 09:00:00,299.69,309.02,1523,40.17,164,No Failure,0
LOG_0004340,MCH_L1_01,2023-04-01 09:30:00,297.29,306.54,1230,37.2,40,No Failure,0
LOG_0004341,MCH_L3_04,2023-04-01 10:00:00,301.81,311.88,1636,46.33,173,No Failure,0
LOG_0004342,MCH_L2_05,2023-04-01 10:30:00,298.77,308.65,1547,38.88,95,No Failure,0
LOG_0004343,MCH_L3_01,2023-04-01 11:00:00,302.22,310.29,1574,38.28,93,No Failure,0
LOG_0004344,MCH_L2_01,2023-04-01 11:30:00,298.78,308.83,1490,45.7,213,No Failure,0
LOG_0004345,MCH_L3_04,2023-04-01 12:00:00,304.11,311.7,1268,26.6,187,No Failure,0
LOG_0004346,MCH_L2_04,2023-04-01 12:30:00,298.7,309.63,1569,37.35,87,Tool Wear,1
LOG_0004347,MCH_L2_04,2023-04-01 13:00:00,305.91,316.03,1473,41.63,201,No Failure,0
LOG_0004348,MCH_L2_03,2023-04-01 13:30:00,300.49,311.98,1412,36.36,215,Heat Dissipation,1
LOG_0004349,MCH_L1_05,2023-04-01 14:00:00,303.46,313.72,1709,42.39,0,No Failure,0
LOG_0004350,MCH_L1_01,2023-04-01 14:30:00,298.65,308.1,1570,41.88,53,No Failure,0
LOG_0004351,MCH_L2_04,2023-04-01 15:00:00,296.72,304.83,1526,47.47,115,No Failure,0
LOG_0004352,MCH_L1_01,2023-04-01 15:30:00,294.23,303.76,1396,37.67,34,No Failure,0
LOG_0004353,MCH_L2_03,2023-04-01 16:00:00,303.19,312.24,1381,22.72,143,No Failure,0
LOG_0004354,MCH_L1_05,2023-04-01 16:30:00,300.17,310.62,1560,26.85,4,No Failure,0
LOG_0004355,MCH_L1_03,2023-04-01 17:00:00,296.88,306.37,1260,43.94,158,No Failure,0
LOG_0004356,MCH_L3_01,2023-04-01 17:30:00,303.3,314.03,1566,41.54,108,No Failure,0
LOG_0004357,MCH_L2_02,2023-04-01 18:00:00,302.89,314.51,1573,38.08,36,No Failure,0
LOG_0004358,MCH_L2_02,2023-04-01 18:30:00,303.46,311.76,1665,38.7,118,No Failure,0
LOG_0004359,MCH_L2_04,2023-04-01 19:00:00,296.65,306.65,1617,34.49,152,No Failure,0
LOG_0004360,MCH_L2_02,2023-04-01 19:30:00,303.12,313.06,1636,34.52,106,No Failure,0
LOG_0004361,MCH_L3_03,2023-04-01 20:00:00,300.96,311.34,1428,35.35,112,No Failure,0
LOG_0004362,MCH_L3_01,2023-04-01 20:30:00,303.57,314.39,1324,37.63,189,No Failure,0
LOG_0004363,MCH_L3_04,2023-04-01 21:00:00,301.36,313.27,1521,41.04,152,No Failure,0
LOG_0004364,MCH_L1_03,2023-04-01 21:30:00,300.43,309.1,1553,39.35,66,No Failure,0
LOG_0004365,MCH_L3_01,2023-04-01 22:00:00,303.15,311.26,1621,37.22,37,No Failure,0
LOG_0004366,MCH_L3_03,2023-04-01 22:30:00,302.13,312.36,1678,45.91,223,No Failure,0
LOG_0004367,MCH_L3_05,2023-04-01 23:00:00,302.7,313.24,1360,47.39,175,No Failure,0
LOG_0004368,MCH_L3_04,2023-04-01 23:30:00,298.78,309.64,1602,51.38,211,No Failure,0
LOG_0004369,MCH_L3_03,2023-04-02 00:00:00,299.57,308.66,1230,38.4,221,No Failure,0
LOG_0004370,MCH_L1_01,2023-04-02 00:30:00,295.67,303.78,1533,35.58,191,No Failure,0
LOG_0004371,MCH_L2_03,2023-04-02 01:00:00,298.6,310.06,1583,39.46,129,No Failure,0
LOG_0004372,MCH_L3_02,2023-04-02 01:30:00,301.98,312.59,1316,35.34,191,No Failure,0
LOG_0004373,MCH_L1_03,2023-04-02 02:00:00,301.41,310.96,1574,39.87,196,No Failure,0
LOG_0004374,MCH_L3_02,2023-04-02 02:30:00,297.55,304.97,1372,43.46,210,No Failure,0
LOG_0004375,MCH_L2_03,2023-04-02 03:00:00,303.21,312.41,1452,40.91,147,No Failure,0
LOG_0004376,MCH_L2_03,2023-04-02 03:30:00,307.43,318.26,1603,38.63,85,No Failure,0
LOG_0004377,MCH_L3_03,2023-04-02 04:00:00,297.74,308.26,1461,45.43,10,No Failure,0
LOG_0004378,MCH_L1_05,2023-04-02 04:30:00,299.49,307.84,1460,54.25,118,No Failure,0
LOG_0004379,MCH_L3_03,2023-04-02 05:00:00,298.45,309.19,1538,33.98,81,No Failure,0
LOG_0004380,MCH_L3_02,2023-04-02 05:30:00,299.76,309.65,1595,42.84,218,No Failure,0
LOG_0004381,MCH_L3_03,2023-04-02 06:00:00,300.68,312.2,1499,38.38,158,No Failure,0
LOG_0004382,MCH_L1_01,2023-04-02 06:30:00,298.26,307.42,1689,32.83,34,No Failure,0
LOG_0004383,MCH_L3_03,2023-04-02 07:00:00,299.31,308.57,1459,33.88,171,No Failure,0
LOG_0004384,MCH_L2_05,2023-04-02 07:30:00,300.22,310.36,1647,36.55,182,No Failure,0
LOG_0004385,MCH_L2_02,2023-04-02 08:00:00,301.18,310.68,1563,53.37,44,No Failure,0
LOG_0004386,MCH_L3_02,2023-04-02 08:30:00,303.67,312.62,1580,48.1,148,No Failure,0
LOG_0004387,MCH_L2_05,2023-04-02 09:00:00,299.96,312.17,1360,32.41,179,No Failure,0
LOG_0004388,MCH_L1_05,2023-04-02 09:30:00,298.6,310.31,1645,44.63,147,No Failure,0
LOG_0004389,MCH_L2_03,2023-04-02 10:00:00,301.74,310.59,1514,31.75,8,No Failure,0
LOG_0004390,MCH_L2_04,2023-04-02 10:30:00,301.0,311.26,1777,34.68,94,No Failure,0
LOG_0004391,MCH_L3_01,2023-04-02 11:00:00,299.52,307.68,1530,51.16,136,Tool Wear,1
LOG_0004392,MCH_L3_04,2023-04-02 11:30:00,301.21,313.25,1497,56.86,185,No Failure,0
LOG_0004393,MCH_L2_02,2023-04-02 12:00:00,299.04,309.95,1438,23.9,198,No Failure,0
LOG_0004394,MCH_L3_04,2023-04-02 12:30:00,298.67,309.87,1500,40.26,160,No Failure,0
LOG_0004395,MCH_L3_03,2023-04-02 13:00:00,295.25,304.95,1669,43.46,0,Overstrain,1
LOG_0004396,MCH_L3_05,2023-04-02 13:30:00,299.18,310.59,1593,37.67,210,No Failure,0
LOG_0004397,MCH_L2_02,2023-04-02 14:00:00,295.59,307.0,1535,41.2,2,No Failure,0
LOG_0004398,MCH_L1_01,2023-04-02 14:30:00,298.4,308.2,1602,36.55,166,No Failure,0
LOG_0004399,MCH_L3_05,2023-04-02 15:00:00,301.45,310.07,1446,45.33,139,No Failure,0
LOG_0004400,MCH_L1_04,2023-04-02 15:30:00,296.24,306.76,1437,37.1,93,Heat Dissipation,1
LOG_0004401,MCH_L1_02,2023-04-02 16:00:00,299.53,309.38,1424,44.75,143,No Failure,0
LOG_0004402,MCH_L1_02,2023-04-02 16:30:00,300.16,312.38,1618,48.38,204,No Failure,0
LOG_0004403,MCH_L1_02,2023-04-02 17:00:00,299.4,309.46,1630,47.18,177,No Failure,0
LOG_0004404,MCH_L1_04,2023-04-02 17:30:00,298.8,308.93,1404,38.44,87,No Failure,0
LOG_0004405,MCH_L3_04,2023-04-02 18:00:00,300.81,311.78,1418,20.82,208,No Failure,0
LOG_0004406,MCH_L1_01,2023-04-02 18:30:00,301.16,311.16,1483,44.16,26,No Failure,0
LOG_0004407,MCH_L3_05,2023-04-02 19:00:00,300.0,310.83,1377,27.71,28,No Failure,0
LOG_0004408,MCH_L1_04,2023-04-02 19:30:00,298.94,308.29,1528,43.93,126,No Failure,0
LOG_0004409,MCH_L1_02,2023-04-02 20:00:00,302.16,310.82,1672,43.25,119,No Failure,0
LOG_0004410,MCH_L1_05,2023-04-02 20:30:00,296.72,305.62,1544,38.24,104,Tool Wear,1
LOG_0004411,MCH_L1_03,2023-04-02 21:00:00,301.72,311.32,1623,40.57,77,No Failure,0
LOG_0004412,MCH_L3_05,2023-04-02 21:30:00,301.05,311.19,1341,52.37,68,No Failure,0
LOG_0004413,MCH_L3_02,2023-04-02 22:00:00,300.5,311.1,1439,51.01,106,No Failure,0
LOG_0004414,MCH_L2_03,2023-04-02 22:30:00,299.98,310.53,1272,37.01,179,No Failure,0
LOG_0004415,MCH_L1_04,2023-04-02 23:00:00,295.28,305.29,1492,23.94,101,No Failure,0
LOG_0004416,MCH_L1_01,2023-04-02 23:30:00,303.47,312.19,1761,53.35,5,No Failure,0
LOG_0004417,MCH_L1_01,2023-04-03 00:00:00,302.1,312.94,1712,26.59,151,No Failure,0
LOG_0004418,MCH_L3_02,2023-04-03 00:30:00,297.6,305.8,1546,40.78,39,No Failure,0
LOG_0004419,MCH_L2_05,2023-04-03 01:00:00,301.9,310.5,1509,39.38,32,No Failure,0
LOG_0004420,MCH_L1_03,2023-04-03 01:30:00,300.47,310.52,1557,43.7,136,No Failure,0
LOG_0004421,MCH_L3_05,2023-04-03 02:00:00,298.54,309.5,1358,51.04,233,No Failure,0
LOG_0004422,MCH_L2_04,2023-04-03 02:30:00,302.98,313.73,1529,40.52,176,No Failure,0
LOG_0004423,MCH_L2_02,2023-04-03 03:00:00,298.92,308.8,1242,35.71,66,No Failure,0
LOG_0004424,MCH_L1_02,2023-04-03 03:30:00,303.39,313.92,1193,42.42,150,Power Failure,1
LOG_0004425,MCH_L3_05,2023-04-03 04:00:00,301.34,310.06,1458,28.41,212,Heat Dissipation,1
LOG_0004426,MCH_L3_03,2023-04-03 04:30:00,302.39,311.72,1784,34.19,21,Overstrain,1
LOG_0004427,MCH_L2_04,2023-04-03 05:00:00,301.45,310.79,1699,38.2,236,No Failure,0
LOG_0004428,MCH_L2_05,2023-04-03 05:30:00,301.33,310.16,1637,44.62,71,No Failure,0
LOG_0004429,MCH_L1_02,2023-04-03 06:00:00,300.54,310.11,1502,51.78,211,No Failure,0
LOG_0004430,MCH_L1_03,2023-04-03 06:30:00,298.18,307.93,1687,49.19,77,No Failure,0
LOG_0004431,MCH_L3_01,2023-04-03 07:00:00,300.16,309.61,1438,47.83,93,No Failure,0
LOG_0004432,MCH_L3_03,2023-04-03 07:30:00,302.29,311.98,1357,49.28,115,No Failure,0
LOG_0004433,MCH_L2_05,2023-04-03 08:00:00,301.8,308.37,1431,45.01,135,No Failure,0
LOG_0004434,MCH_L3_04,2023-04-03 08:30:00,301.25,311.71,1307,40.66,146,No Failure,0
LOG_0004435,MCH_L1_02,2023-04-03 09:00:00,294.76,304.27,1771,31.5,108,No Failure,0
LOG_0004436,MCH_L1_03,2023-04-03 09:30:00,299.47,308.98,1565,40.27,165,No Failure,0
LOG_0004437,MCH_L2_01,2023-04-03 10:00:00,299.2,307.53,1395,26.04,227,No Failure,0
LOG_0004438,MCH_L2_04,2023-04-03 10:30:00,297.24,309.1,1490,35.56,133,No Failure,0
LOG_0004439,MCH_L2_04,2023-04-03 11:00:00,302.26,314.18,1486,40.55,179,Heat Dissipation,1
LOG_0004440,MCH_L2_02,2023-04-03 11:30:00,294.94,302.94,1672,40.51,33,No Failure,0
LOG_0004441,MCH_L3_02,2023-04-03 12:00:00,302.09,311.81,1768,34.65,73,No Failure,0
LOG_0004442,MCH_L1_03,2023-04-03 12:30:00,303.32,314.43,1630,25.35,94,No Failure,0
LOG_0004443,MCH_L1_04,2023-04-03 13:00:00,299.48,309.05,1589,35.23,138,No Failure,0
LOG_0004444,MCH_L2_01,2023-04-03 13:30:00,299.81,309.08,1538,37.83,42,No Failure,0
LOG_0004445,MCH_L3_01,2023-04-03 14:00:00,302.42,311.61,1513,41.61,34,Power Failure,1
LOG_0004446,MCH_L1_05,2023-04-03 14:30:00,298.09,308.47,1511,45.88,138,No Failure,0
LOG_0004447,MCH_L1_02,2023-04-03 15:00:00,301.65,314.79,1513,37.38,167,No Failure,0
LOG_0004448,MCH_L3_03,2023-04-03 15:30:00,297.71,308.7,1476,36.73,159,No Failure,0
LOG_0004449,MCH_L2_01,2023-04-03 16:00:00,296.96,305.63,1446,34.56,176,No Failure,0
LOG_0004450,MCH_L1_03,2023-04-03 16:30:00,300.74,309.99,1372,39.4,89,No Failure,0
LOG_0004451,MCH_L3_04,2023-04-03 17:00:00,299.93,309.61,1471,47.94,213,No Failure,0
LOG_0004452,MCH_L2_03,2023-04-03 17:30:00,295.7,304.67,1342,31.1,184,Tool Wear,1
LOG_0004453,MCH_L1_02,2023-04-03 18:00:00,303.54,312.29,1432,23.32,64,No Failure,0
LOG_0004454,MCH_L1_01,2023-04-03 18:30:00,298.96,309.86,1486,41.78,47,No Failure,0
LOG_0004455,MCH_L2_04,2023-04-03 19:00:00,301.28,310.68,1531,49.99,220,No Failure,0
LOG_0004456,MCH_L3_04,2023-04-03 19:30:00,304.01,314.46,1529,42.6,179,No Failure,0
LOG_0004457,MCH_L3_02,2023-04-03 20:00:00,300.62,312.76,1559,31.57,38,No Failure,0
LOG_0004458,MCH_L1_03,2023-04-03 20:30:00,303.18,312.55,1549,39.11,213,No Failure,0
LOG_0004459,MCH_L3_01,2023-04-03 21:00:00,297.84,308.17,1715,40.47,181,No Failure,0
LOG_0004460,MCH_L1_01,2023-04-03 21:30:00,303.55,312.32,1698,46.08,223,No Failure,0
LOG_0004461,MCH_L2_02,2023-04-03 22:00:00,297.94,308.44,1453,32.62,152,No Failure,0
LOG_0004462,MCH_L3_03,2023-04-03 22:30:00,298.57,310.13,1610,53.38,103,No Failure,0
LOG_0004463,MCH_L3_05,2023-04-03 23:00:00,296.36,307.86,1478,36.49,172,No Failure,0
LOG_0004464,MCH_L2_05,2023-04-03 23:30:00,300.67,310.72,1299,34.4,156,No Failure,0
LOG_0004465,MCH_L1_05,2023-04-04 00:00:00,301.58,310.96,1579,42.45,100,No Failure,0
LOG_0004466,MCH_L1_05,2023-04-04 00:30:00,301.92,312.2,1436,28.15,31,No Failure,0
LOG_0004467,MCH_L3_04,2023-04-04 01:00:00,296.42,306.48,1418,57.49,122,No Failure,0
LOG_0004468,MCH_L1_01,2023-04-04 01:30:00,300.94,311.49,1430,43.96,93,Power Failure,1
LOG_0004469,MCH_L3_05,2023-04-04 02:00:00,301.03,310.27,1409,37.63,123,No Failure,0
LOG_0004470,MCH_L3_05,2023-04-04 02:30:00,301.54,311.06,1719,31.62,122,No Failure,0
LOG_0004471,MCH_L2_04,2023-04-04 03:00:00,298.07,307.81,1355,38.39,81,No Failure,0
LOG_0004472,MCH_L2_02,2023-04-04 03:30:00,293.74,304.54,1481,48.26,107,No Failure,0
LOG_0004473,MCH_L2_03,2023-04-04 04:00:00,301.77,312.73,1297,36.75,239,No Failure,0
LOG_0004474,MCH_L2_04,2023-04-04 04:30:00,299.64,309.12,1412,33.58,66,No Failure,0
LOG_0004475,MCH_L2_01,2023-04-04 05:00:00,300.7,309.32,1342,45.99,11,No Failure,0
LOG_0004476,MCH_L3_02,2023-04-04 05:30:00,299.76,310.2,1561,31.08,185,No Failure,0
LOG_0004477,MCH_L1_05,2023-04-04 06:00:00,300.59,311.47,1317,41.99,19,Heat Dissipation,1
LOG_0004478,MCH_L2_01,2023-04-04 06:30:00,301.84,311.68,1671,43.5,49,Overstrain,1
LOG_0004479,MCH_L3_01,2023-04-04 07:00:00,295.36,304.5,1342,43.26,135,No Failure,0
LOG_0004480,MCH_L1_02,2023-04-04 07:30:00,302.85,312.28,1375,43.67,158,No Failure,0
LOG_0004481,MCH_L1_04,2023-04-04 08:00:00,299.54,311.51,1580,31.92,151,No Failure,0
LOG_0004482,MCH_L1_03,2023-04-04 08:30:00,304.07,314.34,1725,38.4,125,No Failure,0
LOG_0004483,MCH_L3_03,2023-04-04 09:00:00,298.85,310.07,1447,37.86,140,No Failure,0
LOG_0004484,MCH_L2_02,2023-04-04 09:30:00,298.3,307.34,1571,41.17,199,No Failure,0
LOG_0004485,MCH_L2_04,2023-04-04 10:00:00,299.63,311.08,1374,24.71,41,No Failure,0
LOG_0004486,MCH_L1_05,2023-04-04 10:30:00,301.25,312.32,1438,28.11,77,No Failure,0
LOG_0004487,MCH_L2_01,2023-04-04 11:00:00,299.31,309.19,1486,58.36,206,No Failure,0
LOG_0004488,MCH_L2_05,2023-04-04 11:30:00,301.43,312.16,1400,46.17,212,No Failure,0
LOG_0004489,MCH_L3_04,2023-04-04 12:00:00,299.03,310.58,1636,38.19,78,No Failure,0
LOG_0004490,MCH_L3_02,2023-04-04 12:30:00,300.09,308.76,1596,40.65,25,No Failure,0
LOG_0004491,MCH_L3_02,2023-04-04 13:00:00,305.59,314.96,1436,57.15,165,No Failure,0
LOG_0004492,MCH_L1_02,2023-04-04 13:30:00,300.89,311.52,1205,24.07,109,No Failure,0
LOG_0004493,MCH_L1_03,2023-04-04 14:00:00,301.09,311.11,1412,40.97,37,No Failure,0
LOG_0004494,MCH_L1_03,2023-04-04 14:30:00,296.32,306.81,1651,37.1,182,No Failure,0
LOG_0004495,MCH_L3_02,2023-04-04 15:00:00,303.39,314.22,1485,50.56,96,No Failure,0
LOG_0004496,MCH_L3_02,2023-04-04 15:30:00,302.67,313.27,1622,44.88,137,No Failure,0
LOG_0004497,MCH_L3_05,2023-04-04 16:00:00,298.21,307.91,1698,58.4,210,No Failure,0
LOG_0004498,MCH_L2_04,2023-04-04 16:30:00,302.62,312.4,1572,46.92,10,No Failure,0
LOG_0004499,MCH_L3_05,2023-04-04 17:00:00,300.82,312.69,1635,36.24,130,No Failure,0
LOG_0004500,MCH_L2_02,2023-04-04 17:30:00,300.12,310.22,1431,38.0,122,No Failure,0
LOG_0004501,MCH_L2_03,2023-04-04 18:00:00,303.23,314.86,1639,45.82,22,No Failure,0
LOG_0004502,MCH_L3_01,2023-04-04 18:30:00,298.72,310.43,1474,52.35,61,No Failure,0
LOG_0004503,MCH_L2_05,2023-04-04 19:00:00,298.19,307.25,1407,33.98,197,No Failure,0
LOG_0004504,MCH_L3_01,2023-04-04 19:30:00,300.52,311.4,1753,42.18,40,No Failure,0
LOG_0004505,MCH_L2_04,2023-04-04 20:00:00,301.32,310.02,1497,23.35,120,No Failure,0
LOG_0004506,MCH_L2_01,2023-04-04 20:30:00,302.42,314.36,1414,37.51,168,No Failure,0
LOG_0004507,MCH_L1_04,2023-04-04 21:00:00,299.62,309.85,1551,54.67,92,No Failure,0
LOG_0004508,MCH_L3_02,2023-04-04 21:30:00,297.88,308.05,1369,52.91,3,No Failure,0
LOG_0004509,MCH_L1_01,2023-04-04 22:00:00,306.32,315.28,1349,46.37,130,No Failure,0
LOG_0004510,MCH_L2_03,2023-04-04 22:30:00,297.28,306.55,1474,55.12,211,No Failure,0
LOG_0004511,MCH_L2_02,2023-04-04 23:00:00,300.14,310.41,1327,37.78,50,No Failure,0
LOG_0004512,MCH_L1_02,2023-04-04 23:30:00,301.95,312.06,1443,39.44,182,Heat Dissipation,1
LOG_0004513,MCH_L2_03,2023-04-05 00:00:00,302.88,312.42,1342,37.62,106,No Failure,0
LOG_0004514,MCH_L3_02,2023-04-05 00:30:00,298.58,309.63,1617,45.56,190,No Failure,0
LOG_0004515,MCH_L1_05,2023-04-05 01:00:00,295.31,305.31,1702,64.82,176,No Failure,0
LOG_0004516,MCH_L2_02,2023-04-05 01:30:00,298.52,307.31,1333,43.12,71,No Failure,0
LOG_0004517,MCH_L1_04,2023-04-05 02:00:00,302.15,313.01,1755,30.3,69,No Failure,0
LOG_0004518,MCH_L1_05,2023-04-05 02:30:00,301.59,310.2,1591,30.62,68,No Failure,0
LOG_0004519,MCH_L2_03,2023-04-05 03:00:00,301.68,309.37,1529,32.6,7,Tool Wear,1
LOG_0004520,MCH_L1_01,2023-04-05 03:30:00,301.78,311.9,1317,33.1,122,No Failure,0
LOG_0004521,MCH_L1_01,2023-04-05 04:00:00,303.35,312.11,1303,32.34,135,No Failure,0
LOG_0004522,MCH_L3_05,2023-04-05 04:30:00,298.06,308.27,1495,41.86,226,No Failure,0
LOG_0004523,MCH_L1_04,2023-04-05 05:00:00,297.01,307.99,1479,27.87,146,No Failure,0
LOG_0004524,MCH_L1_03,2023-04-05 05:30:00,300.93,312.11,1464,44.16,111,No Failure,0
LOG_0004525,MCH_L3_03,2023-04-05 06:00:00,297.38,307.98,1505,48.4,201,No Failure,0
LOG_0004526,MCH_L2_05,2023-04-05 06:30:00,296.85,305.26,1414,34.72,182,No Failure,0
LOG_0004527,MCH_L3_02,2023-04-05 07:00:00,303.06,312.2,1473,42.93,226,No Failure,0
LOG_0004528,MCH_L1_02,2023-04-05 07:30:00,300.63,310.64,1499,45.66,200,No Failure,0
LOG_0004529,MCH_L3_02,2023-04-05 08:00:00,300.07,310.09,1808,47.47,71,No Failure,0
LOG_0004530,MCH_L1_03,2023-04-05 08:30:00,300.12,308.99,1227,40.94,7,No Failure,0
LOG_0004531,MCH_L3_01,2023-04-05 09:00:00,299.73,309.18,1545,31.94,184,No Failure,0
LOG_0004532,MCH_L3_05,2023-04-05 09:30:00,303.04,314.01,1510,40.92,71,No Failure,0
LOG_0004533,MCH_L3_05,2023-04-05 10:00:00,296.21,306.81,1502,38.67,211,No Failure,0
LOG_0004534,MCH_L3_01,2023-04-05 10:30:00,296.11,305.74,1543,41.19,6,No Failure,0
LOG_0004535,MCH_L3_04,2023-04-05 11:00:00,297.66,308.9,1737,31.57,45,No Failure,0
LOG_0004536,MCH_L3_01,2023-04-05 11:30:00,300.72,309.13,1541,27.1,149,No Failure,0
LOG_0004537,MCH_L1_01,2023-04-05 12:00:00,304.51,315.5,1320,22.86,80,No Failure,0
LOG_0004538,MCH_L1_01,2023-04-05 12:30:00,302.17,312.99,1543,25.09,171,No Failure,0
LOG_0004539,MCH_L2_01,2023-04-05 13:00:00,301.48,312.38,1480,24.51,4,No Failure,0
LOG_0004540,MCH_L1_05,2023-04-05 13:30:00,299.8,310.16,1426,48.71,225,No Failure,0
LOG_0004541,MCH_L2_03,2023-04-05 14:00:00,296.67,305.89,1522,42.13,152,No Failure,0
LOG_0004542,MCH_L1_02,2023-04-05 14:30:00,301.29,312.0,1485,40.34,174,No Failure,0
LOG_0004543,MCH_L1_04,2023-04-05 15:00:00,305.06,314.56,1472,37.09,170,No Failure,0
LOG_0004544,MCH_L2_03,2023-04-05 15:30:00,299.4,309.65,1487,23.74,142,No Failure,0
LOG_0004545,MCH_L3_02,2023-04-05 16:00:00,298.6,307.73,1359,43.27,191,No Failure,0
LOG_0004546,MCH_L2_01,2023-04-05 16:30:00,299.41,309.0,1586,41.92,158,No Failure,0
LOG_0004547,MCH_L1_01,2023-04-05 17:00:00,301.5,311.33,1483,40.39,236,No Failure,0
LOG_0004548,MCH_L3_05,2023-04-05 17:30:00,300.28,310.76,1531,33.47,82,No Failure,0
LOG_0004549,MCH_L1_04,2023-04-05 18:00:00,302.28,312.96,1396,34.12,43,No Failure,0
LOG_0004550,MCH_L1_01,2023-04-05 18:30:00,299.92,311.95,1365,44.45,222,No Failure,0
LOG_0004551,MCH_L3_03,2023-04-05 19:00:00,299.4,309.58,1455,33.48,174,No Failure,0
LOG_0004552,MCH_L1_02,2023-04-05 19:30:00,300.57,309.43,1496,49.03,139,No Failure,0
LOG_0004553,MCH_L1_05,2023-04-05 20:00:00,298.65,309.61,1450,53.6,63,No Failure,0
LOG_0004554,MCH_L3_04,2023-04-05 20:30:00,304.35,314.76,1510,49.51,22,No Failure,0
LOG_0004555,MCH_L2_03,2023-04-05 21:00:00,302.06,311.83,1241,40.81,49,No Failure,0
LOG_0004556,MCH_L2_03,2023-04-05 21:30:00,297.25,306.77,1740,39.21,214,No Failure,0
LOG_0004557,MCH_L3_01,2023-04-05 22:00:00,298.14,307.4,1408,40.84,124,Overstrain,1
LOG_0004558,MCH_L1_03,2023-04-05 22:30:00,301.41,310.63,1360,45.78,35,No Failure,0
LOG_0004559,MCH_L3_01,2023-04-05 23:00:00,300.46,309.0,1637,52.37,138,No Failure,0
LOG_0004560,MCH_L3_03,2023-04-05 23:30:00,300.76,311.92,1360,44.7,85,No Failure,0
LOG_0004561,MCH_L1_04,2023-04-06 00:00:00,299.52,310.04,1524,25.56,174,No Failure,0
LOG_0004562,MCH_L2_05,2023-04-06 00:30:00,301.14,311.25,1360,32.12,55,No Failure,0
LOG_0004563,MCH_L3_01,2023-04-06 01:00:00,299.58,308.84,1463,38.71,221,No Failure,0
LOG_0004564,MCH_L3_04,2023-04-06 01:30:00,301.41,312.72,1465,48.38,68,No Failure,0
LOG_0004565,MCH_L2_01,2023-04-06 02:00:00,301.93,310.23,1409,59.48,36,No Failure,0
LOG_0004566,MCH_L3_01,2023-04-06 02:30:00,304.02,313.86,1605,40.61,211,No Failure,0
LOG_0004567,MCH_L3_01,2023-04-06 03:00:00,298.71,309.89,1670,45.68,137,No Failure,0
LOG_0004568,MCH_L2_05,2023-04-06 03:30:00,299.97,307.58,1408,26.85,183,Heat Dissipation,1
LOG_0004569,MCH_L1_03,2023-04-06 04:00:00,296.95,307.16,1515,34.02,213,No Failure,0
LOG_0004570,MCH_L1_02,2023-04-06 04:30:00,304.57,313.78,1341,43.02,41,No Failure,0
LOG_0004571,MCH_L2_01,2023-04-06 05:00:00,295.06,305.21,1512,22.55,157,No Failure,0
LOG_0004572,MCH_L3_01,2023-04-06 05:30:00,304.21,313.76,1598,42.09,93,No Failure,0
LOG_0004573,MCH_L3_03,2023-04-06 06:00:00,300.23,310.94,1513,36.78,21,No Failure,0
LOG_0004574,MCH_L3_05,2023-04-06 06:30:00,301.05,312.53,1432,40.39,229,No Failure,0
LOG_0004575,MCH_L1_05,2023-04-06 07:00:00,299.59,312.61,1469,33.92,229,No Failure,0
LOG_0004576,MCH_L3_04,2023-04-06 07:30:00,300.08,309.94,1442,44.45,182,No Failure,0
LOG_0004577,MCH_L2_05,2023-04-06 08:00:00,301.47,312.36,1474,49.0,165,No Failure,0
LOG_0004578,MCH_L1_05,2023-04-06 08:30:00,295.91,306.32,1421,46.34,55,No Failure,0
LOG_0004579,MCH_L2_05,2023-04-06 09:00:00,298.37,308.87,1520,46.08,198,No Failure,0
LOG_0004580,MCH_L3_03,2023-04-06 09:30:00,297.89,309.66,1356,44.84,113,No Failure,0
LOG_0004581,MCH_L1_05,2023-04-06 10:00:00,301.12,310.3,1165,39.85,121,No Failure,0
LOG_0004582,MCH_L2_05,2023-04-06 10:30:00,300.01,309.58,1627,36.28,163,No Failure,0
LOG_0004583,MCH_L3_02,2023-04-06 11:00:00,301.55,311.34,1493,47.85,77,No Failure,0
LOG_0004584,MCH_L1_05,2023-04-06 11:30:00,300.41,309.23,1514,32.48,138,No Failure,0
LOG_0004585,MCH_L1_03,2023-04-06 12:00:00,302.65,312.65,1410,44.26,134,No Failure,0
LOG_0004586,MCH_L2_02,2023-04-06 12:30:00,298.15,308.94,1448,44.03,95,No Failure,0
LOG_0004587,MCH_L2_01,2023-04-06 13:00:00,300.15,311.14,1372,31.08,81,No Failure,0
LOG_0004588,MCH_L1_04,2023-04-06 13:30:00,302.77,312.55,1641,31.98,33,No Failure,0
LOG_0004589,MCH_L1_02,2023-04-06 14:00:00,302.27,313.64,1439,44.34,62,No Failure,0
LOG_0004590,MCH_L3_02,2023-04-06 14:30:00,296.3,303.81,1314,41.79,1,No Failure,0
LOG_0004591,MCH_L2_04,2023-04-06 15:00:00,297.45,310.24,1581,43.05,189,No Failure,0
LOG_0004592,MCH_L1_01,2023-04-06 15:30:00,299.8,310.48,1636,38.17,134,No Failure,0
LOG_0004593,MCH_L3_03,2023-04-06 16:00:00,299.41,308.89,1478,53.02,42,No Failure,0
LOG_0004594,MCH_L3_03,2023-04-06 16:30:00,299.84,310.39,1681,45.01,94,No Failure,0
LOG_0004595,MCH_L3_01,2023-04-06 17:00:00,301.99,311.81,1535,51.43,17,No Failure,0
LOG_0004596,MCH_L3_05,2023-04-06 17:30:00,300.72,308.21,1484,37.76,147,No Failure,0
LOG_0004597,MCH_L3_04,2023-04-06 18:00:00,300.87,310.93,1488,48.49,6,No Failure,0
LOG_0004598,MCH_L1_04,2023-04-06 18:30:00,301.68,312.77,1559,37.32,213,No Failure,0
LOG_0004599,MCH_L1_01,2023-04-06 19:00:00,302.69,313.85,1629,37.2,51,No Failure,0
LOG_0004600,MCH_L3_03,2023-04-06 19:30:00,292.36,302.66,1562,29.61,36,No Failure,0
LOG_0004601,MCH_L2_01,2023-04-06 20:00:00,299.03,310.18,1531,43.87,97,No Failure,0
LOG_0004602,MCH_L1_04,2023-04-06 20:30:00,297.79,308.31,1508,31.3,45,No Failure,0
LOG_0004603,MCH_L1_05,2023-04-06 21:00:00,301.19,311.46,1584,34.76,102,No Failure,0
LOG_0004604,MCH_L1_05,2023-04-06 21:30:00,298.84,308.01,1423,28.49,41,No Failure,0
LOG_0004605,MCH_L2_04,2023-04-06 22:00:00,300.19,309.77,1318,23.88,59,No Failure,0
LOG_0004606,MCH_L1_01,2023-04-06 22:30:00,302.13,311.82,1522,39.3,127,No Failure,0
LOG_0004607,MCH_L3_03,2023-04-06 23:00:00,298.49,308.83,1378,33.93,103,Heat Dissipation,1
LOG_0004608,MCH_L1_02,2023-04-06 23:30:00,300.91,311.87,1320,42.81,79,No Failure,0
LOG_0004609,MCH_L3_03,2023-04-07 00:00:00,303.88,313.14,1694,39.56,77,No Failure,0
LOG_0004610,MCH_L2_01,2023-04-07 00:30:00,302.08,310.41,1101,48.88,123,No Failure,0
LOG_0004611,MCH_L1_05,2023-04-07 01:00:00,296.04,307.77,1574,56.37,232,No Failure,0
LOG_0004612,MCH_L3_01,2023-04-07 01:30:00,299.27,308.11,1371,49.76,31,Power Failure,1
LOG_0004613,MCH_L2_02,2023-04-07 02:00:00,300.89,311.48,1403,40.26,165,No Failure,0
LOG_0004614,MCH_L1_03,2023-04-07 02:30:00,301.38,311.68,1551,45.72,166,No Failure,0
LOG_0004615,MCH_L1_03,2023-04-07 03:00:00,299.37,308.96,1779,51.16,25,No Failure,0
LOG_0004616,MCH_L2_05,2023-04-07 03:30:00,298.4,309.13,1584,35.72,29,No Failure,0
LOG_0004617,MCH_L1_02,2023-04-07 04:00:00,300.17,308.72,1377,47.61,168,No Failure,0
LOG_0004618,MCH_L3_03,2023-04-07 04:30:00,297.28,309.24,1494,51.1,102,No Failure,0
LOG_0004619,MCH_L1_03,2023-04-07 05:00:00,302.75,315.91,1465,40.7,136,No Failure,0
LOG_0004620,MCH_L2_05,2023-04-07 05:30:00,304.67,316.15,1251,43.98,31,No Failure,0
LOG_0004621,MCH_L1_01,2023-04-07 06:00:00,300.99,310.02,1506,57.39,183,No Failure,0
LOG_0004622,MCH_L1_05,2023-04-07 06:30:00,299.42,306.63,1419,34.69,52,No Failure,0
LOG_0004623,MCH_L3_04,2023-04-07 07:00:00,302.35,312.92,1588,37.71,134,No Failure,0
LOG_0004624,MCH_L3_05,2023-04-07 07:30:00,301.93,310.38,1463,44.73,203,No Failure,0
LOG_0004625,MCH_L3_02,2023-04-07 08:00:00,299.31,308.81,1685,32.47,150,No Failure,0
LOG_0004626,MCH_L1_05,2023-04-07 08:30:00,299.88,311.71,1542,39.37,80,No Failure,0
LOG_0004627,MCH_L3_02,2023-04-07 09:00:00,298.48,310.43,1525,29.64,179,No Failure,0
LOG_0004628,MCH_L3_01,2023-04-07 09:30:00,300.41,312.49,1735,23.91,148,No Failure,0
LOG_0004629,MCH_L2_02,2023-04-07 10:00:00,300.75,310.87,1536,42.04,75,No Failure,0
LOG_0004630,MCH_L1_04,2023-04-07 10:30:00,298.05,309.13,1697,28.67,213,No Failure,0
LOG_0004631,MCH_L1_03,2023-04-07 11:00:00,297.31,304.92,1364,32.17,150,No Failure,0
LOG_0004632,MCH_L1_01,2023-04-07 11:30:00,296.68,304.88,1257,48.7,68,No Failure,0
LOG_0004633,MCH_L3_02,2023-04-07 12:00:00,301.04,310.69,1526,41.44,17,No Failure,0
LOG_0004634,MCH_L3_05,2023-04-07 12:30:00,299.97,310.98,1644,39.69,228,No Failure,0
LOG_0004635,MCH_L2_03,2023-04-07 13:00:00,299.79,309.28,1362,36.84,36,No Failure,0
LOG_0004636,MCH_L3_03,2023-04-07 13:30:00,301.16,312.12,1447,53.08,134,No Failure,0
LOG_0004637,MCH_L1_03,2023-04-07 14:00:00,297.75,306.37,1298,59.03,60,No Failure,0
LOG_0004638,MCH_L3_03,2023-04-07 14:30:00,297.32,307.44,1496,45.16,130,No Failure,0
LOG_0004639,MCH_L3_05,2023-04-07 15:00:00,300.6,311.26,1498,17.62,0,No Failure,0
LOG_0004640,MCH_L1_02,2023-04-07 15:30:00,295.68,306.59,1573,39.71,59,No Failure,0
LOG_0004641,MCH_L3_01,2023-04-07 16:00:00,299.35,308.81,1439,31.02,133,No Failure,0
LOG_0004642,MCH_L1_04,2023-04-07 16:30:00,306.17,316.2,1468,36.18,123,No Failure,0
LOG_0004643,MCH_L1_03,2023-04-07 17:00:00,296.63,304.78,1575,44.09,70,No Failure,0
LOG_0004644,MCH_L3_03,2023-04-07 17:30:00,298.93,308.8,1525,40.9,90,No Failure,0
LOG_0004645,MCH_L1_01,2023-04-07 18:00:00,294.69,305.99,1548,28.35,185,No Failure,0
LOG_0004646,MCH_L1_03,2023-04-07 18:30:00,299.42,309.1,1602,34.12,30,No Failure,0
LOG_0004647,MCH_L3_02,2023-04-07 19:00:00,304.92,314.02,1587,49.76,7,No Failure,0
LOG_0004648,MCH_L1_02,2023-04-07 19:30:00,301.17,312.11,1753,53.51,205,Power Failure,1
LOG_0004649,MCH_L2_03,2023-04-07 20:00:00,298.47,311.21,1553,51.6,118,No Failure,0
LOG_0004650,MCH_L2_01,2023-04-07 20:30:00,305.45,318.06,1553,28.52,142,No Failure,0
LOG_0004651,MCH_L2_04,2023-04-07 21:00:00,295.64,305.95,1463,37.01,6,No Failure,0
LOG_0004652,MCH_L2_03,2023-04-07 21:30:00,301.13,312.05,1507,33.82,134,No Failure,0
LOG_0004653,MCH_L2_05,2023-04-07 22:00:00,300.16,312.13,1345,45.67,160,No Failure,0
LOG_0004654,MCH_L1_03,2023-04-07 22:30:00,299.38,309.67,1425,37.5,168,No Failure,0
LOG_0004655,MCH_L1_05,2023-04-07 23:00:00,302.02,312.57,1635,31.38,184,No Failure,0
LOG_0004656,MCH_L2_02,2023-04-07 23:30:00,297.05,306.66,1313,52.57,134,No Failure,0
LOG_0004657,MCH_L1_05,2023-04-08 00:00:00,300.78,313.62,1667,35.09,186,No Failure,0
LOG_0004658,MCH_L2_03,2023-04-08 00:30:00,300.46,311.32,1463,48.59,19,No Failure,0
LOG_0004659,MCH_L3_02,2023-04-08 01:00:00,297.82,307.5,1390,34.81,70,No Failure,0
LOG_0004660,MCH_L1_05,2023-04-08 01:30:00,304.87,314.18,1466,46.69,177,No Failure,0
LOG_0004661,MCH_L1_01,2023-04-08 02:00:00,299.55,307.32,1570,37.25,141,No Failure,0
LOG_0004662,MCH_L1_05,2023-04-08 02:30:00,299.65,307.75,1510,31.16,117,No Failure,0
LOG_0004663,MCH_L1_04,2023-04-08 03:00:00,297.43,306.56,1729,49.79,142,No Failure,0
LOG_0004664,MCH_L2_01,2023-04-08 03:30:00,299.59,310.7,1552,33.99,209,No Failure,0
LOG_0004665,MCH_L1_03,2023-04-08 04:00:00,305.84,316.23,1561,40.93,137,No Failure,0
LOG_0004666,MCH_L3_05,2023-04-08 04:30:00,299.37,307.86,1564,28.96,226,Tool Wear,1
LOG_0004667,MCH_L3_01,2023-04-08 05:00:00,301.3,310.19,1516,28.29,218,No Failure,0
LOG_0004668,MCH_L1_05,2023-04-08 05:30:00,302.38,312.72,1470,53.08,124,No Failure,0
LOG_0004669,MCH_L1_02,2023-04-08 06:00:00,299.55,311.56,1512,41.19,234,No Failure,0
LOG_0004670,MCH_L3_01,2023-04-08 06:30:00,298.98,307.66,1527,39.1,64,No Failure,0
LOG_0004671,MCH_L2_01,2023-04-08 07:00:00,301.18,311.73,1493,36.41,182,No Failure,0
LOG_0004672,MCH_L3_03,2023-04-08 07:30:00,299.4,308.87,1650,33.39,155,No Failure,0
LOG_0004673,MCH_L3_05,2023-04-08 08:00:00,299.17,308.67,1638,44.96,97,No Failure,0
LOG_0004674,MCH_L3_02,2023-04-08 08:30:00,302.35,310.94,1357,52.07,175,Heat Dissipation,1
LOG_0004675,MCH_L2_01,2023-04-08 09:00:00,299.83,310.58,1616,46.95,2,No Failure,0
LOG_0004676,MCH_L1_05,2023-04-08 09:30:00,303.03,312.45,1497,45.19,187,No Failure,0
LOG_0004677,MCH_L2_01,2023-04-08 10:00:00,299.77,309.35,1463,37.33,130,No Failure,0
LOG_0004678,MCH_L3_01,2023-04-08 10:30:00,296.71,307.89,1585,45.4,74,No Failure,0
LOG_0004679,MCH_L2_02,2023-04-08 11:00:00,291.44,302.68,1534,56.57,67,No Failure,0
LOG_0004680,MCH_L3_02,2023-04-08 11:30:00,295.4,304.52,1392,37.74,221,No Failure,0
LOG_0004681,MCH_L1_05,2023-04-08 12:00:00,295.84,306.2,1596,43.05,166,No Failure,0
LOG_0004682,MCH_L1_01,2023-04-08 12:30:00,300.67,311.76,1489,51.56,181,No Failure,0
LOG_0004683,MCH_L2_03,2023-04-08 13:00:00,297.57,307.35,1594,56.58,159,No Failure,0
LOG_0004684,MCH_L1_04,2023-04-08 13:30:00,295.06,305.86,1498,41.19,15,No Failure,0
LOG_0004685,MCH_L2_04,2023-04-08 14:00:00,299.67,309.29,1596,47.21,16,No Failure,0
LOG_0004686,MCH_L3_04,2023-04-08 14:30:00,297.3,306.88,1613,37.84,138,No Failure,0
LOG_0004687,MCH_L2_05,2023-04-08 15:00:00,301.16,310.04,1643,42.76,99,No Failure,0
LOG_0004688,MCH_L3_02,2023-04-08 15:30:00,301.1,313.15,1426,37.93,31,No Failure,0
LOG_0004689,MCH_L2_01,2023-04-08 16:00:00,301.36,310.78,1719,49.99,120,No Failure,0
LOG_0004690,MCH_L1_01,2023-04-08 16:30:00,293.6,302.64,1482,54.25,226,No Failure,0
LOG_0004691,MCH_L1_03,2023-04-08 17:00:00,300.11,308.86,1356,29.75,117,No Failure,0
LOG_0004692,MCH_L1_03,2023-04-08 17:30:00,299.7,309.8,1521,39.11,154,No Failure,0
LOG_0004693,MCH_L2_05,2023-04-08 18:00:00,296.95,305.73,1478,35.4,111,No Failure,0
LOG_0004694,MCH_L3_02,2023-04-08 18:30:00,294.66,303.8,1429,37.29,97,No Failure,0
LOG_0004695,MCH_L3_02,2023-04-08 19:00:00,299.73,310.69,1506,37.94,4,No Failure,0
LOG_0004696,MCH_L1_04,2023-04-08 19:30:00,302.66,313.2,1590,32.62,88,No Failure,0
LOG_0004697,MCH_L2_01,2023-04-08 20:00:00,293.55,301.94,1540,42.37,91,No Failure,0
LOG_0004698,MCH_L3_05,2023-04-08 20:30:00,297.92,308.79,1660,30.09,145,No Failure,0
LOG_0004699,MCH_L2_02,2023-04-08 21:00:00,300.33,310.37,1485,47.5,2,No Failure,0
LOG_0004700,MCH_L2_05,2023-04-08 21:30:00,302.81,314.17,1551,42.5,27,No Failure,0
LOG_0004701,MCH_L1_04,2023-04-08 22:00:00,299.22,310.92,1529,30.98,193,No Failure,0
LOG_0004702,MCH_L2_01,2023-04-08 22:30:00,304.83,312.9,1723,30.53,33,No Failure,0
LOG_0004703,MCH_L3_01,2023-04-08 23:00:00,295.51,306.43,1378,46.65,85,No Failure,0
LOG_0004704,MCH_L1_01,2023-04-08 23:30:00,294.96,306.92,1432,34.02,149,No Failure,0
LOG_0004705,MCH_L3_04,2023-04-09 00:00:00,302.54,312.79,1749,53.15,116,No Failure,0
LOG_0004706,MCH_L2_03,2023-04-09 00:30:00,294.13,304.96,1473,21.95,29,No Failure,0
LOG_0004707,MCH_L2_02,2023-04-09 01:00:00,301.15,311.42,1311,31.06,225,No Failure,0
LOG_0004708,MCH_L3_05,2023-04-09 01:30:00,299.26,310.44,1738,36.73,47,No Failure,0
LOG_0004709,MCH_L3_01,2023-04-09 02:00:00,297.75,308.21,1383,39.73,64,No Failure,0
LOG_0004710,MCH_L3_01,2023-04-09 02:30:00,298.93,306.5,1511,45.64,220,No Failure,0
LOG_0004711,MCH_L2_04,2023-04-09 03:00:00,296.78,306.63,1629,38.28,188,No Failure,0
LOG_0004712,MCH_L1_03,2023-04-09 03:30:00,299.2,308.98,1608,37.27,146,No Failure,0
LOG_0004713,MCH_L1_02,2023-04-09 04:00:00,300.04,310.9,1394,34.28,210,No Failure,0
LOG_0004714,MCH_L1_01,2023-04-09 04:30:00,298.96,310.37,1786,33.27,232,No Failure,0
LOG_0004715,MCH_L1_03,2023-04-09 05:00:00,298.54,308.27,1563,33.94,179,No Failure,0
LOG_0004716,MCH_L1_05,2023-04-09 05:30:00,300.64,309.17,1494,39.34,40,No Failure,0
LOG_0004717,MCH_L3_04,2023-04-09 06:00:00,304.15,314.52,1380,24.31,92,No Failure,0
LOG_0004718,MCH_L3_01,2023-04-09 06:30:00,299.33,308.4,1557,44.56,234,No Failure,0
LOG_0004719,MCH_L1_02,2023-04-09 07:00:00,302.05,311.32,1680,40.59,96,No Failure,0
LOG_0004720,MCH_L3_02,2023-04-09 07:30:00,297.58,310.44,1465,39.0,80,No Failure,0
LOG_0004721,MCH_L1_03,2023-04-09 08:00:00,296.66,305.85,1289,49.67,101,No Failure,0
LOG_0004722,MCH_L3_05,2023-04-09 08:30:00,301.13,309.25,1415,45.06,192,No Failure,0
LOG_0004723,MCH_L3_05,2023-04-09 09:00:00,299.42,310.14,1460,41.08,177,No Failure,0
LOG_0004724,MCH_L3_05,2023-04-09 09:30:00,302.82,313.67,1317,45.56,40,No Failure,0
LOG_0004725,MCH_L1_04,2023-04-09 10:00:00,303.31,314.36,1562,34.71,122,No Failure,0
LOG_0004726,MCH_L2_02,2023-04-09 10:30:00,302.1,313.11,1588,45.04,32,No Failure,0
LOG_0004727,MCH_L3_03,2023-04-09 11:00:00,302.04,312.21,1414,46.98,227,No Failure,0
LOG_0004728,MCH_L1_03,2023-04-09 11:30:00,291.44,301.63,1601,19.2,213,No Failure,0
LOG_0004729,MCH_L3_05,2023-04-09 12:00:00,301.11,312.24,1390,55.04,81,No Failure,0
LOG_0004730,MCH_L2_04,2023-04-09 12:30:00,302.16,314.09,1340,42.84,144,No Failure,0
LOG_0004731,MCH_L2_03,2023-04-09 13:00:00,296.82,305.31,1373,45.19,223,No Failure,0
LOG_0004732,MCH_L1_04,2023-04-09 13:30:00,300.02,309.29,1400,49.21,83,No Failure,0
LOG_0004733,MCH_L3_03,2023-04-09 14:00:00,297.39,308.14,1594,38.84,182,No Failure,0
LOG_0004734,MCH_L1_01,2023-04-09 14:30:00,302.57,312.88,1566,36.46,214,No Failure,0
LOG_0004735,MCH_L1_01,2023-04-09 15:00:00,297.61,305.46,1390,42.55,219,No Failure,0
LOG_0004736,MCH_L1_01,2023-04-09 15:30:00,298.02,307.33,1419,63.45,173,No Failure,0
LOG_0004737,MCH_L1_01,2023-04-09 16:00:00,298.84,309.2,1712,39.15,89,No Failure,0
LOG_0004738,MCH_L2_03,2023-04-09 16:30:00,305.62,315.64,1598,34.55,186,No Failure,0
LOG_0004739,MCH_L1_03,2023-04-09 17:00:00,302.51,312.08,1330,51.41,70,No Failure,0
LOG_0004740,MCH_L3_05,2023-04-09 17:30:00,304.03,316.84,1659,22.26,104,No Failure,0
LOG_0004741,MCH_L2_01,2023-04-09 18:00:00,295.47,305.44,1770,39.07,56,No Failure,0
LOG_0004742,MCH_L1_03,2023-04-09 18:30:00,296.83,307.11,1496,34.6,19,No Failure,0
LOG_0004743,MCH_L3_01,2023-04-09 19:00:00,303.35,313.51,1463,45.35,168,No Failure,0
LOG_0004744,MCH_L1_05,2023-04-09 19:30:00,295.6,305.85,1448,41.16,238,No Failure,0
LOG_0004745,MCH_L3_03,2023-04-09 20:00:00,298.32,308.37,1462,30.65,74,No Failure,0
LOG_0004746,MCH_L3_05,2023-04-09 20:30:00,305.14,312.64,1592,45.5,198,No Failure,0
LOG_0004747,MCH_L3_04,2023-04-09 21:00:00,297.59,306.4,1424,33.02,37,No Failure,0
LOG_0004748,MCH_L3_03,2023-04-09 21:30:00,295.45,305.07,1591,39.6,26,No Failure,0
LOG_0004749,MCH_L3_05,2023-04-09 22:00:00,300.12,311.1,1500,36.37,136,No Failure,0
LOG_0004750,MCH_L2_02,2023-04-09 22:30:00,295.55,305.19,1429,46.92,195,No Failure,0
LOG_0004751,MCH_L1_02,2023-04-09 23:00:00,303.09,312.09,1542,36.1,165,No Failure,0
LOG_0004752,MCH_L2_01,2023-04-09 23:30:00,297.76,308.89,1474,13.73,220,No Failure,0
LOG_0004753,MCH_L3_03,2023-04-10 00:00:00,297.26,308.88,1423,30.52,112,No Failure,0
LOG_0004754,MCH_L2_01,2023-04-10 00:30:00,300.07,308.23,1496,40.54,217,No Failure,0
LOG_0004755,MCH_L3_01,2023-04-10 01:00:00,298.99,309.11,1498,34.39,152,No Failure,0
LOG_0004756,MCH_L1_03,2023-04-10 01:30:00,300.63,307.43,1442,50.13,13,No Failure,0
LOG_0004757,MCH_L2_01,2023-04-10 02:00:00,301.3,310.93,1402,31.32,36,No Failure,0
LOG_0004758,MCH_L2_05,2023-04-10 02:30:00,299.46,311.72,1510,44.9,177,No Failure,0
LOG_0004759,MCH_L2_05,2023-04-10 03:00:00,297.1,307.21,1524,46.87,91,No Failure,0
LOG_0004760,MCH_L3_04,2023-04-10 03:30:00,301.83,310.17,1547,41.5,199,No Failure,0
LOG_0004761,MCH_L1_05,2023-04-10 04:00:00,298.27,306.64,1544,43.48,169,No Failure,0
LOG_0004762,MCH_L3_02,2023-04-10 04:30:00,297.83,306.71,1658,38.85,202,No Failure,0
LOG_0004763,MCH_L1_02,2023-04-10 05:00:00,300.36,309.55,1369,42.34,53,No Failure,0
LOG_0004764,MCH_L2_04,2023-04-10 05:30:00,295.18,302.91,1690,35.87,124,No Failure,0
LOG_0004765,MCH_L2_03,2023-04-10 06:00:00,300.98,311.38,1339,41.92,162,No Failure,0
LOG_0004766,MCH_L1_03,2023-04-10 06:30:00,300.49,311.14,1649,37.55,122,No Failure,0
LOG_0004767,MCH_L2_03,2023-04-10 07:00:00,302.8,312.38,1560,37.55,30,No Failure,0
LOG_0004768,MCH_L3_04,2023-04-10 07:30:00,298.75,311.2,1438,34.35,97,No Failure,0
LOG_0004769,MCH_L2_04,2023-04-10 08:00:00,303.31,312.79,1209,38.16,122,No Failure,0
LOG_0004770,MCH_L3_04,2023-04-10 08:30:00,301.32,312.76,1320,52.82,173,Power Failure,1
LOG_0004771,MCH_L3_05,2023-04-10 09:00:00,299.93,308.26,1423,37.95,227,No Failure,0
LOG_0004772,MCH_L1_03,2023-04-10 09:30:00,304.54,314.9,1553,47.99,144,No Failure,0
LOG_0004773,MCH_L1_03,2023-04-10 10:00:00,300.24,310.78,1435,44.45,112,No Failure,0
LOG_0004774,MCH_L1_02,2023-04-10 10:30:00,298.7,307.85,1495,42.1,84,No Failure,0
LOG_0004775,MCH_L2_03,2023-04-10 11:00:00,300.31,310.51,1447,42.43,89,No Failure,0
LOG_0004776,MCH_L2_05,2023-04-10 11:30:00,298.65,307.79,1520,40.18,232,No Failure,0
LOG_0004777,MCH_L1_01,2023-04-10 12:00:00,300.93,310.56,1333,35.05,91,No Failure,0
LOG_0004778,MCH_L2_03,2023-04-10 12:30:00,303.3,312.96,1468,54.6,180,No Failure,0
LOG_0004779,MCH_L2_02,2023-04-10 13:00:00,299.98,308.29,1563,48.99,127,No Failure,0
LOG_0004780,MCH_L3_04,2023-04-10 13:30:00,300.23,310.86,1803,40.37,21,No Failure,0
LOG_0004781,MCH_L2_02,2023-04-10 14:00:00,301.99,312.7,1601,40.59,185,No Failure,0
LOG_0004782,MCH_L1_03,2023-04-10 14:30:00,302.97,312.52,1477,44.81,168,No Failure,0
LOG_0004783,MCH_L1_01,2023-04-10 15:00:00,298.87,309.16,1423,31.01,2,Heat Dissipation,1
LOG_0004784,MCH_L1_04,2023-04-10 15:30:00,300.43,309.33,1554,33.35,91,Heat Dissipation,1
LOG_0004785,MCH_L2_04,2023-04-10 16:00:00,302.01,310.51,1399,24.05,62,No Failure,0
LOG_0004786,MCH_L1_05,2023-04-10 16:30:00,300.82,310.34,1517,38.2,227,No Failure,0
LOG_0004787,MCH_L1_01,2023-04-10 17:00:00,295.34,306.17,1538,50.13,65,Overstrain,1
LOG_0004788,MCH_L3_05,2023-04-10 17:30:00,302.46,312.37,1476,37.6,45,No Failure,0
LOG_0004789,MCH_L1_05,2023-04-10 18:00:00,301.31,310.78,1616,58.62,211,No Failure,0
LOG_0004790,MCH_L3_03,2023-04-10 18:30:00,301.48,311.88,1488,36.3,231,No Failure,0
LOG_0004791,MCH_L2_03,2023-04-10 19:00:00,297.02,305.92,1446,41.51,227,No Failure,0
LOG_0004792,MCH_L2_03,2023-04-10 19:30:00,300.38,308.91,1438,37.63,135,No Failure,0
LOG_0004793,MCH_L1_05,2023-04-10 20:00:00,302.11,311.69,1345,20.97,38,No Failure,0
LOG_0004794,MCH_L3_02,2023-04-10 20:30:00,297.8,306.78,1329,37.66,152,No Failure,0
LOG_0004795,MCH_L2_04,2023-04-10 21:00:00,298.45,307.02,1571,32.85,206,No Failure,0
LOG_0004796,MCH_L3_05,2023-04-10 21:30:00,302.15,313.23,1677,41.99,93,No Failure,0
LOG_0004797,MCH_L1_01,2023-04-10 22:00:00,298.33,310.97,1757,50.84,46,No Failure,0
LOG_0004798,MCH_L1_04,2023-04-10 22:30:00,299.48,307.61,1634,37.0,161,No Failure,0
LOG_0004799,MCH_L1_03,2023-04-10 23:00:00,297.41,306.91,1562,43.16,67,No Failure,0
LOG_0004800,MCH_L1_02,2023-04-10 23:30:00,304.55,314.76,1536,38.19,56,No Failure,0
LOG_0004801,MCH_L3_05,2023-04-11 00:00:00,301.3,309.24,1657,47.63,213,No Failure,0
LOG_0004802,MCH_L2_03,2023-04-11 00:30:00,299.36,309.09,1455,59.39,152,No Failure,0
LOG_0004803,MCH_L2_02,2023-04-11 01:00:00,298.89,308.71,1716,52.62,200,No Failure,0
LOG_0004804,MCH_L2_04,2023-04-11 01:30:00,296.93,307.51,1495,34.76,86,No Failure,0
LOG_0004805,MCH_L1_02,2023-04-11 02:00:00,299.72,308.79,1531,51.74,61,No Failure,0
LOG_0004806,MCH_L3_04,2023-04-11 02:30:00,301.66,310.98,1502,42.55,38,No Failure,0
LOG_0004807,MCH_L3_04,2023-04-11 03:00:00,297.98,309.15,1635,50.47,113,Tool Wear,1
LOG_0004808,MCH_L1_04,2023-04-11 03:30:00,300.26,310.76,1498,31.28,121,No Failure,0
LOG_0004809,MCH_L3_04,2023-04-11 04:00:00,299.08,309.95,1548,39.25,203,No Failure,0
LOG_0004810,MCH_L3_05,2023-04-11 04:30:00,303.45,311.35,1353,41.52,205,No Failure,0
LOG_0004811,MCH_L2_01,2023-04-11 05:00:00,298.41,307.61,1476,39.54,134,No Failure,0
LOG_0004812,MCH_L3_01,2023-04-11 05:30:00,301.94,313.76,1625,42.46,94,No Failure,0
LOG_0004813,MCH_L1_03,2023-04-11 06:00:00,303.49,313.39,1398,39.07,5,No Failure,0
LOG_0004814,MCH_L2_03,2023-04-11 06:30:00,299.06,308.91,1496,36.97,214,No Failure,0
LOG_0004815,MCH_L1_03,2023-04-11 07:00:00,298.53,308.43,1495,36.11,181,No Failure,0
LOG_0004816,MCH_L3_04,2023-04-11 07:30:00,302.31,314.19,1429,33.04,122,No Failure,0
LOG_0004817,MCH_L3_02,2023-04-11 08:00:00,295.55,304.65,1622,42.62,82,No Failure,0
LOG_0004818,MCH_L3_03,2023-04-11 08:30:00,301.08,311.89,1559,38.79,212,No Failure,0
LOG_0004819,MCH_L3_03,2023-04-11 09:00:00,296.06,306.38,1608,35.41,18,No Failure,0
LOG_0004820,MCH_L1_02,2023-04-11 09:30:00,303.06,311.42,1626,27.26,174,No Failure,0
LOG_0004821,MCH_L3_03,2023-04-11 10:00:00,299.37,309.01,1503,44.58,18,No Failure,0
LOG_0004822,MCH_L3_03,2023-04-11 10:30:00,299.77,308.77,1688,45.74,235,No Failure,0
LOG_0004823,MCH_L1_03,2023-04-11 11:00:00,298.19,306.66,1354,32.03,33,No Failure,0
LOG_0004824,MCH_L3_01,2023-04-11 11:30:00,296.04,307.48,1481,40.88,170,No Failure,0
LOG_0004825,MCH_L2_01,2023-04-11 12:00:00,303.16,311.7,1517,35.37,140,No Failure,0
LOG_0004826,MCH_L1_02,2023-04-11 12:30:00,299.57,310.47,1291,46.11,163,No Failure,0
LOG_0004827,MCH_L2_03,2023-04-11 13:00:00,308.02,316.99,1669,35.79,24,No Failure,0
LOG_0004828,MCH_L1_01,2023-04-11 13:30:00,297.97,309.6,1395,35.82,96,No Failure,0
LOG_0004829,MCH_L2_02,2023-04-11 14:00:00,298.38,307.88,1508,41.11,55,No Failure,0
LOG_0004830,MCH_L1_02,2023-04-11 14:30:00,297.76,308.16,1590,36.43,20,No Failure,0
LOG_0004831,MCH_L2_05,2023-04-11 15:00:00,299.56,308.88,1778,35.85,33,No Failure,0
LOG_0004832,MCH_L3_02,2023-04-11 15:30:00,303.94,311.34,1300,34.77,109,No Failure,0
LOG_0004833,MCH_L2_01,2023-04-11 16:00:00,302.53,310.53,1571,36.24,24,No Failure,0
LOG_0004834,MCH_L3_02,2023-04-11 16:30:00,296.24,303.96,1466,36.81,81,No Failure,0
LOG_0004835,MCH_L1_02,2023-04-11 17:00:00,303.01,313.31,1577,40.11,106,No Failure,0
LOG_0004836,MCH_L1_02,2023-04-11 17:30:00,301.71,311.68,1612,38.62,10,No Failure,0
LOG_0004837,MCH_L2_05,2023-04-11 18:00:00,301.2,311.91,1550,44.2,18,No Failure,0
LOG_0004838,MCH_L3_03,2023-04-11 18:30:00,298.29,307.47,1509,30.2,176,No Failure,0
LOG_0004839,MCH_L2_03,2023-04-11 19:00:00,298.48,305.87,1373,57.76,176,No Failure,0
LOG_0004840,MCH_L3_05,2023-04-11 19:30:00,300.34,311.9,1381,40.19,161,No Failure,0
LOG_0004841,MCH_L3_05,2023-04-11 20:00:00,298.62,309.81,1596,48.26,129,No Failure,0
LOG_0004842,MCH_L3_02,2023-04-11 20:30:00,303.28,313.73,1396,44.11,29,No Failure,0
LOG_0004843,MCH_L1_02,2023-04-11 21:00:00,298.51,309.84,1551,41.03,108,Heat Dissipation,1
LOG_0004844,MCH_L2_02,2023-04-11 21:30:00,295.13,305.01,1656,43.84,37,No Failure,0
LOG_0004845,MCH_L1_03,2023-04-11 22:00:00,296.75,307.07,1344,42.89,14,No Failure,0
LOG_0004846,MCH_L2_03,2023-04-11 22:30:00,296.91,306.07,1656,38.51,74,No Failure,0
LOG_0004847,MCH_L2_02,2023-04-11 23:00:00,299.34,308.06,1652,60.35,215,No Failure,0
LOG_0004848,MCH_L3_04,2023-04-11 23:30:00,300.54,308.65,1541,49.48,59,No Failure,0
LOG_0004849,MCH_L2_03,2023-04-12 00:00:00,300.13,309.23,1426,26.45,131,No Failure,0
LOG_0004850,MCH_L3_04,2023-04-12 00:30:00,301.15,314.34,1563,48.93,82,No Failure,0
LOG_0004851,MCH_L2_02,2023-04-12 01:00:00,299.37,307.55,1478,40.6,220,No Failure,0
LOG_0004852,MCH_L3_01,2023-04-12 01:30:00,299.46,308.33,1415,53.91,13,No Failure,0
LOG_0004853,MCH_L2_01,2023-04-12 02:00:00,304.38,314.52,1516,37.23,113,No Failure,0
LOG_0004854,MCH_L3_03,2023-04-12 02:30:00,303.01,315.89,1394,20.15,80,No Failure,0
LOG_0004855,MCH_L2_02,2023-04-12 03:00:00,301.02,309.76,1358,37.01,7,No Failure,0
LOG_0004856,MCH_L1_05,2023-04-12 03:30:00,302.29,311.54,1434,26.38,76,No Failure,0
LOG_0004857,MCH_L2_02,2023-04-12 04:00:00,295.18,305.99,1293,34.21,214,No Failure,0
LOG_0004858,MCH_L1_01,2023-04-12 04:30:00,297.94,308.68,1643,35.15,92,No Failure,0
LOG_0004859,MCH_L1_01,2023-04-12 05:00:00,298.92,308.09,1562,43.21,110,No Failure,0
LOG_0004860,MCH_L2_04,2023-04-12 05:30:00,297.97,306.97,1396,42.17,138,No Failure,0
LOG_0004861,MCH_L3_04,2023-04-12 06:00:00,296.14,306.68,1438,45.44,79,No Failure,0
LOG_0004862,MCH_L1_05,2023-04-12 06:30:00,301.05,310.69,1591,44.71,49,No Failure,0
LOG_0004863,MCH_L3_03,2023-04-12 07:00:00,303.46,313.8,1652,56.5,235,No Failure,0
LOG_0004864,MCH_L1_05,2023-04-12 07:30:00,299.97,309.77,1512,40.01,86,No Failure,0
LOG_0004865,MCH_L1_03,2023-04-12 08:00:00,301.62,312.04,1469,44.37,75,No Failure,0
LOG_0004866,MCH_L1_05,2023-04-12 08:30:00,299.89,310.44,1303,47.52,37,No Failure,0
LOG_0004867,MCH_L1_03,2023-04-12 09:00:00,298.9,306.56,1461,34.51,151,No Failure,0
LOG_0004868,MCH_L2_04,2023-04-12 09:30:00,302.3,311.74,1363,29.25,94,No Failure,0
LOG_0004869,MCH_L2_04,2023-04-12 10:00:00,296.43,306.83,1359,43.13,165,No Failure,0
LOG_0004870,MCH_L2_01,2023-04-12 10:30:00,295.34,306.31,1647,36.6,227,No Failure,0
LOG_0004871,MCH_L3_05,2023-04-12 11:00:00,296.39,305.99,1485,46.63,124,No Failure,0
LOG_0004872,MCH_L1_01,2023-04-12 11:30:00,302.13,309.92,1516,46.24,189,No Failure,0
LOG_0004873,MCH_L2_02,2023-04-12 12:00:00,300.22,311.72,1548,48.41,183,No Failure,0
LOG_0004874,MCH_L2_02,2023-04-12 12:30:00,300.94,311.97,1478,33.32,64,No Failure,0
LOG_0004875,MCH_L3_04,2023-04-12 13:00:00,304.19,314.32,1508,35.12,89,No Failure,0
LOG_0004876,MCH_L2_05,2023-04-12 13:30:00,297.09,306.53,1502,40.91,16,No Failure,0
LOG_0004877,MCH_L2_05,2023-04-12 14:00:00,303.01,313.73,1448,38.49,99,No Failure,0
LOG_0004878,MCH_L1_04,2023-04-12 14:30:00,299.01,308.46,1532,43.88,144,No Failure,0
LOG_0004879,MCH_L2_03,2023-04-12 15:00:00,298.63,309.68,1489,51.56,228,No Failure,0
LOG_0004880,MCH_L2_01,2023-04-12 15:30:00,300.2,312.36,1510,39.15,26,No Failure,0
LOG_0004881,MCH_L1_04,2023-04-12 16:00:00,300.59,310.0,1500,28.48,88,No Failure,0
LOG_0004882,MCH_L1_04,2023-04-12 16:30:00,299.47,310.41,1734,23.4,221,No Failure,0
LOG_0004883,MCH_L1_02,2023-04-12 17:00:00,301.53,310.74,1618,29.02,232,No Failure,0
LOG_0004884,MCH_L3_04,2023-04-12 17:30:00,300.21,311.44,1593,28.74,24,No Failure,0
LOG_0004885,MCH_L1_02,2023-04-12 18:00:00,299.5,309.2,1556,45.67,101,No Failure,0
LOG_0004886,MCH_L3_02,2023-04-12 18:30:00,298.96,310.7,1551,39.59,95,No Failure,0
LOG_0004887,MCH_L3_04,2023-04-12 19:00:00,300.6,310.27,1466,40.64,203,No Failure,0
LOG_0004888,MCH_L1_04,2023-04-12 19:30:00,296.61,305.53,1634,46.13,176,No Failure,0
LOG_0004889,MCH_L1_05,2023-04-12 20:00:00,297.31,306.91,1539,51.58,57,No Failure,0
LOG_0004890,MCH_L2_03,2023-04-12 20:30:00,299.08,308.81,1570,38.34,212,No Failure,0
LOG_0004891,MCH_L3_05,2023-04-12 21:00:00,301.36,311.64,1464,46.31,233,No Failure,0
LOG_0004892,MCH_L2_01,2023-04-12 21:30:00,305.36,314.97,1395,42.99,225,No Failure,0
LOG_0004893,MCH_L3_04,2023-04-12 22:00:00,299.6,309.89,1636,26.76,123,No Failure,0
LOG_0004894,MCH_L3_05,2023-04-12 22:30:00,295.56,305.88,1515,27.38,0,No Failure,0
LOG_0004895,MCH_L1_04,2023-04-12 23:00:00,298.02,307.51,1442,37.11,140,No Failure,0
LOG_0004896,MCH_L3_03,2023-04-12 23:30:00,301.65,312.04,1541,41.67,180,No Failure,0
LOG_0004897,MCH_L3_01,2023-04-13 00:00:00,297.57,306.87,1487,44.08,20,No Failure,0
LOG_0004898,MCH_L2_02,2023-04-13 00:30:00,296.74,309.14,1685,38.32,0,No Failure,0
LOG_0004899,MCH_L2_03,2023-04-13 01:00:00,301.63,311.99,1457,25.58,204,No Failure,0
LOG_0004900,MCH_L1_02,2023-04-13 01:30:00,301.16,311.89,1553,36.87,158,No Failure,0
LOG_0004901,MCH_L3_02,2023-04-13 02:00:00,296.32,306.09,1630,24.38,60,No Failure,0
LOG_0004902,MCH_L2_02,2023-04-13 02:30:00,297.76,306.9,1578,38.26,214,No Failure,0
LOG_0004903,MCH_L3_05,2023-04-13 03:00:00,303.11,314.11,1565,44.76,2,No Failure,0
LOG_0004904,MCH_L3_04,2023-04-13 03:30:00,302.13,312.53,1439,43.65,202,Power Failure,1
LOG_0004905,MCH_L1_02,2023-04-13 04:00:00,297.01,303.87,1514,35.73,156,Power Failure,1
LOG_0004906,MCH_L1_02,2023-04-13 04:30:00,295.03,307.34,1555,43.44,175,No Failure,0
LOG_0004907,MCH_L2_03,2023-04-13 05:00:00,300.67,311.56,1520,30.48,81,No Failure,0
LOG_0004908,MCH_L1_02,2023-04-13 05:30:00,299.26,308.8,1677,34.54,189,No Failure,0
LOG_0004909,MCH_L3_05,2023-04-13 06:00:00,300.45,311.18,1480,25.92,24,No Failure,0
LOG_0004910,MCH_L3_01,2023-04-13 06:30:00,301.59,312.1,1504,35.48,161,No Failure,0
LOG_0004911,MCH_L2_04,2023-04-13 07:00:00,297.61,308.2,1809,33.41,17,No Failure,0
LOG_0004912,MCH_L3_02,2023-04-13 07:30:00,298.92,307.88,1599,36.52,192,Overstrain,1
LOG_0004913,MCH_L1_01,2023-04-13 08:00:00,297.75,307.84,1383,37.69,27,No Failure,0
LOG_0004914,MCH_L3_05,2023-04-13 08:30:00,297.84,308.2,1559,42.12,3,No Failure,0
LOG_0004915,MCH_L2_04,2023-04-13 09:00:00,301.41,312.89,1595,23.31,118,No Failure,0
LOG_0004916,MCH_L3_05,2023-04-13 09:30:00,300.36,310.48,1403,32.69,115,No Failure,0
LOG_0004917,MCH_L1_01,2023-04-13 10:00:00,296.09,306.61,1463,48.32,148,No Failure,0
LOG_0004918,MCH_L2_05,2023-04-13 10:30:00,301.81,310.72,1357,48.46,69,No Failure,0
LOG_0004919,MCH_L3_03,2023-04-13 11:00:00,299.12,309.2,1535,40.47,20,No Failure,0
LOG_0004920,MCH_L2_05,2023-04-13 11:30:00,301.93,312.97,1305,40.66,228,No Failure,0
LOG_0004921,MCH_L1_02,2023-04-13 12:00:00,297.46,306.64,1405,30.42,93,No Failure,0
LOG_0004922,MCH_L2_01,2023-04-13 12:30:00,297.69,307.22,1334,36.83,147,No Failure,0
LOG_0004923,MCH_L2_01,2023-04-13 13:00:00,300.63,309.47,1539,46.99,125,No Failure,0
LOG_0004924,MCH_L1_01,2023-04-13 13:30:00,297.26,305.63,1459,29.42,168,No Failure,0
LOG_0004925,MCH_L2_02,2023-04-13 14:00:00,299.31,308.28,1547,41.23,223,No Failure,0
LOG_0004926,MCH_L2_03,2023-04-13 14:30:00,296.97,307.64,1279,44.73,180,No Failure,0
LOG_0004927,MCH_L1_02,2023-04-13 15:00:00,299.02,308.72,1406,40.4,120,No Failure,0
LOG_0004928,MCH_L2_03,2023-04-13 15:30:00,299.92,308.89,1594,38.74,127,No Failure,0
LOG_0004929,MCH_L2_04,2023-04-13 16:00:00,300.04,312.65,1361,38.65,189,No Failure,0
LOG_0004930,MCH_L2_01,2023-04-13 16:30:00,299.09,308.25,1622,44.25,30,No Failure,0
LOG_0004931,MCH_L1_05,2023-04-13 17:00:00,300.83,311.58,1481,41.65,99,No Failure,0
LOG_0004932,MCH_L3_02,2023-04-13 17:30:00,300.37,310.77,1399,44.2,152,No Failure,0
LOG_0004933,MCH_L2_04,2023-04-13 18:00:00,299.78,310.08,1407,36.88,68,No Failure,0
LOG_0004934,MCH_L3_03,2023-04-13 18:30:00,298.44,306.24,1525,37.27,199,No Failure,0
LOG_0004935,MCH_L3_02,2023-04-13 19:00:00,302.67,314.19,1763,44.67,16,No Failure,0
LOG_0004936,MCH_L3_01,2023-04-13 19:30:00,300.97,311.35,1826,32.42,206,No Failure,0
LOG_0004937,MCH_L2_04,2023-04-13 20:00:00,297.41,308.51,1339,30.41,147,No Failure,0
LOG_0004938,MCH_L1_01,2023-04-13 20:30:00,301.62,312.99,1580,59.32,44,No Failure,0
LOG_0004939,MCH_L3_01,2023-04-13 21:00:00,302.19,314.25,1699,43.59,110,No Failure,0
LOG_0004940,MCH_L1_03,2023-04-13 21:30:00,299.8,308.6,1350,37.91,220,No Failure,0
LOG_0004941,MCH_L2_04,2023-04-13 22:00:00,299.96,309.1,1425,34.1,227,No Failure,0
LOG_0004942,MCH_L3_01,2023-04-13 22:30:00,294.85,304.15,1534,32.19,49,No Failure,0
LOG_0004943,MCH_L1_02,2023-04-13 23:00:00,297.89,306.85,1504,39.59,178,No Failure,0
LOG_0004944,MCH_L3_02,2023-04-13 23:30:00,302.11,313.7,1333,39.19,119,No Failure,0
LOG_0004945,MCH_L1_04,2023-04-14 00:00:00,298.04,306.84,1589,43.73,219,No Failure,0
LOG_0004946,MCH_L1_04,2023-04-14 00:30:00,299.6,309.14,1552,28.96,199,No Failure,0
LOG_0004947,MCH_L1_02,2023-04-14 01:00:00,297.85,305.89,1612,29.3,205,No Failure,0
LOG_0004948,MCH_L3_05,2023-04-14 01:30:00,300.58,311.46,1563,42.21,160,No Failure,0
LOG_0004949,MCH_L1_03,2023-04-14 02:00:00,300.98,310.83,1563,43.29,97,No Failure,0
LOG_0004950,MCH_L3_03,2023-04-14 02:30:00,301.05,312.11,1503,47.68,115,No Failure,0
LOG_0004951,MCH_L1_03,2023-04-14 03:00:00,297.15,307.99,1645,54.12,122,No Failure,0
LOG_0004952,MCH_L1_01,2023-04-14 03:30:00,300.27,308.3,1340,37.71,28,No Failure,0
LOG_0004953,MCH_L2_01,2023-04-14 04:00:00,303.94,314.16,1368,45.7,149,No Failure,0
LOG_0004954,MCH_L2_03,2023-04-14 04:30:00,301.87,310.56,1631,31.15,194,Tool Wear,1
LOG_0004955,MCH_L3_02,2023-04-14 05:00:00,300.23,310.4,1466,18.02,239,No Failure,0
LOG_0004956,MCH_L1_03,2023-04-14 05:30:00,295.17,304.47,1391,31.68,214,No Failure,0
LOG_0004957,MCH_L1_05,2023-04-14 06:00:00,299.38,311.58,1601,35.93,2,No Failure,0
LOG_0004958,MCH_L1_01,2023-04-14 06:30:00,304.12,317.32,1581,58.28,5,No Failure,0
LOG_0004959,MCH_L2_05,2023-04-14 07:00:00,303.3,313.01,1261,25.86,167,Tool Wear,1
LOG_0004960,MCH_L2_02,2023-04-14 07:30:00,301.15,311.27,1581,46.3,214,No Failure,0
LOG_0004961,MCH_L2_05,2023-04-14 08:00:00,298.2,305.46,1424,34.97,75,Power Failure,1
LOG_0004962,MCH_L3_03,2023-04-14 08:30:00,300.13,308.16,1558,44.23,196,No Failure,0
LOG_0004963,MCH_L1_01,2023-04-14 09:00:00,301.93,312.39,1490,40.36,4,No Failure,0
LOG_0004964,MCH_L3_02,2023-04-14 09:30:00,302.35,312.31,1573,32.22,2,No Failure,0
LOG_0004965,MCH_L3_01,2023-04-14 10:00:00,300.78,311.29,1498,48.71,3,No Failure,0
LOG_0004966,MCH_L2_04,2023-04-14 10:30:00,302.14,311.18,1350,43.81,190,No Failure,0
LOG_0004967,MCH_L2_03,2023-04-14 11:00:00,299.85,310.21,1306,39.88,215,No Failure,0
LOG_0004968,MCH_L2_02,2023-04-14 11:30:00,299.74,306.7,1338,42.5,4,No Failure,0
LOG_0004969,MCH_L2_05,2023-04-14 12:00:00,298.85,308.12,1366,36.39,188,No Failure,0
LOG_0004970,MCH_L3_05,2023-04-14 12:30:00,301.06,311.62,1552,23.57,222,No Failure,0
LOG_0004971,MCH_L2_02,2023-04-14 13:00:00,302.5,314.54,1615,40.95,56,No Failure,0
LOG_0004972,MCH_L1_05,2023-04-14 13:30:00,301.77,311.63,1462,58.93,98,No Failure,0
LOG_0004973,MCH_L1_05,2023-04-14 14:00:00,296.95,307.66,1392,47.18,169,No Failure,0
LOG_0004974,MCH_L3_01,2023-04-14 14:30:00,297.09,306.29,1503,42.49,82,No Failure,0
LOG_0004975,MCH_L3_03,2023-04-14 15:00:00,302.76,313.29,1263,43.28,183,No Failure,0
LOG_0004976,MCH_L1_05,2023-04-14 15:30:00,300.44,309.85,1574,39.99,199,No Failure,0
LOG_0004977,MCH_L1_01,2023-04-14 16:00:00,300.54,312.89,1491,20.96,155,No Failure,0
LOG_0004978,MCH_L2_03,2023-04-14 16:30:00,300.48,310.09,1508,31.06,54,No Failure,0
LOG_0004979,MCH_L3_02,2023-04-14 17:00:00,304.38,314.18,1435,39.46,165,No Failure,0
LOG_0004980,MCH_L3_01,2023-04-14 17:30:00,298.88,309.81,1425,47.85,22,No Failure,0
LOG_0004981,MCH_L1_01,2023-04-14 18:00:00,302.79,313.39,1302,55.56,134,Overstrain,1
LOG_0004982,MCH_L1_04,2023-04-14 18:30:00,300.58,310.14,1604,30.85,37,No Failure,0
LOG_0004983,MCH_L3_05,2023-04-14 19:00:00,296.0,306.49,1348,45.58,204,No Failure,0
LOG_0004984,MCH_L2_04,2023-04-14 19:30:00,297.94,306.67,1413,21.04,108,No Failure,0
LOG_0004985,MCH_L3_04,2023-04-14 20:00:00,298.48,308.75,1386,37.18,184,No Failure,0
LOG_0004986,MCH_L2_04,2023-04-14 20:30:00,302.73,313.39,1599,39.76,84,No Failure,0
LOG_0004987,MCH_L1_05,2023-04-14 21:00:00,303.07,312.56,1429,54.32,36,No Failure,0
LOG_0004988,MCH_L1_04,2023-04-14 21:30:00,300.88,310.44,1615,33.06,133,No Failure,0
LOG_0004989,MCH_L1_03,2023-04-14 22:00:00,298.69,307.93,1569,37.04,137,No Failure,0
LOG_0004990,MCH_L1_03,2023-04-14 22:30:00,297.72,306.0,1386,48.44,154,No Failure,0
LOG_0004991,MCH_L3_02,2023-04-14 23:00:00,302.84,313.34,1487,33.77,115,No Failure,0
LOG_0004992,MCH_L1_05,2023-04-14 23:30:00,296.79,306.22,1296,35.5,217,No Failure,0
LOG_0004993,MCH_L2_05,2023-04-15 00:00:00,299.74,310.41,1547,27.75,105,No Failure,0
LOG_0004994,MCH_L1_01,2023-04-15 00:30:00,305.91,315.69,1421,45.3,56,No Failure,0
LOG_0004995,MCH_L1_05,2023-04-15 01:00:00,298.7,309.44,1373,27.82,91,No Failure,0
LOG_0004996,MCH_L2_01,2023-04-15 01:30:00,296.82,304.76,1467,48.95,15,No Failure,0
LOG_0004997,MCH_L2_02,2023-04-15 02:00:00,295.59,304.21,1444,29.39,113,No Failure,0
LOG_0004998,MCH_L3_02,2023-04-15 02:30:00,306.01,315.0,1533,33.56,58,Overstrain,1
LOG_0004999,MCH_L2_04,2023-04-15 03:00:00,300.87,312.31,1727,30.03,155,No Failure,0
LOG_0005000,MCH_L1_03,2023-04-15 03:30:00,297.83,308.31,1658,37.6,2,No Failure,0
LOG_0005001,MCH_L3_05,2023-04-15 04:00:00,299.53,309.21,1356,49.15,184,No Failure,0
LOG_0005002,MCH_L1_02,2023-04-15 04:30:00,298.34,307.77,1684,34.06,192,No Failure,0
LOG_0005003,MCH_L3_04,2023-04-15 05:00:00,295.34,306.06,1505,31.67,116,No Failure,0
LOG_0005004,MCH_L1_03,2023-04-15 05:30:00,301.97,311.26,1194,39.85,194,No Failure,0
LOG_0005005,MCH_L3_02,2023-04-15 06:00:00,300.08,310.96,1472,39.44,157,No Failure,0
LOG_0005006,MCH_L2_04,2023-04-15 06:30:00,301.76,311.5,1313,45.77,18,No Failure,0
LOG_0005007,MCH_L3_02,2023-04-15 07:00:00,300.02,311.57,1447,28.82,96,No Failure,0
LOG_0005008,MCH_L2_02,2023-04-15 07:30:00,300.33,309.2,1729,42.02,135,No Failure,0
LOG_0005009,MCH_L2_04,2023-04-15 08:00:00,294.41,304.26,1342,50.54,189,No Failure,0
LOG_0005010,MCH_L3_03,2023-04-15 08:30:00,302.27,311.17,1339,31.37,18,No Failure,0
LOG_0005011,MCH_L1_02,2023-04-15 09:00:00,297.28,309.23,1488,41.62,35,No Failure,0
LOG_0005012,MCH_L1_05,2023-04-15 09:30:00,297.92,307.95,1401,31.35,111,No Failure,0
LOG_0005013,MCH_L3_03,2023-04-15 10:00:00,298.68,307.47,1469,49.31,228,No Failure,0
LOG_0005014,MCH_L1_04,2023-04-15 10:30:00,294.85,303.77,1513,54.38,196,No Failure,0
LOG_0005015,MCH_L3_05,2023-04-15 11:00:00,298.54,309.16,1322,29.88,59,No Failure,0
LOG_0005016,MCH_L1_02,2023-04-15 11:30:00,298.37,306.19,1527,42.48,33,Heat Dissipation,1
LOG_0005017,MCH_L2_04,2023-04-15 12:00:00,299.06,308.85,1408,43.04,182,No Failure,0
LOG_0005018,MCH_L2_04,2023-04-15 12:30:00,295.75,304.73,1628,41.13,229,No Failure,0
LOG_0005019,MCH_L2_01,2023-04-15 13:00:00,302.32,312.13,1395,38.08,154,No Failure,0
LOG_0005020,MCH_L3_01,2023-04-15 13:30:00,301.0,311.12,1414,35.14,166,No Failure,0
LOG_0005021,MCH_L2_01,2023-04-15 14:00:00,297.84,307.72,1388,26.69,238,No Failure,0
LOG_0005022,MCH_L2_03,2023-04-15 14:30:00,298.55,308.23,1450,38.62,41,No Failure,0
LOG_0005023,MCH_L2_01,2023-04-15 15:00:00,302.1,312.3,1327,47.35,41,No Failure,0
LOG_0005024,MCH_L1_01,2023-04-15 15:30:00,299.36,311.46,1562,49.38,87,No Failure,0
LOG_0005025,MCH_L1_04,2023-04-15 16:00:00,296.9,308.43,1436,41.53,175,No Failure,0
LOG_0005026,MCH_L3_03,2023-04-15 16:30:00,299.79,309.38,1597,31.6,158,No Failure,0
LOG_0005027,MCH_L2_02,2023-04-15 17:00:00,297.28,308.15,1507,29.12,21,Heat Dissipation,1
LOG_0005028,MCH_L3_03,2023-04-15 17:30:00,298.23,309.04,1705,34.75,86,No Failure,0
LOG_0005029,MCH_L3_03,2023-04-15 18:00:00,299.87,309.42,1469,23.76,40,No Failure,0
LOG_0005030,MCH_L1_02,2023-04-15 18:30:00,302.64,312.6,1457,18.55,23,No Failure,0
LOG_0005031,MCH_L2_04,2023-04-15 19:00:00,305.06,315.71,1570,28.57,167,No Failure,0
LOG_0005032,MCH_L2_03,2023-04-15 19:30:00,303.41,312.53,1250,42.65,159,No Failure,0
LOG_0005033,MCH_L2_03,2023-04-15 20:00:00,299.82,309.53,1442,26.07,50,No Failure,0
LOG_0005034,MCH_L2_02,2023-04-15 20:30:00,305.64,315.4,1489,42.8,32,No Failure,0
LOG_0005035,MCH_L1_04,2023-04-15 21:00:00,301.4,311.08,1586,32.97,27,No Failure,0
LOG_0005036,MCH_L1_02,2023-04-15 21:30:00,297.55,307.18,1611,50.22,208,No Failure,0
LOG_0005037,MCH_L1_03,2023-04-15 22:00:00,300.24,310.77,1634,34.89,89,No Failure,0
LOG_0005038,MCH_L3_02,2023-04-15 22:30:00,298.36,308.39,1464,36.07,81,No Failure,0
LOG_0005039,MCH_L2_01,2023-04-15 23:00:00,296.88,307.65,1411,33.62,121,No Failure,0
LOG_0005040,MCH_L3_02,2023-04-15 23:30:00,297.06,310.08,1507,33.8,78,Tool Wear,1
LOG_0005041,MCH_L3_02,2023-04-16 00:00:00,299.63,308.99,1468,40.75,101,No Failure,0
LOG_0005042,MCH_L1_05,2023-04-16 00:30:00,301.89,312.15,1299,42.44,190,No Failure,0
LOG_0005043,MCH_L3_02,2023-04-16 01:00:00,302.67,313.28,1519,39.61,21,No Failure,0
LOG_0005044,MCH_L2_03,2023-04-16 01:30:00,296.89,308.2,1390,29.18,17,No Failure,0
LOG_0005045,MCH_L2_01,2023-04-16 02:00:00,299.24,309.76,1472,43.46,212,No Failure,0
LOG_0005046,MCH_L2_01,2023-04-16 02:30:00,301.22,309.91,1465,29.72,210,No Failure,0
LOG_0005047,MCH_L1_01,2023-04-16 03:00:00,300.38,309.59,1756,30.75,1,No Failure,0
LOG_0005048,MCH_L1_04,2023-04-16 03:30:00,301.74,311.92,1607,35.18,93,No Failure,0
LOG_0005049,MCH_L1_05,2023-04-16 04:00:00,298.91,308.08,1576,46.59,88,No Failure,0
LOG_0005050,MCH_L3_02,2023-04-16 04:30:00,303.18,311.41,1616,30.32,153,No Failure,0
LOG_0005051,MCH_L3_01,2023-04-16 05:00:00,299.99,309.02,1458,43.12,38,No Failure,0
LOG_0005052,MCH_L1_03,2023-04-16 05:30:00,301.89,310.93,1350,18.17,16,No Failure,0
LOG_0005053,MCH_L3_03,2023-04-16 06:00:00,299.05,307.84,1240,44.3,238,Heat Dissipation,1
LOG_0005054,MCH_L2_04,2023-04-16 06:30:00,300.15,313.18,1564,48.88,15,No Failure,0
LOG_0005055,MCH_L1_01,2023-04-16 07:00:00,296.01,306.39,1566,45.17,154,No Failure,0
LOG_0005056,MCH_L2_01,2023-04-16 07:30:00,297.91,308.05,1408,39.57,176,No Failure,0
LOG_0005057,MCH_L2_01,2023-04-16 08:00:00,299.48,310.58,1423,34.09,130,No Failure,0
LOG_0005058,MCH_L2_05,2023-04-16 08:30:00,300.25,312.41,1403,32.0,41,No Failure,0
LOG_0005059,MCH_L1_05,2023-04-16 09:00:00,306.7,317.16,1404,32.81,62,No Failure,0
LOG_0005060,MCH_L3_02,2023-04-16 09:30:00,299.05,310.27,1439,34.89,229,No Failure,0
LOG_0005061,MCH_L3_05,2023-04-16 10:00:00,296.56,305.96,1540,47.95,28,No Failure,0
LOG_0005062,MCH_L1_05,2023-04-16 10:30:00,304.26,313.17,1627,38.97,129,No Failure,0
LOG_0005063,MCH_L2_05,2023-04-16 11:00:00,302.7,313.79,1497,46.66,106,No Failure,0
LOG_0005064,MCH_L3_04,2023-04-16 11:30:00,297.11,308.18,1651,65.87,103,No Failure,0
LOG_0005065,MCH_L3_03,2023-04-16 12:00:00,301.16,312.12,1784,54.05,13,No Failure,0
LOG_0005066,MCH_L1_05,2023-04-16 12:30:00,302.09,312.24,1547,39.87,11,No Failure,0
LOG_0005067,MCH_L2_01,2023-04-16 13:00:00,300.41,309.47,1492,35.24,23,No Failure,0
LOG_0005068,MCH_L2_03,2023-04-16 13:30:00,300.81,310.23,1220,47.08,27,No Failure,0
LOG_0005069,MCH_L1_02,2023-04-16 14:00:00,298.42,309.81,1572,47.07,230,No Failure,0
LOG_0005070,MCH_L2_01,2023-04-16 14:30:00,301.26,310.55,1507,44.57,145,No Failure,0
LOG_0005071,MCH_L1_01,2023-04-16 15:00:00,298.77,308.99,1510,52.54,216,No Failure,0
LOG_0005072,MCH_L1_04,2023-04-16 15:30:00,293.39,302.46,1473,31.97,100,No Failure,0
LOG_0005073,MCH_L3_04,2023-04-16 16:00:00,300.49,310.26,1447,42.43,133,No Failure,0
LOG_0005074,MCH_L2_05,2023-04-16 16:30:00,295.81,304.51,1380,39.69,236,No Failure,0
LOG_0005075,MCH_L1_03,2023-04-16 17:00:00,302.53,312.44,1596,45.8,29,No Failure,0
LOG_0005076,MCH_L2_04,2023-04-16 17:30:00,297.17,306.6,1174,36.08,222,No Failure,0
LOG_0005077,MCH_L1_03,2023-04-16 18:00:00,293.87,301.82,1553,43.13,33,No Failure,0
LOG_0005078,MCH_L3_05,2023-04-16 18:30:00,295.58,306.37,1318,24.8,210,No Failure,0
LOG_0005079,MCH_L2_01,2023-04-16 19:00:00,299.9,310.63,1653,39.83,185,No Failure,0
LOG_0005080,MCH_L1_01,2023-04-16 19:30:00,300.47,310.54,1460,54.55,155,No Failure,0
LOG_0005081,MCH_L3_02,2023-04-16 20:00:00,296.47,305.12,1567,35.58,199,No Failure,0
LOG_0005082,MCH_L2_01,2023-04-16 20:30:00,297.32,305.99,1522,39.14,74,No Failure,0
LOG_0005083,MCH_L1_04,2023-04-16 21:00:00,299.98,312.78,1643,49.09,180,No Failure,0
LOG_0005084,MCH_L2_03,2023-04-16 21:30:00,302.43,309.28,1721,44.0,15,No Failure,0
LOG_0005085,MCH_L3_03,2023-04-16 22:00:00,296.97,305.66,1639,25.45,153,No Failure,0
LOG_0005086,MCH_L3_01,2023-04-16 22:30:00,300.95,313.53,1574,38.81,192,No Failure,0
LOG_0005087,MCH_L2_04,2023-04-16 23:00:00,295.65,308.61,1465,43.26,184,No Failure,0
LOG_0005088,MCH_L1_04,2023-04-16 23:30:00,300.79,312.83,1558,51.62,158,No Failure,0
LOG_0005089,MCH_L2_05,2023-04-17 00:00:00,301.89,312.53,1623,50.02,26,No Failure,0
LOG_0005090,MCH_L3_02,2023-04-17 00:30:00,301.31,310.55,1453,39.45,111,No Failure,0
LOG_0005091,MCH_L2_05,2023-04-17 01:00:00,302.49,310.47,1508,45.4,235,No Failure,0
LOG_0005092,MCH_L2_01,2023-04-17 01:30:00,302.32,312.81,1408,39.34,48,No Failure,0
LOG_0005093,MCH_L1_01,2023-04-17 02:00:00,304.62,313.7,1604,35.72,136,No Failure,0
LOG_0005094,MCH_L1_04,2023-04-17 02:30:00,300.27,312.01,1560,49.32,25,Heat Dissipation,1
LOG_0005095,MCH_L2_02,2023-04-17 03:00:00,304.62,312.4,1347,48.74,5,No Failure,0
LOG_0005096,MCH_L3_02,2023-04-17 03:30:00,297.64,307.88,1540,42.29,134,No Failure,0
LOG_0005097,MCH_L3_05,2023-04-17 04:00:00,299.49,310.6,1476,34.45,12,No Failure,0
LOG_0005098,MCH_L1_01,2023-04-17 04:30:00,299.71,310.93,1515,39.77,176,No Failure,0
LOG_0005099,MCH_L2_03,2023-04-17 05:00:00,297.39,308.39,1415,40.33,9,No Failure,0
LOG_0005100,MCH_L3_02,2023-04-17 05:30:00,294.1,304.51,1658,47.84,42,No Failure,0
LOG_0005101,MCH_L2_05,2023-04-17 06:00:00,302.17,312.32,1421,37.4,109,No Failure,0
LOG_0005102,MCH_L3_02,2023-04-17 06:30:00,297.68,308.77,1755,40.24,176,No Failure,0
LOG_0005103,MCH_L3_01,2023-04-17 07:00:00,299.0,309.41,1517,41.59,222,No Failure,0
LOG_0005104,MCH_L2_01,2023-04-17 07:30:00,303.96,314.41,1464,37.71,111,Overstrain,1
LOG_0005105,MCH_L1_05,2023-04-17 08:00:00,301.43,311.47,1553,42.18,100,No Failure,0
LOG_0005106,MCH_L2_05,2023-04-17 08:30:00,304.35,313.89,1537,40.95,17,No Failure,0
LOG_0005107,MCH_L3_01,2023-04-17 09:00:00,300.3,308.68,1737,33.06,10,No Failure,0
LOG_0005108,MCH_L3_05,2023-04-17 09:30:00,301.39,309.98,1555,35.27,9,No Failure,0
LOG_0005109,MCH_L3_04,2023-04-17 10:00:00,299.4,308.94,1277,28.03,155,No Failure,0
LOG_0005110,MCH_L2_04,2023-04-17 10:30:00,297.88,307.74,1423,33.72,212,No Failure,0
LOG_0005111,MCH_L1_02,2023-04-17 11:00:00,301.38,310.22,1597,52.13,52,No Failure,0
LOG_0005112,MCH_L1_05,2023-04-17 11:30:00,298.91,307.66,1479,45.62,53,No Failure,0
LOG_0005113,MCH_L2_01,2023-04-17 12:00:00,301.61,311.17,1439,33.17,152,No Failure,0
LOG_0005114,MCH_L2_02,2023-04-17 12:30:00,298.57,309.65,1419,38.37,5,No Failure,0
LOG_0005115,MCH_L1_05,2023-04-17 13:00:00,299.56,307.02,1389,32.61,105,Overstrain,1
LOG_0005116,MCH_L2_04,2023-04-17 13:30:00,299.76,308.63,1530,46.17,138,No Failure,0
LOG_0005117,MCH_L1_01,2023-04-17 14:00:00,302.69,312.88,1420,42.14,32,No Failure,0
LOG_0005118,MCH_L2_02,2023-04-17 14:30:00,298.94,310.48,1661,45.8,68,No Failure,0
LOG_0005119,MCH_L2_05,2023-04-17 15:00:00,302.97,315.56,1400,37.32,225,No Failure,0
LOG_0005120,MCH_L2_02,2023-04-17 15:30:00,297.74,307.33,1343,48.51,95,No Failure,0
LOG_0005121,MCH_L1_04,2023-04-17 16:00:00,300.67,310.24,1497,29.87,234,No Failure,0
LOG_0005122,MCH_L2_04,2023-04-17 16:30:00,298.28,308.11,1255,34.96,173,No Failure,0
LOG_0005123,MCH_L3_04,2023-04-17 17:00:00,302.79,313.06,1211,36.62,87,No Failure,0
LOG_0005124,MCH_L3_02,2023-04-17 17:30:00,297.95,307.9,1574,46.82,204,No Failure,0
LOG_0005125,MCH_L3_01,2023-04-17 18:00:00,298.21,308.35,1506,35.38,54,No Failure,0
LOG_0005126,MCH_L1_05,2023-04-17 18:30:00,296.86,305.26,1249,31.79,234,No Failure,0
LOG_0005127,MCH_L1_04,2023-04-17 19:00:00,300.26,308.27,1510,40.08,197,No Failure,0
LOG_0005128,MCH_L3_03,2023-04-17 19:30:00,301.48,312.34,1464,60.72,225,Overstrain,1
LOG_0005129,MCH_L2_02,2023-04-17 20:00:00,301.21,310.98,1317,31.7,50,Tool Wear,1
LOG_0005130,MCH_L1_04,2023-04-17 20:30:00,299.64,310.64,1587,50.53,24,No Failure,0
LOG_0005131,MCH_L3_05,2023-04-17 21:00:00,298.35,308.62,1682,39.93,104,No Failure,0
LOG_0005132,MCH_L1_03,2023-04-17 21:30:00,299.3,307.58,1730,40.05,22,No Failure,0
LOG_0005133,MCH_L2_04,2023-04-17 22:00:00,299.4,311.26,1539,34.88,177,No Failure,0
LOG_0005134,MCH_L3_01,2023-04-17 22:30:00,300.63,310.67,1502,45.31,45,No Failure,0
LOG_0005135,MCH_L2_03,2023-04-17 23:00:00,300.46,309.56,1712,48.83,204,No Failure,0
LOG_0005136,MCH_L1_01,2023-04-17 23:30:00,304.35,313.71,1530,52.79,219,No Failure,0
LOG_0005137,MCH_L2_02,2023-04-18 00:00:00,300.1,308.65,1459,42.43,235,No Failure,0
LOG_0005138,MCH_L2_04,2023-04-18 00:30:00,300.9,311.3,1421,34.12,171,No Failure,0
LOG_0005139,MCH_L2_03,2023-04-18 01:00:00,300.18,310.05,1566,55.19,140,Overstrain,1
LOG_0005140,MCH_L2_03,2023-04-18 01:30:00,299.18,311.6,1303,36.15,198,No Failure,0
LOG_0005141,MCH_L3_03,2023-04-18 02:00:00,300.89,311.51,1639,33.44,175,No Failure,0
LOG_0005142,MCH_L2_01,2023-04-18 02:30:00,298.95,311.3,1333,42.46,144,No Failure,0
LOG_0005143,MCH_L3_01,2023-04-18 03:00:00,299.85,308.7,1398,31.81,200,No Failure,0
LOG_0005144,MCH_L1_04,2023-04-18 03:30:00,302.9,312.5,1537,35.75,13,No Failure,0
LOG_0005145,MCH_L2_03,2023-04-18 04:00:00,298.79,309.86,1709,45.33,157,No Failure,0
LOG_0005146,MCH_L1_03,2023-04-18 04:30:00,300.97,311.68,1467,64.42,104,No Failure,0
LOG_0005147,MCH_L3_03,2023-04-18 05:00:00,293.8,303.78,1373,44.81,229,Heat Dissipation,1
LOG_0005148,MCH_L2_04,2023-04-18 05:30:00,299.54,308.25,1628,50.07,121,No Failure,0
LOG_0005149,MCH_L3_03,2023-04-18 06:00:00,298.77,306.16,1447,35.69,157,No Failure,0
LOG_0005150,MCH_L1_02,2023-04-18 06:30:00,300.3,310.04,1298,42.27,32,Power Failure,1
LOG_0005151,MCH_L1_02,2023-04-18 07:00:00,299.41,309.2,1572,23.7,119,No Failure,0
LOG_0005152,MCH_L3_02,2023-04-18 07:30:00,300.35,310.5,1473,28.67,181,Heat Dissipation,1
LOG_0005153,MCH_L3_03,2023-04-18 08:00:00,299.05,307.32,1470,41.33,184,No Failure,0
LOG_0005154,MCH_L3_05,2023-04-18 08:30:00,300.97,309.91,1588,43.01,216,No Failure,0
LOG_0005155,MCH_L3_02,2023-04-18 09:00:00,295.71,306.18,1599,47.18,30,No Failure,0
LOG_0005156,MCH_L2_02,2023-04-18 09:30:00,300.28,310.98,1409,38.39,22,No Failure,0
LOG_0005157,MCH_L3_02,2023-04-18 10:00:00,297.66,307.9,1514,52.83,179,No Failure,0
LOG_0005158,MCH_L2_05,2023-04-18 10:30:00,302.92,312.5,1313,44.68,218,No Failure,0
LOG_0005159,MCH_L1_04,2023-04-18 11:00:00,297.62,306.2,1469,24.59,224,No Failure,0
LOG_0005160,MCH_L2_05,2023-04-18 11:30:00,302.49,313.63,1394,24.6,114,No Failure,0
LOG_0005161,MCH_L2_03,2023-04-18 12:00:00,299.97,310.84,1474,41.09,53,No Failure,0
LOG_0005162,MCH_L2_04,2023-04-18 12:30:00,295.43,304.74,1450,37.98,174,No Failure,0
LOG_0005163,MCH_L2_02,2023-04-18 13:00:00,297.81,308.81,1478,41.88,176,No Failure,0
LOG_0005164,MCH_L1_05,2023-04-18 13:30:00,302.12,312.04,1299,37.14,83,No Failure,0
LOG_0005165,MCH_L2_03,2023-04-18 14:00:00,301.98,311.16,1341,34.9,55,No Failure,0
LOG_0005166,MCH_L1_04,2023-04-18 14:30:00,296.75,307.86,1473,33.76,91,No Failure,0
LOG_0005167,MCH_L1_02,2023-04-18 15:00:00,303.91,314.03,1679,39.51,7,No Failure,0
LOG_0005168,MCH_L3_01,2023-04-18 15:30:00,299.94,309.43,1587,47.14,149,No Failure,0
LOG_0005169,MCH_L3_05,2023-04-18 16:00:00,302.21,310.67,1552,30.85,61,No Failure,0
LOG_0005170,MCH_L3_02,2023-04-18 16:30:00,296.97,305.54,1428,38.82,53,Overstrain,1
LOG_0005171,MCH_L2_01,2023-04-18 17:00:00,298.86,309.88,1386,52.11,162,No Failure,0
LOG_0005172,MCH_L2_04,2023-04-18 17:30:00,301.04,311.58,1574,25.2,118,No Failure,0
LOG_0005173,MCH_L1_01,2023-04-18 18:00:00,299.22,307.82,1360,45.46,222,No Failure,0
LOG_0005174,MCH_L3_01,2023-04-18 18:30:00,292.7,301.27,1695,38.23,107,No Failure,0
LOG_0005175,MCH_L2_05,2023-04-18 19:00:00,299.52,312.04,1494,33.37,87,No Failure,0
LOG_0005176,MCH_L3_02,2023-04-18 19:30:00,295.09,305.65,1741,35.29,14,No Failure,0
LOG_0005177,MCH_L2_02,2023-04-18 20:00:00,297.32,308.77,1704,48.78,113,No Failure,0
LOG_0005178,MCH_L2_05,2023-04-18 20:30:00,296.49,308.28,1550,38.89,236,No Failure,0
LOG_0005179,MCH_L2_04,2023-04-18 21:00:00,302.83,311.72,1545,30.86,222,No Failure,0
LOG_0005180,MCH_L2_05,2023-04-18 21:30:00,303.62,315.71,1422,32.63,4,No Failure,0
LOG_0005181,MCH_L2_04,2023-04-18 22:00:00,300.85,309.56,1658,35.76,213,No Failure,0
LOG_0005182,MCH_L2_05,2023-04-18 22:30:00,299.42,310.3,1454,47.38,16,No Failure,0
LOG_0005183,MCH_L3_01,2023-04-18 23:00:00,300.07,309.93,1297,35.73,91,No Failure,0
LOG_0005184,MCH_L3_03,2023-04-18 23:30:00,302.83,313.7,1638,39.79,116,No Failure,0
LOG_0005185,MCH_L1_03,2023-04-19 00:00:00,295.04,304.79,1565,34.12,130,No Failure,0
LOG_0005186,MCH_L3_01,2023-04-19 00:30:00,297.31,307.97,1438,36.61,146,No Failure,0
LOG_0005187,MCH_L3_03,2023-04-19 01:00:00,302.51,314.14,1531,38.62,101,No Failure,0
LOG_0005188,MCH_L1_05,2023-04-19 01:30:00,303.03,314.37,1503,32.09,218,No Failure,0
LOG_0005189,MCH_L2_03,2023-04-19 02:00:00,301.47,311.4,1677,33.36,208,No Failure,0
LOG_0005190,MCH_L2_03,2023-04-19 02:30:00,297.39,306.25,1379,35.57,223,No Failure,0
LOG_0005191,MCH_L1_04,2023-04-19 03:00:00,302.47,312.11,1678,52.76,164,No Failure,0
LOG_0005192,MCH_L3_05,2023-04-19 03:30:00,303.4,313.93,1659,40.52,148,No Failure,0
LOG_0005193,MCH_L3_05,2023-04-19 04:00:00,301.8,312.58,1423,32.39,100,No Failure,0
LOG_0005194,MCH_L3_02,2023-04-19 04:30:00,293.76,305.04,1550,47.17,50,No Failure,0
LOG_0005195,MCH_L3_01,2023-04-19 05:00:00,300.31,309.43,1565,47.62,53,No Failure,0
LOG_0005196,MCH_L3_01,2023-04-19 05:30:00,301.46,310.34,1857,32.21,138,No Failure,0
LOG_0005197,MCH_L1_01,2023-04-19 06:00:00,298.71,307.49,1406,53.81,192,No Failure,0
LOG_0005198,MCH_L1_01,2023-04-19 06:30:00,300.47,310.23,1268,43.26,157,No Failure,0
LOG_0005199,MCH_L3_05,2023-04-19 07:00:00,298.72,308.98,1258,43.57,89,No Failure,0
LOG_0005200,MCH_L1_04,2023-04-19 07:30:00,297.85,308.29,1525,43.07,236,No Failure,0
LOG_0005201,MCH_L2_01,2023-04-19 08:00:00,303.78,312.08,1622,42.87,112,No Failure,0
LOG_0005202,MCH_L2_03,2023-04-19 08:30:00,300.54,309.4,1393,39.02,170,No Failure,0
LOG_0005203,MCH_L2_01,2023-04-19 09:00:00,297.24,306.4,1477,45.52,35,No Failure,0
LOG_0005204,MCH_L3_02,2023-04-19 09:30:00,296.56,308.67,1446,37.19,89,No Failure,0
LOG_0005205,MCH_L2_04,2023-04-19 10:00:00,297.85,307.39,1362,53.37,184,No Failure,0
LOG_0005206,MCH_L3_05,2023-04-19 10:30:00,297.86,306.09,1572,23.06,233,No Failure,0
LOG_0005207,MCH_L3_05,2023-04-19 11:00:00,300.37,310.83,1290,32.27,119,No Failure,0
LOG_0005208,MCH_L2_04,2023-04-19 11:30:00,301.21,311.08,1576,43.02,90,Tool Wear,1
LOG_0005209,MCH_L3_04,2023-04-19 12:00:00,301.21,309.8,1448,39.32,153,Tool Wear,1
LOG_0005210,MCH_L1_02,2023-04-19 12:30:00,298.12,307.55,1618,35.73,234,No Failure,0
LOG_0005211,MCH_L2_05,2023-04-19 13:00:00,302.3,311.89,1520,41.49,209,No Failure,0
LOG_0005212,MCH_L1_01,2023-04-19 13:30:00,303.07,312.92,1313,29.68,224,No Failure,0
LOG_0005213,MCH_L1_02,2023-04-19 14:00:00,299.35,310.47,1537,31.19,227,No Failure,0
LOG_0005214,MCH_L1_05,2023-04-19 14:30:00,297.42,308.09,1454,38.92,228,No Failure,0
LOG_0005215,MCH_L1_04,2023-04-19 15:00:00,300.25,310.4,1631,43.26,97,No Failure,0
LOG_0005216,MCH_L1_04,2023-04-19 15:30:00,305.4,316.58,1587,33.91,59,No Failure,0
LOG_0005217,MCH_L2_04,2023-04-19 16:00:00,297.35,306.86,1637,24.71,89,Tool Wear,1
LOG_0005218,MCH_L3_01,2023-04-19 16:30:00,298.68,307.81,1458,41.95,21,No Failure,0
LOG_0005219,MCH_L2_03,2023-04-19 17:00:00,300.14,310.51,1390,44.13,23,No Failure,0
LOG_0005220,MCH_L2_01,2023-04-19 17:30:00,301.35,311.63,1498,30.72,139,No Failure,0
LOG_0005221,MCH_L1_01,2023-04-19 18:00:00,295.04,303.27,1587,36.66,74,No Failure,0
LOG_0005222,MCH_L1_02,2023-04-19 18:30:00,303.26,315.05,1384,47.73,59,No Failure,0
LOG_0005223,MCH_L2_01,2023-04-19 19:00:00,303.23,312.01,1537,30.15,148,No Failure,0
LOG_0005224,MCH_L3_01,2023-04-19 19:30:00,298.94,309.58,1545,39.72,79,No Failure,0
LOG_0005225,MCH_L1_02,2023-04-19 20:00:00,306.77,317.43,1665,34.35,163,No Failure,0
LOG_0005226,MCH_L3_05,2023-04-19 20:30:00,303.07,309.37,1374,58.57,6,No Failure,0
LOG_0005227,MCH_L3_03,2023-04-19 21:00:00,302.94,313.21,1559,29.57,188,No Failure,0
LOG_0005228,MCH_L2_05,2023-04-19 21:30:00,302.97,314.93,1440,24.49,52,No Failure,0
LOG_0005229,MCH_L1_05,2023-04-19 22:00:00,302.9,312.05,1409,45.15,155,No Failure,0
LOG_0005230,MCH_L3_04,2023-04-19 22:30:00,299.95,307.67,1733,37.23,23,No Failure,0
LOG_0005231,MCH_L1_05,2023-04-19 23:00:00,299.7,309.56,1553,31.24,52,No Failure,0
LOG_0005232,MCH_L2_01,2023-04-19 23:30:00,297.64,308.2,1684,35.82,12,No Failure,0
LOG_0005233,MCH_L2_01,2023-04-20 00:00:00,298.56,308.46,1410,52.89,77,No Failure,0
LOG_0005234,MCH_L3_04,2023-04-20 00:30:00,299.22,308.08,1701,40.03,234,No Failure,0
LOG_0005235,MCH_L2_01,2023-04-20 01:00:00,300.16,308.92,1451,52.45,94,No Failure,0
LOG_0005236,MCH_L3_04,2023-04-20 01:30:00,304.0,312.05,1595,29.46,71,No Failure,0
LOG_0005237,MCH_L1_02,2023-04-20 02:00:00,294.74,302.49,1386,49.24,0,No Failure,0
LOG_0005238,MCH_L3_04,2023-04-20 02:30:00,303.36,312.95,1371,31.77,103,No Failure,0
LOG_0005239,MCH_L2_05,2023-04-20 03:00:00,297.47,307.98,1496,50.43,114,No Failure,0
LOG_0005240,MCH_L3_04,2023-04-20 03:30:00,299.74,309.93,1685,49.73,80,No Failure,0
LOG_0005241,MCH_L3_03,2023-04-20 04:00:00,298.19,308.49,1651,31.54,40,No Failure,0
LOG_0005242,MCH_L3_05,2023-04-20 04:30:00,304.64,315.4,1516,43.59,186,No Failure,0
LOG_0005243,MCH_L3_04,2023-04-20 05:00:00,298.75,310.32,1461,41.76,12,No Failure,0
LOG_0005244,MCH_L1_03,2023-04-20 05:30:00,301.3,311.33,1538,47.96,181,No Failure,0
LOG_0005245,MCH_L3_04,2023-04-20 06:00:00,301.43,311.84,1373,30.37,174,No Failure,0
LOG_0005246,MCH_L2_01,2023-04-20 06:30:00,297.1,307.52,1516,36.54,26,No Failure,0
LOG_0005247,MCH_L3_03,2023-04-20 07:00:00,299.76,309.94,1505,40.41,204,No Failure,0
LOG_0005248,MCH_L2_03,2023-04-20 07:30:00,303.01,313.03,1506,52.79,122,No Failure,0
LOG_0005249,MCH_L3_02,2023-04-20 08:00:00,297.82,307.94,1555,40.51,39,No Failure,0
LOG_0005250,MCH_L3_03,2023-04-20 08:30:00,302.07,313.94,1595,31.75,218,No Failure,0
LOG_0005251,MCH_L3_01,2023-04-20 09:00:00,299.17,310.89,1213,42.73,159,No Failure,0
LOG_0005252,MCH_L3_02,2023-04-20 09:30:00,302.91,310.86,1400,31.37,185,No Failure,0
LOG_0005253,MCH_L1_01,2023-04-20 10:00:00,304.37,314.63,1421,25.67,75,No Failure,0
LOG_0005254,MCH_L1_01,2023-04-20 10:30:00,294.98,304.99,1480,38.63,170,No Failure,0
LOG_0005255,MCH_L3_01,2023-04-20 11:00:00,296.65,308.16,1491,42.36,51,No Failure,0
LOG_0005256,MCH_L3_03,2023-04-20 11:30:00,298.9,308.86,1576,41.64,204,No Failure,0
LOG_0005257,MCH_L1_02,2023-04-20 12:00:00,303.66,313.96,1538,40.45,79,Power Failure,1
LOG_0005258,MCH_L3_01,2023-04-20 12:30:00,301.33,310.55,1643,55.18,33,Power Failure,1
LOG_0005259,MCH_L3_05,2023-04-20 13:00:00,296.89,307.87,1463,53.19,133,No Failure,0
LOG_0005260,MCH_L3_02,2023-04-20 13:30:00,301.7,310.21,1418,32.99,47,No Failure,0
LOG_0005261,MCH_L3_02,2023-04-20 14:00:00,297.72,307.35,1483,48.02,145,No Failure,0
LOG_0005262,MCH_L2_01,2023-04-20 14:30:00,302.18,310.91,1503,59.23,80,No Failure,0
LOG_0005263,MCH_L2_04,2023-04-20 15:00:00,301.35,310.99,1511,54.95,238,No Failure,0
LOG_0005264,MCH_L1_04,2023-04-20 15:30:00,297.7,307.04,1469,48.57,166,No Failure,0
LOG_0005265,MCH_L1_03,2023-04-20 16:00:00,299.84,310.84,1630,38.86,205,No Failure,0
LOG_0005266,MCH_L3_02,2023-04-20 16:30:00,303.06,312.8,1618,28.91,6,No Failure,0
LOG_0005267,MCH_L2_03,2023-04-20 17:00:00,295.27,307.06,1630,31.83,5,No Failure,0
LOG_0005268,MCH_L3_01,2023-04-20 17:30:00,300.75,310.46,1381,44.49,203,No Failure,0
LOG_0005269,MCH_L2_05,2023-04-20 18:00:00,297.23,305.93,1586,42.5,225,No Failure,0
LOG_0005270,MCH_L3_04,2023-04-20 18:30:00,299.96,309.67,1692,40.58,52,No Failure,0
LOG_0005271,MCH_L2_04,2023-04-20 19:00:00,301.14,311.71,1634,47.74,0,No Failure,0
LOG_0005272,MCH_L3_02,2023-04-20 19:30:00,305.03,317.05,1438,49.94,28,No Failure,0
LOG_0005273,MCH_L3_01,2023-04-20 20:00:00,299.93,309.16,1460,49.93,91,No Failure,0
LOG_0005274,MCH_L1_05,2023-04-20 20:30:00,303.66,315.65,1311,46.26,196,No Failure,0
LOG_0005275,MCH_L2_04,2023-04-20 21:00:00,297.9,307.67,1654,44.4,212,No Failure,0
LOG_0005276,MCH_L1_02,2023-04-20 21:30:00,298.76,308.23,1382,35.52,102,No Failure,0
LOG_0005277,MCH_L1_03,2023-04-20 22:00:00,301.47,312.4,1442,40.73,238,No Failure,0
LOG_0005278,MCH_L2_02,2023-04-20 22:30:00,300.5,312.21,1567,43.06,122,No Failure,0
LOG_0005279,MCH_L2_02,2023-04-20 23:00:00,299.18,309.85,1517,39.55,101,No Failure,0
LOG_0005280,MCH_L2_01,2023-04-20 23:30:00,299.11,307.41,1543,26.48,97,No Failure,0
LOG_0005281,MCH_L2_01,2023-04-21 00:00:00,303.33,313.73,1430,42.73,212,Heat Dissipation,1
LOG_0005282,MCH_L1_02,2023-04-21 00:30:00,299.28,311.89,1348,39.51,215,No Failure,0
LOG_0005283,MCH_L2_05,2023-04-21 01:00:00,297.45,304.72,1525,38.83,176,No Failure,0
LOG_0005284,MCH_L2_01,2023-04-21 01:30:00,297.86,308.31,1394,44.88,58,No Failure,0
LOG_0005285,MCH_L1_04,2023-04-21 02:00:00,301.67,311.33,1562,44.7,140,No Failure,0
LOG_0005286,MCH_L3_02,2023-04-21 02:30:00,305.64,314.52,1393,50.15,44,No Failure,0
LOG_0005287,MCH_L1_03,2023-04-21 03:00:00,298.69,309.93,1482,45.03,173,No Failure,0
LOG_0005288,MCH_L3_03,2023-04-21 03:30:00,305.37,313.28,1705,36.74,121,No Failure,0
LOG_0005289,MCH_L3_01,2023-04-21 04:00:00,299.97,309.55,1526,51.25,22,No Failure,0
LOG_0005290,MCH_L3_03,2023-04-21 04:30:00,299.3,310.5,1404,52.78,31,No Failure,0
LOG_0005291,MCH_L1_02,2023-04-21 05:00:00,297.72,308.78,1559,39.82,71,No Failure,0
LOG_0005292,MCH_L1_01,2023-04-21 05:30:00,299.5,310.22,1482,50.62,110,No Failure,0
LOG_0005293,MCH_L3_01,2023-04-21 06:00:00,298.11,308.32,1405,41.39,74,Power Failure,1
LOG_0005294,MCH_L3_01,2023-04-21 06:30:00,297.91,307.76,1502,49.77,140,No Failure,0
LOG_0005295,MCH_L1_05,2023-04-21 07:00:00,295.87,305.31,1648,51.25,52,No Failure,0
LOG_0005296,MCH_L1_02,2023-04-21 07:30:00,304.42,313.25,1572,34.62,19,No Failure,0
LOG_0005297,MCH_L1_02,2023-04-21 08:00:00,302.66,313.64,1478,51.9,128,No Failure,0
LOG_0005298,MCH_L2_02,2023-04-21 08:30:00,300.68,310.93,1354,40.38,56,No Failure,0
LOG_0005299,MCH_L2_03,2023-04-21 09:00:00,299.64,310.65,1588,43.31,65,No Failure,0
LOG_0005300,MCH_L3_03,2023-04-21 09:30:00,299.99,309.05,1557,49.45,138,No Failure,0
LOG_0005301,MCH_L2_05,2023-04-21 10:00:00,298.06,307.1,1304,37.81,45,No Failure,0
LOG_0005302,MCH_L2_03,2023-04-21 10:30:00,297.17,307.77,1322,48.43,29,No Failure,0
LOG_0005303,MCH_L3_04,2023-04-21 11:00:00,301.79,309.06,1688,41.42,196,No Failure,0
LOG_0005304,MCH_L1_04,2023-04-21 11:30:00,299.34,306.31,1538,36.14,6,No Failure,0
LOG_0005305,MCH_L3_05,2023-04-21 12:00:00,300.81,312.03,1332,45.47,151,No Failure,0
LOG_0005306,MCH_L3_04,2023-04-21 12:30:00,295.84,304.99,1636,50.65,94,No Failure,0
LOG_0005307,MCH_L1_01,2023-04-21 13:00:00,299.21,309.44,1645,40.9,175,No Failure,0
LOG_0005308,MCH_L3_01,2023-04-21 13:30:00,297.12,307.58,1414,31.38,221,Heat Dissipation,1
LOG_0005309,MCH_L2_02,2023-04-21 14:00:00,301.21,312.45,1389,37.26,42,No Failure,0
LOG_0005310,MCH_L1_01,2023-04-21 14:30:00,302.49,311.96,1509,33.99,78,No Failure,0
LOG_0005311,MCH_L3_01,2023-04-21 15:00:00,303.65,313.19,1519,59.34,35,No Failure,0
LOG_0005312,MCH_L1_04,2023-04-21 15:30:00,298.43,307.69,1481,32.57,201,No Failure,0
LOG_0005313,MCH_L2_03,2023-04-21 16:00:00,297.18,307.93,1371,20.66,128,No Failure,0
LOG_0005314,MCH_L1_02,2023-04-21 16:30:00,298.95,309.75,1457,36.73,6,No Failure,0
LOG_0005315,MCH_L2_01,2023-04-21 17:00:00,298.25,309.78,1449,41.58,43,No Failure,0
LOG_0005316,MCH_L3_03,2023-04-21 17:30:00,301.08,309.58,1321,40.28,60,No Failure,0
LOG_0005317,MCH_L2_01,2023-04-21 18:00:00,296.49,309.17,1618,41.53,25,No Failure,0
LOG_0005318,MCH_L3_02,2023-04-21 18:30:00,295.61,305.24,1372,29.12,106,No Failure,0
LOG_0005319,MCH_L2_04,2023-04-21 19:00:00,299.13,309.07,1656,40.52,106,No Failure,0
LOG_0005320,MCH_L1_05,2023-04-21 19:30:00,301.82,312.02,1518,31.58,120,No Failure,0
LOG_0005321,MCH_L2_05,2023-04-21 20:00:00,297.43,306.34,1422,47.69,157,No Failure,0
LOG_0005322,MCH_L1_04,2023-04-21 20:30:00,302.12,311.63,1546,30.28,0,No Failure,0
LOG_0005323,MCH_L1_05,2023-04-21 21:00:00,300.91,312.66,1484,39.27,62,No Failure,0
LOG_0005324,MCH_L3_02,2023-04-21 21:30:00,303.87,315.64,1658,33.25,14,No Failure,0
LOG_0005325,MCH_L3_02,2023-04-21 22:00:00,297.99,308.24,1754,48.1,190,No Failure,0
LOG_0005326,MCH_L2_05,2023-04-21 22:30:00,295.98,307.23,1547,36.0,54,No Failure,0
LOG_0005327,MCH_L3_05,2023-04-21 23:00:00,301.5,311.99,1478,31.07,56,No Failure,0
LOG_0005328,MCH_L3_01,2023-04-21 23:30:00,300.7,310.63,1692,48.96,116,No Failure,0
LOG_0005329,MCH_L1_05,2023-04-22 00:00:00,300.51,309.61,1475,23.06,19,No Failure,0
LOG_0005330,MCH_L2_03,2023-04-22 00:30:00,297.38,306.35,1436,45.88,149,No Failure,0
LOG_0005331,MCH_L2_05,2023-04-22 01:00:00,301.94,311.03,1647,42.86,88,No Failure,0
LOG_0005332,MCH_L3_02,2023-04-22 01:30:00,298.42,310.36,1600,61.44,177,No Failure,0
LOG_0005333,MCH_L2_03,2023-04-22 02:00:00,300.51,311.56,1438,45.53,116,No Failure,0
LOG_0005334,MCH_L1_02,2023-04-22 02:30:00,298.85,310.58,1537,44.26,163,No Failure,0
LOG_0005335,MCH_L2_02,2023-04-22 03:00:00,300.89,311.37,1458,32.76,164,No Failure,0
LOG_0005336,MCH_L2_03,2023-04-22 03:30:00,297.01,305.95,1572,38.13,173,No Failure,0
LOG_0005337,MCH_L3_01,2023-04-22 04:00:00,301.25,311.97,1560,42.23,118,No Failure,0
LOG_0005338,MCH_L2_01,2023-04-22 04:30:00,301.64,313.16,1346,52.09,236,No Failure,0
LOG_0005339,MCH_L1_05,2023-04-22 05:00:00,300.29,311.06,1504,33.46,154,No Failure,0
LOG_0005340,MCH_L3_01,2023-04-22 05:30:00,304.11,312.53,1321,24.37,146,No Failure,0
LOG_0005341,MCH_L2_04,2023-04-22 06:00:00,300.52,308.75,1329,40.61,82,Heat Dissipation,1
LOG_0005342,MCH_L3_03,2023-04-22 06:30:00,302.3,313.06,1440,26.46,15,No Failure,0
LOG_0005343,MCH_L1_03,2023-04-22 07:00:00,300.23,309.85,1428,46.88,53,No Failure,0
LOG_0005344,MCH_L3_02,2023-04-22 07:30:00,302.07,312.44,1294,52.89,212,No Failure,0
LOG_0005345,MCH_L3_03,2023-04-22 08:00:00,296.17,305.3,1357,48.76,224,No Failure,0
LOG_0005346,MCH_L3_03,2023-04-22 08:30:00,300.08,310.23,1315,35.72,233,No Failure,0
LOG_0005347,MCH_L2_05,2023-04-22 09:00:00,297.18,305.86,1411,53.77,94,No Failure,0
LOG_0005348,MCH_L1_04,2023-04-22 09:30:00,300.35,310.65,1563,33.47,161,No Failure,0
LOG_0005349,MCH_L2_04,2023-04-22 10:00:00,300.96,311.83,1677,31.65,78,No Failure,0
LOG_0005350,MCH_L2_01,2023-04-22 10:30:00,302.02,312.96,1626,52.15,178,Heat Dissipation,1
LOG_0005351,MCH_L2_03,2023-04-22 11:00:00,301.22,309.65,1552,36.98,35,No Failure,0
LOG_0005352,MCH_L2_02,2023-04-22 11:30:00,299.16,309.72,1545,41.35,126,No Failure,0
LOG_0005353,MCH_L3_01,2023-04-22 12:00:00,298.12,307.41,1487,48.62,180,Tool Wear,1
LOG_0005354,MCH_L1_02,2023-04-22 12:30:00,294.14,305.97,1488,30.65,89,No Failure,0
LOG_0005355,MCH_L1_03,2023-04-22 13:00:00,300.17,311.32,1666,35.46,93,No Failure,0
LOG_0005356,MCH_L1_01,2023-04-22 13:30:00,302.84,312.87,1574,35.0,189,No Failure,0
LOG_0005357,MCH_L2_04,2023-04-22 14:00:00,300.27,312.89,1523,38.02,158,No Failure,0
LOG_0005358,MCH_L3_03,2023-04-22 14:30:00,299.79,308.92,1289,33.96,88,No Failure,0
LOG_0005359,MCH_L2_02,2023-04-22 15:00:00,300.36,310.29,1587,43.16,131,Tool Wear,1
LOG_0005360,MCH_L1_01,2023-04-22 15:30:00,299.03,309.68,1588,43.05,11,No Failure,0
LOG_0005361,MCH_L1_03,2023-04-22 16:00:00,300.49,312.93,1425,40.01,180,No Failure,0
LOG_0005362,MCH_L1_04,2023-04-22 16:30:00,298.99,310.75,1527,41.95,60,No Failure,0
LOG_0005363,MCH_L1_04,2023-04-22 17:00:00,297.75,308.71,1483,34.44,146,No Failure,0
LOG_0005364,MCH_L1_05,2023-04-22 17:30:00,299.81,308.76,1435,40.18,118,No Failure,0
LOG_0005365,MCH_L3_04,2023-04-22 18:00:00,299.76,308.71,1549,25.68,183,No Failure,0
LOG_0005366,MCH_L1_03,2023-04-22 18:30:00,304.69,315.52,1370,48.42,8,No Failure,0
LOG_0005367,MCH_L1_03,2023-04-22 19:00:00,297.99,306.49,1744,35.23,24,Overstrain,1
LOG_0005368,MCH_L1_01,2023-04-22 19:30:00,299.6,309.98,1563,35.6,53,No Failure,0
LOG_0005369,MCH_L2_02,2023-04-22 20:00:00,299.36,310.33,1486,32.06,111,No Failure,0
LOG_0005370,MCH_L3_01,2023-04-22 20:30:00,298.88,307.11,1615,41.19,174,Heat Dissipation,1
LOG_0005371,MCH_L2_05,2023-04-22 21:00:00,301.28,312.06,1594,35.46,40,No Failure,0
LOG_0005372,MCH_L3_04,2023-04-22 21:30:00,305.59,316.67,1410,45.35,178,No Failure,0
LOG_0005373,MCH_L1_01,2023-04-22 22:00:00,299.2,308.76,1439,31.08,49,No Failure,0
LOG_0005374,MCH_L1_02,2023-04-22 22:30:00,301.29,311.1,1225,41.17,116,No Failure,0
LOG_0005375,MCH_L3_03,2023-04-22 23:00:00,295.22,303.07,1371,43.62,134,No Failure,0
LOG_0005376,MCH_L1_04,2023-04-22 23:30:00,299.02,308.89,1580,46.77,26,No Failure,0
LOG_0005377,MCH_L3_03,2023-04-23 00:00:00,303.89,312.06,1521,45.67,175,No Failure,0
LOG_0005378,MCH_L1_04,2023-04-23 00:30:00,299.86,309.03,1440,32.29,110,No Failure,0
LOG_0005379,MCH_L1_05,2023-04-23 01:00:00,301.26,310.78,1541,40.58,54,Overstrain,1
LOG_0005380,MCH_L3_01,2023-04-23 01:30:00,298.44,307.05,1436,39.11,190,No Failure,0
LOG_0005381,MCH_L1_02,2023-04-23 02:00:00,300.64,309.14,1325,31.09,106,No Failure,0
LOG_0005382,MCH_L1_04,2023-04-23 02:30:00,304.08,312.64,1386,39.77,133,No Failure,0
LOG_0005383,MCH_L1_01,2023-04-23 03:00:00,297.1,308.56,1775,28.15,162,No Failure,0
LOG_0005384,MCH_L1_02,2023-04-23 03:30:00,305.47,315.39,1481,42.0,159,No Failure,0
LOG_0005385,MCH_L1_01,2023-04-23 04:00:00,296.14,307.66,1488,50.25,205,No Failure,0
LOG_0005386,MCH_L2_05,2023-04-23 04:30:00,298.79,308.3,1562,48.49,5,No Failure,0
LOG_0005387,MCH_L2_05,2023-04-23 05:00:00,297.91,307.45,1617,43.33,190,No Failure,0
LOG_0005388,MCH_L3_03,2023-04-23 05:30:00,299.32,308.81,1472,42.2,17,No Failure,0
LOG_0005389,MCH_L1_04,2023-04-23 06:00:00,297.88,304.3,1633,39.02,158,No Failure,0
LOG_0005390,MCH_L1_04,2023-04-23 06:30:00,297.69,308.3,1473,58.36,51,No Failure,0
LOG_0005391,MCH_L2_02,2023-04-23 07:00:00,297.03,306.9,1498,38.18,143,No Failure,0
LOG_0005392,MCH_L2_05,2023-04-23 07:30:00,301.61,311.67,1442,28.81,183,No Failure,0
LOG_0005393,MCH_L3_01,2023-04-23 08:00:00,299.41,306.9,1592,46.49,194,No Failure,0
LOG_0005394,MCH_L3_01,2023-04-23 08:30:00,298.75,308.72,1334,43.92,222,No Failure,0
LOG_0005395,MCH_L2_04,2023-04-23 09:00:00,300.71,310.18,1527,30.61,229,No Failure,0
LOG_0005396,MCH_L2_04,2023-04-23 09:30:00,296.26,306.41,1571,36.63,189,No Failure,0
LOG_0005397,MCH_L1_05,2023-04-23 10:00:00,300.77,310.68,1623,41.44,80,No Failure,0
LOG_0005398,MCH_L2_05,2023-04-23 10:30:00,299.77,309.19,1565,35.2,179,No Failure,0
LOG_0005399,MCH_L1_01,2023-04-23 11:00:00,299.84,310.52,1389,47.8,132,No Failure,0
LOG_0005400,MCH_L1_01,2023-04-23 11:30:00,301.3,312.53,1569,33.39,180,No Failure,0
LOG_0005401,MCH_L2_01,2023-04-23 12:00:00,304.11,313.62,1588,37.86,207,No Failure,0
LOG_0005402,MCH_L1_02,2023-04-23 12:30:00,300.81,309.07,1577,36.42,144,No Failure,0
LOG_0005403,MCH_L2_03,2023-04-23 13:00:00,299.5,307.84,1471,43.83,158,No Failure,0
LOG_0005404,MCH_L3_03,2023-04-23 13:30:00,297.04,307.55,1481,45.38,15,No Failure,0
LOG_0005405,MCH_L2_04,2023-04-23 14:00:00,294.02,305.57,1619,43.82,184,No Failure,0
LOG_0005406,MCH_L3_03,2023-04-23 14:30:00,300.32,308.14,1500,24.3,20,No Failure,0
LOG_0005407,MCH_L1_04,2023-04-23 15:00:00,296.85,305.63,1385,41.39,168,No Failure,0
LOG_0005408,MCH_L1_05,2023-04-23 15:30:00,293.65,303.25,1450,44.06,38,No Failure,0
LOG_0005409,MCH_L3_01,2023-04-23 16:00:00,299.12,306.67,1678,45.03,36,No Failure,0
LOG_0005410,MCH_L2_03,2023-04-23 16:30:00,300.6,310.48,1338,38.49,168,No Failure,0
LOG_0005411,MCH_L1_03,2023-04-23 17:00:00,301.86,312.3,1656,40.2,52,No Failure,0
LOG_0005412,MCH_L1_05,2023-04-23 17:30:00,302.65,313.23,1502,35.17,73,No Failure,0
LOG_0005413,MCH_L1_03,2023-04-23 18:00:00,302.19,311.71,1340,50.86,31,No Failure,0
LOG_0005414,MCH_L3_02,2023-04-23 18:30:00,302.26,311.83,1595,28.6,24,No Failure,0
LOG_0005415,MCH_L2_05,2023-04-23 19:00:00,296.33,305.1,1414,43.84,180,No Failure,0
LOG_0005416,MCH_L1_03,2023-04-23 19:30:00,299.63,307.5,1511,31.54,63,No Failure,0
LOG_0005417,MCH_L1_03,2023-04-23 20:00:00,301.45,311.22,1279,35.92,160,No Failure,0
LOG_0005418,MCH_L3_03,2023-04-23 20:30:00,300.12,310.61,1661,39.67,102,No Failure,0
LOG_0005419,MCH_L3_02,2023-04-23 21:00:00,299.61,309.63,1464,23.12,228,No Failure,0
LOG_0005420,MCH_L2_02,2023-04-23 21:30:00,300.07,311.4,1426,28.16,101,No Failure,0
LOG_0005421,MCH_L3_05,2023-04-23 22:00:00,300.61,311.02,1522,26.39,37,No Failure,0
LOG_0005422,MCH_L2_02,2023-04-23 22:30:00,299.81,310.6,1606,43.62,91,No Failure,0
LOG_0005423,MCH_L2_02,2023-04-23 23:00:00,297.88,308.08,1477,48.7,78,No Failure,0
LOG_0005424,MCH_L2_05,2023-04-23 23:30:00,295.74,307.97,1602,26.43,135,No Failure,0
LOG_0005425,MCH_L2_03,2023-04-24 00:00:00,299.49,308.9,1496,38.49,0,No Failure,0
LOG_0005426,MCH_L1_05,2023-04-24 00:30:00,300.14,310.95,1510,42.33,201,No Failure,0
LOG_0005427,MCH_L1_05,2023-04-24 01:00:00,300.12,310.42,1403,42.3,58,No Failure,0
LOG_0005428,MCH_L3_04,2023-04-24 01:30:00,302.38,313.27,1626,57.07,34,No Failure,0
LOG_0005429,MCH_L1_04,2023-04-24 02:00:00,302.83,313.23,1580,41.31,239,No Failure,0
LOG_0005430,MCH_L2_02,2023-04-24 02:30:00,299.74,309.69,1565,32.11,224,No Failure,0
LOG_0005431,MCH_L2_05,2023-04-24 03:00:00,299.76,310.21,1628,46.36,15,No Failure,0
LOG_0005432,MCH_L1_04,2023-04-24 03:30:00,301.43,312.03,1374,53.53,141,No Failure,0
LOG_0005433,MCH_L3_05,2023-04-24 04:00:00,301.07,311.83,1508,28.94,4,No Failure,0
LOG_0005434,MCH_L1_02,2023-04-24 04:30:00,298.89,310.65,1633,44.54,79,No Failure,0
LOG_0005435,MCH_L1_04,2023-04-24 05:00:00,301.65,311.88,1495,40.24,20,No Failure,0
LOG_0005436,MCH_L3_03,2023-04-24 05:30:00,299.63,308.31,1517,31.9,57,No Failure,0
LOG_0005437,MCH_L3_03,2023-04-24 06:00:00,299.69,309.89,1514,34.57,56,Power Failure,1
LOG_0005438,MCH_L2_03,2023-04-24 06:30:00,301.08,310.55,1556,53.53,138,No Failure,0
LOG_0005439,MCH_L2_04,2023-04-24 07:00:00,299.25,308.68,1269,46.57,70,No Failure,0
LOG_0005440,MCH_L1_03,2023-04-24 07:30:00,300.24,309.85,1514,43.61,120,No Failure,0
LOG_0005441,MCH_L2_02,2023-04-24 08:00:00,300.74,309.66,1547,27.32,135,No Failure,0
LOG_0005442,MCH_L3_04,2023-04-24 08:30:00,302.04,309.16,1547,45.73,208,No Failure,0
LOG_0005443,MCH_L3_02,2023-04-24 09:00:00,301.87,313.64,1692,49.49,221,No Failure,0
LOG_0005444,MCH_L3_04,2023-04-24 09:30:00,300.67,310.08,1429,28.39,141,No Failure,0
LOG_0005445,MCH_L2_04,2023-04-24 10:00:00,293.48,301.42,1697,40.18,176,No Failure,0
LOG_0005446,MCH_L3_01,2023-04-24 10:30:00,300.61,310.82,1456,48.57,107,Power Failure,1
LOG_0005447,MCH_L1_04,2023-04-24 11:00:00,300.99,311.73,1338,47.42,160,No Failure,0
LOG_0005448,MCH_L2_05,2023-04-24 11:30:00,301.5,311.29,1680,45.44,151,No Failure,0
LOG_0005449,MCH_L3_05,2023-04-24 12:00:00,297.61,306.06,1626,40.38,198,No Failure,0
LOG_0005450,MCH_L1_03,2023-04-24 12:30:00,294.69,302.99,1516,49.23,37,No Failure,0
LOG_0005451,MCH_L1_05,2023-04-24 13:00:00,302.02,314.76,1429,41.37,78,No Failure,0
LOG_0005452,MCH_L1_01,2023-04-24 13:30:00,296.94,305.25,1474,44.7,49,No Failure,0
LOG_0005453,MCH_L1_03,2023-04-24 14:00:00,303.06,311.11,1530,42.92,234,No Failure,0
LOG_0005454,MCH_L3_05,2023-04-24 14:30:00,298.55,308.18,1666,30.96,88,No Failure,0
LOG_0005455,MCH_L2_03,2023-04-24 15:00:00,297.43,308.42,1342,32.17,63,Heat Dissipation,1
LOG_0005456,MCH_L3_01,2023-04-24 15:30:00,300.87,312.86,1474,27.66,124,No Failure,0
LOG_0005457,MCH_L2_03,2023-04-24 16:00:00,301.54,311.28,1468,36.75,208,Power Failure,1
LOG_0005458,MCH_L3_05,2023-04-24 16:30:00,301.39,311.12,1441,46.9,224,Power Failure,1
LOG_0005459,MCH_L3_03,2023-04-24 17:00:00,301.25,309.71,1422,42.88,129,No Failure,0
LOG_0005460,MCH_L1_04,2023-04-24 17:30:00,298.23,309.54,1692,39.72,166,No Failure,0
LOG_0005461,MCH_L1_02,2023-04-24 18:00:00,296.18,306.1,1403,51.55,201,No Failure,0
LOG_0005462,MCH_L3_03,2023-04-24 18:30:00,299.03,308.99,1516,37.42,141,No Failure,0
LOG_0005463,MCH_L2_03,2023-04-24 19:00:00,297.14,307.66,1358,44.75,139,No Failure,0
LOG_0005464,MCH_L2_03,2023-04-24 19:30:00,301.08,311.44,1604,37.1,80,No Failure,0
LOG_0005465,MCH_L2_05,2023-04-24 20:00:00,302.19,312.02,1440,27.27,77,No Failure,0
LOG_0005466,MCH_L1_04,2023-04-24 20:30:00,300.43,312.02,1235,33.6,178,No Failure,0
LOG_0005467,MCH_L1_03,2023-04-24 21:00:00,300.0,308.08,1616,33.38,9,No Failure,0
LOG_0005468,MCH_L1_02,2023-04-24 21:30:00,299.22,309.47,1433,27.92,43,No Failure,0
LOG_0005469,MCH_L2_04,2023-04-24 22:00:00,302.45,312.94,1657,38.71,230,No Failure,0
LOG_0005470,MCH_L1_01,2023-04-24 22:30:00,295.42,304.93,1630,33.69,39,No Failure,0
LOG_0005471,MCH_L2_02,2023-04-24 23:00:00,296.98,307.72,1486,52.73,220,No Failure,0
LOG_0005472,MCH_L1_05,2023-04-24 23:30:00,304.57,315.37,1547,38.01,108,No Failure,0
LOG_0005473,MCH_L2_03,2023-04-25 00:00:00,296.86,308.19,1511,32.88,187,No Failure,0
LOG_0005474,MCH_L1_04,2023-04-25 00:30:00,301.33,311.2,1331,30.75,69,No Failure,0
LOG_0005475,MCH_L2_02,2023-04-25 01:00:00,301.84,311.58,1670,30.47,231,No Failure,0
LOG_0005476,MCH_L3_03,2023-04-25 01:30:00,295.18,305.83,1469,47.46,30,No Failure,0
LOG_0005477,MCH_L1_05,2023-04-25 02:00:00,295.66,305.42,1502,48.2,36,No Failure,0
LOG_0005478,MCH_L3_05,2023-04-25 02:30:00,303.16,311.33,1504,23.03,200,No Failure,0
LOG_0005479,MCH_L3_04,2023-04-25 03:00:00,297.57,308.6,1472,58.39,185,No Failure,0
LOG_0005480,MCH_L1_05,2023-04-25 03:30:00,297.64,305.44,1576,40.65,170,No Failure,0
LOG_0005481,MCH_L3_04,2023-04-25 04:00:00,298.7,309.18,1488,48.69,108,No Failure,0
LOG_0005482,MCH_L2_04,2023-04-25 04:30:00,297.57,310.62,1438,33.18,96,No Failure,0
LOG_0005483,MCH_L2_04,2023-04-25 05:00:00,301.32,311.96,1450,31.63,70,No Failure,0
LOG_0005484,MCH_L3_03,2023-04-25 05:30:00,297.04,306.21,1699,37.89,37,Heat Dissipation,1
LOG_0005485,MCH_L2_04,2023-04-25 06:00:00,295.09,304.55,1507,43.19,7,No Failure,0
LOG_0005486,MCH_L3_02,2023-04-25 06:30:00,302.89,313.33,1694,41.86,33,No Failure,0
LOG_0005487,MCH_L2_01,2023-04-25 07:00:00,297.17,307.14,1385,49.94,144,No Failure,0
LOG_0005488,MCH_L2_01,2023-04-25 07:30:00,298.12,309.03,1422,24.97,16,No Failure,0
LOG_0005489,MCH_L1_05,2023-04-25 08:00:00,302.07,313.81,1442,47.71,93,No Failure,0
LOG_0005490,MCH_L2_04,2023-04-25 08:30:00,300.18,311.76,1490,44.37,81,No Failure,0
LOG_0005491,MCH_L2_05,2023-04-25 09:00:00,302.78,311.39,1414,42.65,52,No Failure,0
LOG_0005492,MCH_L2_03,2023-04-25 09:30:00,302.11,312.13,1484,28.55,230,No Failure,0
LOG_0005493,MCH_L2_02,2023-04-25 10:00:00,298.87,309.46,1524,33.21,142,No Failure,0
LOG_0005494,MCH_L2_02,2023-04-25 10:30:00,302.55,314.37,1620,45.42,63,No Failure,0
LOG_0005495,MCH_L2_01,2023-04-25 11:00:00,300.42,310.85,1338,19.12,108,No Failure,0
LOG_0005496,MCH_L1_05,2023-04-25 11:30:00,298.5,307.68,1611,23.88,56,Tool Wear,1
LOG_0005497,MCH_L3_03,2023-04-25 12:00:00,300.73,311.25,1588,43.91,147,No Failure,0
LOG_0005498,MCH_L1_04,2023-04-25 12:30:00,296.73,308.91,1383,44.78,60,No Failure,0
LOG_0005499,MCH_L1_03,2023-04-25 13:00:00,302.08,311.78,1405,33.67,24,No Failure,0
LOG_0005500,MCH_L1_03,2023-04-25 13:30:00,301.76,310.92,1543,33.64,77,No Failure,0
LOG_0005501,MCH_L2_01,2023-04-25 14:00:00,300.3,310.26,1424,48.09,26,No Failure,0
LOG_0005502,MCH_L3_05,2023-04-25 14:30:00,295.2,304.42,1664,47.54,174,No Failure,0
LOG_0005503,MCH_L1_04,2023-04-25 15:00:00,302.89,313.88,1499,37.11,98,No Failure,0
LOG_0005504,MCH_L3_02,2023-04-25 15:30:00,301.09,310.32,1354,29.56,27,No Failure,0
LOG_0005505,MCH_L3_02,2023-04-25 16:00:00,299.94,311.49,1365,52.54,133,No Failure,0
LOG_0005506,MCH_L2_01,2023-04-25 16:30:00,299.55,310.14,1321,29.06,40,No Failure,0
LOG_0005507,MCH_L1_03,2023-04-25 17:00:00,298.66,309.5,1487,45.75,58,No Failure,0
LOG_0005508,MCH_L3_05,2023-04-25 17:30:00,299.14,309.97,1493,50.2,222,No Failure,0
LOG_0005509,MCH_L1_04,2023-04-25 18:00:00,301.92,312.94,1561,39.94,77,No Failure,0
LOG_0005510,MCH_L3_05,2023-04-25 18:30:00,298.71,308.34,1651,35.0,188,No Failure,0
LOG_0005511,MCH_L2_04,2023-04-25 19:00:00,299.31,308.14,1501,26.28,207,No Failure,0
LOG_0005512,MCH_L1_05,2023-04-25 19:30:00,299.68,309.11,1652,40.53,48,No Failure,0
LOG_0005513,MCH_L3_03,2023-04-25 20:00:00,299.75,310.86,1412,27.57,107,No Failure,0
LOG_0005514,MCH_L2_02,2023-04-25 20:30:00,298.46,306.34,1323,42.61,99,Tool Wear,1
LOG_0005515,MCH_L2_05,2023-04-25 21:00:00,299.57,307.17,1595,22.78,4,No Failure,0
LOG_0005516,MCH_L1_02,2023-04-25 21:30:00,300.86,311.13,1586,25.75,223,No Failure,0
LOG_0005517,MCH_L3_04,2023-04-25 22:00:00,297.74,308.75,1530,41.12,10,No Failure,0
LOG_0005518,MCH_L3_04,2023-04-25 22:30:00,299.59,310.77,1581,47.14,85,No Failure,0
LOG_0005519,MCH_L1_05,2023-04-25 23:00:00,304.83,313.69,1222,37.58,234,No Failure,0
LOG_0005520,MCH_L2_04,2023-04-25 23:30:00,299.84,308.42,1443,48.93,39,No Failure,0
LOG_0005521,MCH_L3_01,2023-04-26 00:00:00,297.67,306.85,1634,35.23,219,No Failure,0
LOG_0005522,MCH_L1_03,2023-04-26 00:30:00,297.38,306.91,1469,58.51,113,No Failure,0
LOG_0005523,MCH_L3_04,2023-04-26 01:00:00,296.84,306.44,1578,28.69,69,No Failure,0
LOG_0005524,MCH_L2_04,2023-04-26 01:30:00,304.07,314.22,1812,33.94,166,No Failure,0
LOG_0005525,MCH_L3_04,2023-04-26 02:00:00,302.52,314.21,1622,51.49,69,No Failure,0
LOG_0005526,MCH_L3_01,2023-04-26 02:30:00,296.78,306.71,1456,37.8,109,Power Failure,1
LOG_0005527,MCH_L3_05,2023-04-26 03:00:00,300.53,311.66,1288,48.07,19,No Failure,0
LOG_0005528,MCH_L2_01,2023-04-26 03:30:00,303.06,313.85,1585,28.76,229,No Failure,0
LOG_0005529,MCH_L1_04,2023-04-26 04:00:00,299.9,309.05,1257,31.9,131,No Failure,0
LOG_0005530,MCH_L2_02,2023-04-26 04:30:00,298.77,309.54,1405,45.08,216,No Failure,0
LOG_0005531,MCH_L2_03,2023-04-26 05:00:00,305.6,316.29,1411,27.78,12,No Failure,0
LOG_0005532,MCH_L2_01,2023-04-26 05:30:00,295.24,305.24,1485,29.69,48,No Failure,0
LOG_0005533,MCH_L1_05,2023-04-26 06:00:00,306.58,316.79,1532,39.05,75,No Failure,0
LOG_0005534,MCH_L2_01,2023-04-26 06:30:00,300.15,310.08,1396,51.2,8,No Failure,0
LOG_0005535,MCH_L1_05,2023-04-26 07:00:00,303.23,311.92,1626,43.12,58,No Failure,0
LOG_0005536,MCH_L2_03,2023-04-26 07:30:00,297.0,309.84,1670,38.23,115,No Failure,0
LOG_0005537,MCH_L1_01,2023-04-26 08:00:00,298.19,309.46,1470,41.4,2,Heat Dissipation,1
LOG_0005538,MCH_L3_01,2023-04-26 08:30:00,297.3,307.93,1628,25.21,223,No Failure,0
LOG_0005539,MCH_L2_02,2023-04-26 09:00:00,299.75,309.26,1417,35.07,10,No Failure,0
LOG_0005540,MCH_L3_05,2023-04-26 09:30:00,300.77,310.66,1375,43.75,4,No Failure,0
LOG_0005541,MCH_L2_05,2023-04-26 10:00:00,302.67,311.26,1629,42.02,162,No Failure,0
LOG_0005542,MCH_L2_05,2023-04-26 10:30:00,295.72,306.28,1531,45.2,112,No Failure,0
LOG_0005543,MCH_L3_01,2023-04-26 11:00:00,300.39,310.79,1547,45.96,151,Tool Wear,1
LOG_0005544,MCH_L1_02,2023-04-26 11:30:00,302.24,311.99,1720,41.93,232,No Failure,0
LOG_0005545,MCH_L3_05,2023-04-26 12:00:00,302.71,312.75,1579,18.63,197,No Failure,0
LOG_0005546,MCH_L3_04,2023-04-26 12:30:00,298.9,308.54,1788,42.86,81,No Failure,0
LOG_0005547,MCH_L2_04,2023-04-26 13:00:00,298.93,308.34,1511,35.86,124,No Failure,0
LOG_0005548,MCH_L1_01,2023-04-26 13:30:00,299.77,308.84,1681,36.71,229,No Failure,0
LOG_0005549,MCH_L3_01,2023-04-26 14:00:00,300.47,309.25,1493,36.84,133,No Failure,0
LOG_0005550,MCH_L2_05,2023-04-26 14:30:00,303.26,312.42,1361,42.48,85,No Failure,0
LOG_0005551,MCH_L2_01,2023-04-26 15:00:00,296.97,306.22,1599,27.51,41,No Failure,0
LOG_0005552,MCH_L2_04,2023-04-26 15:30:00,298.03,309.34,1495,25.41,42,No Failure,0
LOG_0005553,MCH_L1_01,2023-04-26 16:00:00,296.67,305.93,1748,29.48,141,No Failure,0
LOG_0005554,MCH_L1_04,2023-04-26 16:30:00,301.07,308.63,1567,47.82,203,No Failure,0
LOG_0005555,MCH_L1_04,2023-04-26 17:00:00,302.75,313.1,1614,36.28,24,No Failure,0
LOG_0005556,MCH_L3_05,2023-04-26 17:30:00,296.45,307.2,1311,44.3,211,No Failure,0
LOG_0005557,MCH_L2_04,2023-04-26 18:00:00,300.22,311.38,1587,44.08,17,No Failure,0
LOG_0005558,MCH_L3_01,2023-04-26 18:30:00,302.57,312.77,1491,43.37,151,No Failure,0
LOG_0005559,MCH_L1_05,2023-04-26 19:00:00,301.96,310.59,1406,44.48,190,No Failure,0
LOG_0005560,MCH_L1_05,2023-04-26 19:30:00,301.93,310.97,1668,35.56,206,No Failure,0
LOG_0005561,MCH_L2_01,2023-04-26 20:00:00,297.03,307.75,1344,45.68,222,No Failure,0
LOG_0005562,MCH_L1_01,2023-04-26 20:30:00,301.92,313.67,1542,43.25,105,No Failure,0
LOG_0005563,MCH_L1_01,2023-04-26 21:00:00,299.54,308.17,1426,26.52,0,No Failure,0
LOG_0005564,MCH_L3_05,2023-04-26 21:30:00,302.68,312.93,1532,40.5,14,No Failure,0
LOG_0005565,MCH_L2_04,2023-04-26 22:00:00,301.12,310.45,1466,38.73,181,No Failure,0
LOG_0005566,MCH_L1_03,2023-04-26 22:30:00,297.96,306.97,1478,43.93,33,Tool Wear,1
LOG_0005567,MCH_L1_04,2023-04-26 23:00:00,300.7,310.74,1506,40.22,179,No Failure,0
LOG_0005568,MCH_L1_01,2023-04-26 23:30:00,302.05,311.89,1384,37.96,1,No Failure,0
LOG_0005569,MCH_L2_04,2023-04-27 00:00:00,298.73,306.3,1623,53.23,163,No Failure,0
LOG_0005570,MCH_L3_05,2023-04-27 00:30:00,300.32,310.56,1579,45.17,150,No Failure,0
LOG_0005571,MCH_L2_03,2023-04-27 01:00:00,296.66,307.05,1381,40.35,151,No Failure,0
LOG_0005572,MCH_L1_02,2023-04-27 01:30:00,301.37,312.27,1669,30.49,109,No Failure,0
LOG_0005573,MCH_L2_03,2023-04-27 02:00:00,299.86,309.17,1591,41.03,159,No Failure,0
LOG_0005574,MCH_L3_05,2023-04-27 02:30:00,302.29,310.38,1512,32.75,50,Power Failure,1
LOG_0005575,MCH_L2_02,2023-04-27 03:00:00,301.3,310.79,1329,25.95,45,No Failure,0
LOG_0005576,MCH_L3_01,2023-04-27 03:30:00,298.98,309.83,1422,36.54,140,Overstrain,1
LOG_0005577,MCH_L2_01,2023-04-27 04:00:00,297.88,307.79,1273,37.07,96,No Failure,0
LOG_0005578,MCH_L1_01,2023-04-27 04:30:00,297.31,308.33,1521,48.75,105,No Failure,0
LOG_0005579,MCH_L3_05,2023-04-27 05:00:00,298.73,307.17,1601,48.27,13,No Failure,0
LOG_0005580,MCH_L2_02,2023-04-27 05:30:00,302.22,313.19,1413,45.69,16,No Failure,0
LOG_0005581,MCH_L2_05,2023-04-27 06:00:00,295.61,305.91,1500,39.25,121,No Failure,0
LOG_0005582,MCH_L2_02,2023-04-27 06:30:00,297.41,306.98,1619,39.37,143,No Failure,0
LOG_0005583,MCH_L3_03,2023-04-27 07:00:00,302.15,313.43,1425,44.72,159,No Failure,0
LOG_0005584,MCH_L3_04,2023-04-27 07:30:00,303.32,313.61,1566,45.47,206,No Failure,0
LOG_0005585,MCH_L2_04,2023-04-27 08:00:00,297.54,306.36,1752,43.03,106,No Failure,0
LOG_0005586,MCH_L1_01,2023-04-27 08:30:00,297.38,308.56,1588,44.32,222,No Failure,0
LOG_0005587,MCH_L1_02,2023-04-27 09:00:00,303.52,313.23,1376,39.42,11,Power Failure,1
LOG_0005588,MCH_L3_01,2023-04-27 09:30:00,299.69,309.73,1496,37.6,224,No Failure,0
LOG_0005589,MCH_L2_04,2023-04-27 10:00:00,297.76,306.72,1586,21.13,130,No Failure,0
LOG_0005590,MCH_L3_03,2023-04-27 10:30:00,302.61,312.55,1559,37.11,74,Heat Dissipation,1
LOG_0005591,MCH_L2_04,2023-04-27 11:00:00,301.26,310.12,1371,33.86,180,No Failure,0
LOG_0005592,MCH_L3_03,2023-04-27 11:30:00,301.84,311.63,1552,40.83,42,No Failure,0
LOG_0005593,MCH_L2_01,2023-04-27 12:00:00,297.89,307.93,1474,34.25,132,No Failure,0
LOG_0005594,MCH_L2_01,2023-04-27 12:30:00,300.94,311.67,1445,41.17,174,Heat Dissipation,1
LOG_0005595,MCH_L1_04,2023-04-27 13:00:00,303.12,311.43,1566,24.15,26,No Failure,0
LOG_0005596,MCH_L1_04,2023-04-27 13:30:00,301.6,312.8,1711,31.81,126,No Failure,0
LOG_0005597,MCH_L1_05,2023-04-27 14:00:00,302.3,313.54,1410,33.92,179,No Failure,0
LOG_0005598,MCH_L1_03,2023-04-27 14:30:00,303.51,313.28,1554,31.08,55,No Failure,0
LOG_0005599,MCH_L1_01,2023-04-27 15:00:00,301.07,311.22,1490,66.5,207,No Failure,0
LOG_0005600,MCH_L3_05,2023-04-27 15:30:00,298.59,308.96,1573,22.75,226,No Failure,0
LOG_0005601,MCH_L1_01,2023-04-27 16:00:00,302.19,312.29,1512,45.74,103,No Failure,0
LOG_0005602,MCH_L3_02,2023-04-27 16:30:00,297.24,307.96,1430,48.47,207,No Failure,0
LOG_0005603,MCH_L3_05,2023-04-27 17:00:00,299.44,308.98,1426,36.25,79,No Failure,0
LOG_0005604,MCH_L3_03,2023-04-27 17:30:00,301.47,310.56,1555,42.82,213,No Failure,0
LOG_0005605,MCH_L2_02,2023-04-27 18:00:00,291.96,302.47,1515,45.19,67,No Failure,0
LOG_0005606,MCH_L1_01,2023-04-27 18:30:00,300.63,308.8,1574,41.15,223,No Failure,0
LOG_0005607,MCH_L1_01,2023-04-27 19:00:00,300.75,311.49,1308,24.99,90,No Failure,0
LOG_0005608,MCH_L1_03,2023-04-27 19:30:00,297.16,308.03,1631,43.46,14,No Failure,0
LOG_0005609,MCH_L2_05,2023-04-27 20:00:00,300.81,309.87,1669,48.25,146,No Failure,0
LOG_0005610,MCH_L3_05,2023-04-27 20:30:00,300.47,312.18,1518,57.54,25,No Failure,0
LOG_0005611,MCH_L1_04,2023-04-27 21:00:00,300.08,309.66,1579,28.28,206,No Failure,0
LOG_0005612,MCH_L1_04,2023-04-27 21:30:00,302.97,312.45,1617,38.54,172,No Failure,0
LOG_0005613,MCH_L1_02,2023-04-27 22:00:00,302.2,311.42,1478,39.76,9,No Failure,0
LOG_0005614,MCH_L1_01,2023-04-27 22:30:00,301.6,312.14,1527,39.15,97,No Failure,0
LOG_0005615,MCH_L1_03,2023-04-27 23:00:00,297.44,306.97,1558,25.78,101,No Failure,0
LOG_0005616,MCH_L3_01,2023-04-27 23:30:00,299.96,308.24,1437,49.37,153,No Failure,0
LOG_0005617,MCH_L1_04,2023-04-28 00:00:00,302.96,313.37,1516,48.47,135,No Failure,0
LOG_0005618,MCH_L1_03,2023-04-28 00:30:00,299.46,309.11,1257,43.2,79,No Failure,0
LOG_0005619,MCH_L2_03,2023-04-28 01:00:00,303.89,315.19,1425,36.38,220,No Failure,0
LOG_0005620,MCH_L3_04,2023-04-28 01:30:00,301.67,312.04,1675,38.17,31,No Failure,0
LOG_0005621,MCH_L2_05,2023-04-28 02:00:00,304.27,314.59,1546,37.57,20,No Failure,0
LOG_0005622,MCH_L1_01,2023-04-28 02:30:00,297.33,308.55,1404,28.18,95,No Failure,0
LOG_0005623,MCH_L3_04,2023-04-28 03:00:00,299.61,309.8,1351,45.96,44,No Failure,0
LOG_0005624,MCH_L1_02,2023-04-28 03:30:00,299.85,310.79,1802,40.2,182,No Failure,0
LOG_0005625,MCH_L3_03,2023-04-28 04:00:00,301.52,310.74,1415,45.84,11,No Failure,0
LOG_0005626,MCH_L2_02,2023-04-28 04:30:00,298.15,310.13,1440,42.2,175,No Failure,0
LOG_0005627,MCH_L1_04,2023-04-28 05:00:00,295.98,306.31,1571,31.45,102,No Failure,0
LOG_0005628,MCH_L2_03,2023-04-28 05:30:00,300.95,309.51,1400,32.14,186,No Failure,0
LOG_0005629,MCH_L3_01,2023-04-28 06:00:00,299.08,309.25,1545,51.17,73,No Failure,0
LOG_0005630,MCH_L3_03,2023-04-28 06:30:00,298.82,309.04,1503,44.76,69,No Failure,0
LOG_0005631,MCH_L1_03,2023-04-28 07:00:00,298.27,308.42,1359,36.77,36,No Failure,0
LOG_0005632,MCH_L2_01,2023-04-28 07:30:00,300.31,307.55,1506,44.76,209,No Failure,0
LOG_0005633,MCH_L2_04,2023-04-28 08:00:00,297.31,306.65,1539,32.59,111,Power Failure,1
LOG_0005634,MCH_L1_01,2023-04-28 08:30:00,299.51,307.85,1373,49.23,158,No Failure,0
LOG_0005635,MCH_L1_01,2023-04-28 09:00:00,297.93,306.29,1562,28.46,226,No Failure,0
LOG_0005636,MCH_L2_03,2023-04-28 09:30:00,298.48,308.68,1583,41.67,130,No Failure,0
LOG_0005637,MCH_L1_03,2023-04-28 10:00:00,300.88,310.21,1377,38.84,68,No Failure,0
LOG_0005638,MCH_L1_05,2023-04-28 10:30:00,301.63,311.19,1558,40.11,97,No Failure,0
LOG_0005639,MCH_L1_01,2023-04-28 11:00:00,299.23,308.16,1527,45.53,186,No Failure,0
LOG_0005640,MCH_L1_05,2023-04-28 11:30:00,302.42,314.08,1458,48.51,32,No Failure,0
LOG_0005641,MCH_L3_01,2023-04-28 12:00:00,297.57,307.62,1468,36.5,35,No Failure,0
LOG_0005642,MCH_L2_01,2023-04-28 12:30:00,296.2,304.37,1547,23.07,201,No Failure,0
LOG_0005643,MCH_L2_03,2023-04-28 13:00:00,296.66,307.43,1429,25.41,236,No Failure,0
LOG_0005644,MCH_L3_03,2023-04-28 13:30:00,297.31,306.9,1569,36.75,2,No Failure,0
LOG_0005645,MCH_L3_04,2023-04-28 14:00:00,296.72,308.15,1403,40.29,202,No Failure,0
LOG_0005646,MCH_L1_03,2023-04-28 14:30:00,305.05,315.04,1412,43.19,130,No Failure,0
LOG_0005647,MCH_L1_03,2023-04-28 15:00:00,296.12,305.28,1345,41.63,219,No Failure,0
LOG_0005648,MCH_L3_02,2023-04-28 15:30:00,302.34,311.69,1293,47.57,105,No Failure,0
LOG_0005649,MCH_L3_01,2023-04-28 16:00:00,299.94,309.46,1518,55.31,186,No Failure,0
LOG_0005650,MCH_L3_01,2023-04-28 16:30:00,300.56,311.15,1265,40.82,181,No Failure,0
LOG_0005651,MCH_L2_05,2023-04-28 17:00:00,297.74,306.8,1539,43.07,27,No Failure,0
LOG_0005652,MCH_L2_04,2023-04-28 17:30:00,300.81,312.3,1489,33.5,136,Heat Dissipation,1
LOG_0005653,MCH_L1_04,2023-04-28 18:00:00,297.72,308.16,1726,40.47,25,No Failure,0
LOG_0005654,MCH_L3_05,2023-04-28 18:30:00,302.31,312.58,1572,41.76,156,No Failure,0
LOG_0005655,MCH_L1_04,2023-04-28 19:00:00,302.51,312.6,1561,41.31,9,No Failure,0
LOG_0005656,MCH_L3_02,2023-04-28 19:30:00,299.66,309.64,1419,33.62,154,No Failure,0
LOG_0005657,MCH_L2_02,2023-04-28 20:00:00,299.83,308.31,1432,41.4,190,Heat Dissipation,1
LOG_0005658,MCH_L1_02,2023-04-28 20:30:00,301.08,311.43,1449,40.78,108,No Failure,0
LOG_0005659,MCH_L2_03,2023-04-28 21:00:00,300.95,313.26,1495,42.69,61,No Failure,0
LOG_0005660,MCH_L2_01,2023-04-28 21:30:00,302.56,313.39,1429,36.6,95,No Failure,0
LOG_0005661,MCH_L1_03,2023-04-28 22:00:00,302.49,313.02,1568,40.09,145,No Failure,0
LOG_0005662,MCH_L2_04,2023-04-28 22:30:00,299.93,308.09,1453,58.51,180,Heat Dissipation,1
LOG_0005663,MCH_L1_05,2023-04-28 23:00:00,298.81,310.11,1633,40.46,209,No Failure,0
LOG_0005664,MCH_L2_03,2023-04-28 23:30:00,302.03,312.99,1401,49.1,85,Tool Wear,1
LOG_0005665,MCH_L2_02,2023-04-29 00:00:00,299.61,311.01,1589,52.12,144,No Failure,0
LOG_0005666,MCH_L3_04,2023-04-29 00:30:00,300.28,309.2,1731,27.65,48,Power Failure,1
LOG_0005667,MCH_L2_03,2023-04-29 01:00:00,301.33,310.85,1712,38.31,216,No Failure,0
LOG_0005668,MCH_L2_02,2023-04-29 01:30:00,302.44,310.66,1396,38.69,153,No Failure,0
LOG_0005669,MCH_L1_03,2023-04-29 02:00:00,300.65,308.77,1638,57.12,4,No Failure,0
LOG_0005670,MCH_L1_02,2023-04-29 02:30:00,298.53,307.84,1233,56.01,72,No Failure,0
LOG_0005671,MCH_L2_02,2023-04-29 03:00:00,304.49,315.05,1313,27.64,43,No Failure,0
LOG_0005672,MCH_L1_03,2023-04-29 03:30:00,303.83,313.33,1572,31.45,235,No Failure,0
LOG_0005673,MCH_L1_03,2023-04-29 04:00:00,297.45,306.65,1552,50.42,151,Overstrain,1
LOG_0005674,MCH_L1_02,2023-04-29 04:30:00,297.72,308.13,1572,35.56,184,No Failure,0
LOG_0005675,MCH_L1_04,2023-04-29 05:00:00,298.03,304.14,1441,45.51,120,No Failure,0
LOG_0005676,MCH_L2_03,2023-04-29 05:30:00,302.12,311.47,1366,38.14,6,No Failure,0
LOG_0005677,MCH_L3_02,2023-04-29 06:00:00,304.59,315.0,1283,30.89,19,No Failure,0
LOG_0005678,MCH_L1_01,2023-04-29 06:30:00,298.73,308.25,1396,51.09,183,No Failure,0
LOG_0005679,MCH_L1_01,2023-04-29 07:00:00,300.42,311.98,1578,33.82,107,No Failure,0
LOG_0005680,MCH_L3_02,2023-04-29 07:30:00,298.12,307.33,1603,38.9,232,No Failure,0
LOG_0005681,MCH_L3_04,2023-04-29 08:00:00,304.25,313.54,1535,30.36,199,No Failure,0
LOG_0005682,MCH_L1_05,2023-04-29 08:30:00,302.06,310.88,1523,30.56,146,No Failure,0
LOG_0005683,MCH_L3_01,2023-04-29 09:00:00,297.94,307.03,1703,40.5,226,No Failure,0
LOG_0005684,MCH_L1_05,2023-04-29 09:30:00,294.74,305.07,1668,31.91,63,No Failure,0
LOG_0005685,MCH_L3_01,2023-04-29 10:00:00,302.59,313.56,1613,52.81,42,No Failure,0
LOG_0005686,MCH_L3_02,2023-04-29 10:30:00,298.57,311.16,1638,45.86,43,No Failure,0
LOG_0005687,MCH_L1_01,2023-04-29 11:00:00,302.11,312.8,1541,46.74,152,No Failure,0
LOG_0005688,MCH_L2_01,2023-04-29 11:30:00,300.73,309.32,1557,37.51,16,No Failure,0
LOG_0005689,MCH_L1_01,2023-04-29 12:00:00,295.41,306.9,1407,37.74,38,No Failure,0
LOG_0005690,MCH_L1_05,2023-04-29 12:30:00,297.98,308.56,1545,43.77,152,No Failure,0
LOG_0005691,MCH_L2_04,2023-04-29 13:00:00,299.11,309.14,1422,17.01,98,No Failure,0
LOG_0005692,MCH_L3_02,2023-04-29 13:30:00,298.31,309.59,1648,36.13,38,No Failure,0
LOG_0005693,MCH_L3_04,2023-04-29 14:00:00,300.29,313.13,1574,24.53,38,No Failure,0
LOG_0005694,MCH_L1_05,2023-04-29 14:30:00,301.0,310.77,1448,41.93,186,No Failure,0
LOG_0005695,MCH_L2_01,2023-04-29 15:00:00,304.47,313.47,1584,30.17,237,No Failure,0
LOG_0005696,MCH_L2_03,2023-04-29 15:30:00,301.18,312.77,1634,38.97,193,No Failure,0
LOG_0005697,MCH_L3_01,2023-04-29 16:00:00,303.73,316.92,1395,32.46,15,No Failure,0
LOG_0005698,MCH_L1_01,2023-04-29 16:30:00,298.81,308.98,1469,52.13,52,No Failure,0
LOG_0005699,MCH_L3_04,2023-04-29 17:00:00,302.91,312.95,1383,59.22,105,No Failure,0
LOG_0005700,MCH_L1_02,2023-04-29 17:30:00,299.05,309.26,1495,47.79,205,Heat Dissipation,1
LOG_0005701,MCH_L2_04,2023-04-29 18:00:00,297.71,308.25,1660,48.27,156,No Failure,0
LOG_0005702,MCH_L1_03,2023-04-29 18:30:00,297.6,305.91,1500,39.64,230,No Failure,0
LOG_0005703,MCH_L2_01,2023-04-29 19:00:00,293.4,303.77,1569,34.66,193,No Failure,0
LOG_0005704,MCH_L1_05,2023-04-29 19:30:00,302.14,312.47,1434,23.62,9,No Failure,0
LOG_0005705,MCH_L3_01,2023-04-29 20:00:00,296.77,307.03,1602,41.55,1,No Failure,0
LOG_0005706,MCH_L1_02,2023-04-29 20:30:00,303.52,313.72,1492,37.44,218,No Failure,0
LOG_0005707,MCH_L3_04,2023-04-29 21:00:00,299.56,309.68,1591,41.91,140,No Failure,0
LOG_0005708,MCH_L3_05,2023-04-29 21:30:00,296.11,303.59,1604,33.96,181,No Failure,0
LOG_0005709,MCH_L2_02,2023-04-29 22:00:00,297.21,306.34,1373,27.32,1,No Failure,0
LOG_0005710,MCH_L1_04,2023-04-29 22:30:00,300.48,311.51,1417,30.15,169,No Failure,0
LOG_0005711,MCH_L1_01,2023-04-29 23:00:00,295.3,306.61,1450,53.02,13,No Failure,0
LOG_0005712,MCH_L3_03,2023-04-29 23:30:00,301.47,310.96,1713,56.45,208,No Failure,0
LOG_0005713,MCH_L1_04,2023-04-30 00:00:00,296.21,305.06,1662,26.64,50,No Failure,0
LOG_0005714,MCH_L2_01,2023-04-30 00:30:00,298.15,309.01,1512,34.3,107,No Failure,0
LOG_0005715,MCH_L2_02,2023-04-30 01:00:00,300.5,310.83,1828,25.16,48,No Failure,0
LOG_0005716,MCH_L3_05,2023-04-30 01:30:00,301.17,311.02,1342,40.52,165,No Failure,0
LOG_0005717,MCH_L2_02,2023-04-30 02:00:00,301.99,313.02,1471,40.74,227,No Failure,0
LOG_0005718,MCH_L3_04,2023-04-30 02:30:00,296.73,305.32,1641,39.02,161,No Failure,0
LOG_0005719,MCH_L2_02,2023-04-30 03:00:00,299.23,310.62,1505,35.72,28,No Failure,0
LOG_0005720,MCH_L1_03,2023-04-30 03:30:00,302.73,310.93,1398,42.08,110,No Failure,0
LOG_0005721,MCH_L2_01,2023-04-30 04:00:00,299.23,308.24,1547,45.54,123,No Failure,0
LOG_0005722,MCH_L3_03,2023-04-30 04:30:00,300.74,309.49,1821,45.9,63,Heat Dissipation,1
LOG_0005723,MCH_L2_03,2023-04-30 05:00:00,300.41,309.71,1399,50.37,22,No Failure,0
LOG_0005724,MCH_L1_04,2023-04-30 05:30:00,303.25,313.62,1412,37.03,22,No Failure,0
LOG_0005725,MCH_L3_03,2023-04-30 06:00:00,298.84,309.65,1370,35.02,15,No Failure,0
LOG_0005726,MCH_L2_03,2023-04-30 06:30:00,296.53,306.43,1449,48.1,43,No Failure,0
LOG_0005727,MCH_L1_02,2023-04-30 07:00:00,297.58,306.05,1629,35.22,59,Tool Wear,1
LOG_0005728,MCH_L3_05,2023-04-30 07:30:00,300.47,308.07,1688,38.18,198,No Failure,0
LOG_0005729,MCH_L2_05,2023-04-30 08:00:00,296.08,307.1,1348,35.35,108,No Failure,0
LOG_0005730,MCH_L2_04,2023-04-30 08:30:00,298.64,309.51,1573,54.43,64,No Failure,0
LOG_0005731,MCH_L2_04,2023-04-30 09:00:00,300.19,311.48,1592,44.97,146,No Failure,0
LOG_0005732,MCH_L2_03,2023-04-30 09:30:00,298.08,307.92,1418,30.36,172,No Failure,0
LOG_0005733,MCH_L2_05,2023-04-30 10:00:00,300.82,311.62,1589,39.99,96,No Failure,0
LOG_0005734,MCH_L3_04,2023-04-30 10:30:00,301.81,311.04,1545,43.44,97,No Failure,0
LOG_0005735,MCH_L3_03,2023-04-30 11:00:00,301.14,311.72,1631,30.45,128,Tool Wear,1
LOG_0005736,MCH_L2_05,2023-04-30 11:30:00,296.13,305.55,1232,43.01,11,No Failure,0
LOG_0005737,MCH_L1_01,2023-04-30 12:00:00,300.2,309.22,1534,38.72,152,No Failure,0
LOG_0005738,MCH_L1_02,2023-04-30 12:30:00,300.39,310.67,1597,29.59,86,No Failure,0
LOG_0005739,MCH_L2_01,2023-04-30 13:00:00,299.05,309.27,1625,28.55,88,No Failure,0
LOG_0005740,MCH_L2_05,2023-04-30 13:30:00,300.78,311.87,1596,51.64,222,Tool Wear,1
LOG_0005741,MCH_L1_05,2023-04-30 14:00:00,300.69,309.15,1355,32.87,87,No Failure,0
LOG_0005742,MCH_L3_02,2023-04-30 14:30:00,299.77,310.88,1671,48.57,137,No Failure,0
LOG_0005743,MCH_L3_04,2023-04-30 15:00:00,297.49,307.65,1589,45.58,193,No Failure,0
LOG_0005744,MCH_L2_04,2023-04-30 15:30:00,299.93,311.21,1502,34.7,160,No Failure,0
LOG_0005745,MCH_L1_05,2023-04-30 16:00:00,304.67,315.94,1504,44.24,228,No Failure,0
LOG_0005746,MCH_L1_02,2023-04-30 16:30:00,299.02,306.1,1711,42.79,214,No Failure,0
LOG_0005747,MCH_L2_05,2023-04-30 17:00:00,302.62,313.88,1585,47.71,129,No Failure,0
LOG_0005748,MCH_L1_04,2023-04-30 17:30:00,300.1,311.41,1518,41.49,131,No Failure,0
LOG_0005749,MCH_L2_04,2023-04-30 18:00:00,298.0,306.49,1398,37.18,150,No Failure,0
LOG_0005750,MCH_L1_01,2023-04-30 18:30:00,299.26,307.39,1472,51.25,109,No Failure,0
LOG_0005751,MCH_L3_01,2023-04-30 19:00:00,299.96,310.89,1397,46.21,40,No Failure,0
LOG_0005752,MCH_L1_01,2023-04-30 19:30:00,301.64,311.78,1289,34.53,37,No Failure,0
LOG_0005753,MCH_L3_02,2023-04-30 20:00:00,305.95,315.18,1526,38.5,214,No Failure,0
LOG_0005754,MCH_L2_02,2023-04-30 20:30:00,300.14,311.87,1289,51.05,55,No Failure,0
LOG_0005755,MCH_L3_01,2023-04-30 21:00:00,296.92,307.28,1424,52.74,203,No Failure,0
LOG_0005756,MCH_L1_03,2023-04-30 21:30:00,295.86,303.36,1462,38.49,171,No Failure,0
LOG_0005757,MCH_L2_05,2023-04-30 22:00:00,298.95,307.73,1324,44.14,191,No Failure,0
LOG_0005758,MCH_L1_02,2023-04-30 22:30:00,297.18,308.43,1622,43.07,23,No Failure,0
LOG_0005759,MCH_L2_04,2023-04-30 23:00:00,301.39,311.43,1486,30.65,92,No Failure,0
LOG_0005760,MCH_L1_03,2023-04-30 23:30:00,301.41,310.55,1224,44.33,168,No Failure,0
LOG_0005761,MCH_L1_02,2023-05-01 00:00:00,299.64,310.18,1600,21.71,27,No Failure,0
LOG_0005762,MCH_L3_02,2023-05-01 00:30:00,301.64,310.91,1712,47.73,61,No Failure,0
LOG_0005763,MCH_L2_03,2023-05-01 01:00:00,300.16,308.66,1521,44.43,142,No Failure,0
LOG_0005764,MCH_L2_05,2023-05-01 01:30:00,304.67,315.89,1574,14.28,189,No Failure,0
LOG_0005765,MCH_L2_01,2023-05-01 02:00:00,301.57,312.97,1538,31.8,9,No Failure,0
LOG_0005766,MCH_L2_01,2023-05-01 02:30:00,302.24,312.82,1568,25.03,127,No Failure,0
LOG_0005767,MCH_L2_05,2023-05-01 03:00:00,296.38,304.54,1435,31.28,225,No Failure,0
LOG_0005768,MCH_L3_01,2023-05-01 03:30:00,297.07,309.29,1410,41.14,28,No Failure,0
LOG_0005769,MCH_L2_02,2023-05-01 04:00:00,301.2,313.38,1373,54.81,158,No Failure,0
LOG_0005770,MCH_L2_02,2023-05-01 04:30:00,296.13,307.66,1514,44.39,62,No Failure,0
LOG_0005771,MCH_L3_01,2023-05-01 05:00:00,298.44,308.8,1577,36.77,86,No Failure,0
LOG_0005772,MCH_L3_03,2023-05-01 05:30:00,302.95,313.06,1575,46.1,145,Overstrain,1
LOG_0005773,MCH_L3_05,2023-05-01 06:00:00,298.39,308.91,1449,45.27,6,No Failure,0
LOG_0005774,MCH_L2_01,2023-05-01 06:30:00,296.98,305.61,1476,52.3,154,No Failure,0
LOG_0005775,MCH_L1_04,2023-05-01 07:00:00,301.67,311.02,1476,47.12,136,No Failure,0
LOG_0005776,MCH_L3_01,2023-05-01 07:30:00,305.18,314.48,1439,40.05,19,No Failure,0
LOG_0005777,MCH_L2_04,2023-05-01 08:00:00,297.98,308.71,1268,27.2,116,No Failure,0
LOG_0005778,MCH_L2_01,2023-05-01 08:30:00,303.06,313.36,1476,51.47,212,No Failure,0
LOG_0005779,MCH_L1_04,2023-05-01 09:00:00,297.67,306.52,1464,38.94,91,No Failure,0
LOG_0005780,MCH_L3_02,2023-05-01 09:30:00,299.72,307.81,1494,32.45,49,No Failure,0
LOG_0005781,MCH_L1_03,2023-05-01 10:00:00,299.83,310.26,1436,23.13,188,No Failure,0
LOG_0005782,MCH_L1_04,2023-05-01 10:30:00,298.05,306.77,1534,30.23,66,No Failure,0
LOG_0005783,MCH_L1_03,2023-05-01 11:00:00,302.19,310.68,1825,43.42,108,No Failure,0
LOG_0005784,MCH_L3_05,2023-05-01 11:30:00,296.15,308.67,1593,36.69,201,No Failure,0
LOG_0005785,MCH_L1_02,2023-05-01 12:00:00,300.49,313.26,1443,48.43,144,No Failure,0
LOG_0005786,MCH_L3_04,2023-05-01 12:30:00,302.69,312.15,1473,53.77,98,No Failure,0
LOG_0005787,MCH_L1_05,2023-05-01 13:00:00,301.98,309.79,1486,21.85,148,No Failure,0
LOG_0005788,MCH_L1_02,2023-05-01 13:30:00,301.23,312.68,1513,31.35,200,No Failure,0
LOG_0005789,MCH_L2_01,2023-05-01 14:00:00,303.96,314.36,1499,41.18,208,No Failure,0
LOG_0005790,MCH_L1_03,2023-05-01 14:30:00,299.45,310.37,1445,52.58,159,No Failure,0
LOG_0005791,MCH_L2_01,2023-05-01 15:00:00,296.19,305.43,1439,32.88,47,No Failure,0
LOG_0005792,MCH_L3_05,2023-05-01 15:30:00,300.34,309.09,1577,41.92,165,No Failure,0
LOG_0005793,MCH_L3_01,2023-05-01 16:00:00,299.69,309.4,1468,30.73,27,No Failure,0
LOG_0005794,MCH_L2_05,2023-05-01 16:30:00,294.71,304.92,1568,39.29,209,Power Failure,1
LOG_0005795,MCH_L2_04,2023-05-01 17:00:00,297.19,306.31,1473,41.17,187,No Failure,0
LOG_0005796,MCH_L1_01,2023-05-01 17:30:00,296.87,308.43,1283,37.24,69,No Failure,0
LOG_0005797,MCH_L2_01,2023-05-01 18:00:00,297.96,305.88,1373,53.92,57,No Failure,0
LOG_0005798,MCH_L2_04,2023-05-01 18:30:00,299.12,309.61,1307,50.12,197,Heat Dissipation,1
LOG_0005799,MCH_L3_01,2023-05-01 19:00:00,299.22,309.37,1524,37.29,208,No Failure,0
LOG_0005800,MCH_L1_04,2023-05-01 19:30:00,298.05,309.51,1296,37.78,180,No Failure,0
LOG_0005801,MCH_L3_01,2023-05-01 20:00:00,296.87,305.72,1440,46.78,9,No Failure,0
LOG_0005802,MCH_L3_02,2023-05-01 20:30:00,300.94,311.79,1455,40.4,1,No Failure,0
LOG_0005803,MCH_L1_02,2023-05-01 21:00:00,300.29,310.86,1470,40.11,224,No Failure,0
LOG_0005804,MCH_L3_03,2023-05-01 21:30:00,300.37,310.66,1605,34.16,234,Power Failure,1
LOG_0005805,MCH_L1_04,2023-05-01 22:00:00,304.45,313.39,1626,45.09,152,Tool Wear,1
LOG_0005806,MCH_L1_01,2023-05-01 22:30:00,300.41,309.48,1410,34.56,165,No Failure,0
LOG_0005807,MCH_L1_03,2023-05-01 23:00:00,299.08,308.72,1497,34.56,0,No Failure,0
LOG_0005808,MCH_L2_05,2023-05-01 23:30:00,299.74,309.14,1449,42.46,79,No Failure,0
LOG_0005809,MCH_L2_04,2023-05-02 00:00:00,300.25,311.76,1550,41.19,89,No Failure,0
LOG_0005810,MCH_L2_05,2023-05-02 00:30:00,301.54,311.7,1490,40.29,232,No Failure,0
LOG_0005811,MCH_L1_05,2023-05-02 01:00:00,299.89,310.84,1554,24.57,203,No Failure,0
LOG_0005812,MCH_L3_05,2023-05-02 01:30:00,295.14,303.4,1363,42.02,72,No Failure,0
LOG_0005813,MCH_L3_01,2023-05-02 02:00:00,298.91,306.7,1527,22.94,12,No Failure,0
LOG_0005814,MCH_L2_01,2023-05-02 02:30:00,300.0,309.79,1331,48.69,70,Power Failure,1
LOG_0005815,MCH_L1_03,2023-05-02 03:00:00,303.26,311.73,1406,35.29,0,No Failure,0
LOG_0005816,MCH_L1_05,2023-05-02 03:30:00,298.04,308.09,1512,41.35,158,No Failure,0
LOG_0005817,MCH_L3_01,2023-05-02 04:00:00,295.91,304.9,1265,35.06,226,No Failure,0
LOG_0005818,MCH_L2_03,2023-05-02 04:30:00,300.16,310.53,1237,42.62,215,No Failure,0
LOG_0005819,MCH_L2_01,2023-05-02 05:00:00,302.17,311.23,1361,29.76,194,Power Failure,1
LOG_0005820,MCH_L1_04,2023-05-02 05:30:00,299.02,309.69,1387,55.73,55,No Failure,0
LOG_0005821,MCH_L1_02,2023-05-02 06:00:00,305.96,314.9,1399,34.16,146,No Failure,0
LOG_0005822,MCH_L3_04,2023-05-02 06:30:00,305.37,313.13,1437,47.45,3,No Failure,0
LOG_0005823,MCH_L2_04,2023-05-02 07:00:00,299.82,310.84,1536,30.53,27,No Failure,0
LOG_0005824,MCH_L3_03,2023-05-02 07:30:00,300.47,309.55,1735,36.66,43,No Failure,0
LOG_0005825,MCH_L3_02,2023-05-02 08:00:00,303.42,315.07,1424,33.62,29,No Failure,0
LOG_0005826,MCH_L1_01,2023-05-02 08:30:00,299.78,309.01,1545,34.92,35,Overstrain,1
LOG_0005827,MCH_L1_01,2023-05-02 09:00:00,297.99,307.0,1649,43.6,180,No Failure,0
LOG_0005828,MCH_L3_03,2023-05-02 09:30:00,302.22,311.88,1627,43.97,105,No Failure,0
LOG_0005829,MCH_L1_04,2023-05-02 10:00:00,301.16,310.49,1405,43.46,121,Tool Wear,1
LOG_0005830,MCH_L2_02,2023-05-02 10:30:00,297.98,308.13,1604,32.59,186,No Failure,0
LOG_0005831,MCH_L1_01,2023-05-02 11:00:00,300.7,311.18,1654,41.1,195,No Failure,0
LOG_0005832,MCH_L2_04,2023-05-02 11:30:00,299.6,310.27,1683,32.81,214,No Failure,0
LOG_0005833,MCH_L1_04,2023-05-02 12:00:00,299.04,308.94,1688,52.46,202,No Failure,0
LOG_0005834,MCH_L1_03,2023-05-02 12:30:00,298.04,306.24,1367,32.13,3,No Failure,0
LOG_0005835,MCH_L1_01,2023-05-02 13:00:00,300.3,312.37,1528,35.99,10,No Failure,0
LOG_0005836,MCH_L2_05,2023-05-02 13:30:00,299.34,308.9,1417,40.49,52,No Failure,0
LOG_0005837,MCH_L1_04,2023-05-02 14:00:00,300.71,310.2,1343,31.32,123,No Failure,0
LOG_0005838,MCH_L2_04,2023-05-02 14:30:00,302.05,311.94,1557,45.39,87,No Failure,0
LOG_0005839,MCH_L3_03,2023-05-02 15:00:00,300.58,310.27,1524,49.47,53,No Failure,0
LOG_0005840,MCH_L3_04,2023-05-02 15:30:00,300.62,308.52,1520,32.49,83,No Failure,0
LOG_0005841,MCH_L2_05,2023-05-02 16:00:00,298.65,309.34,1443,34.23,44,No Failure,0
LOG_0005842,MCH_L2_01,2023-05-02 16:30:00,302.94,311.96,1793,50.15,144,No Failure,0
LOG_0005843,MCH_L2_01,2023-05-02 17:00:00,297.88,307.49,1681,41.23,63,No Failure,0
LOG_0005844,MCH_L1_01,2023-05-02 17:30:00,295.97,308.08,1449,38.13,185,Heat Dissipation,1
LOG_0005845,MCH_L2_05,2023-05-02 18:00:00,297.32,308.45,1497,33.52,12,No Failure,0
LOG_0005846,MCH_L1_02,2023-05-02 18:30:00,302.59,314.52,1559,36.86,208,No Failure,0
LOG_0005847,MCH_L3_01,2023-05-02 19:00:00,301.15,310.34,1623,38.76,178,No Failure,0
LOG_0005848,MCH_L2_01,2023-05-02 19:30:00,303.28,314.16,1557,45.44,51,No Failure,0
LOG_0005849,MCH_L1_02,2023-05-02 20:00:00,296.69,307.17,1513,39.98,142,No Failure,0
LOG_0005850,MCH_L1_03,2023-05-02 20:30:00,305.8,315.73,1329,32.26,131,No Failure,0
LOG_0005851,MCH_L1_04,2023-05-02 21:00:00,299.29,308.39,1735,35.56,81,No Failure,0
LOG_0005852,MCH_L3_01,2023-05-02 21:30:00,295.6,306.9,1424,30.5,106,No Failure,0
LOG_0005853,MCH_L1_05,2023-05-02 22:00:00,305.49,314.87,1627,38.87,8,No Failure,0
LOG_0005854,MCH_L3_05,2023-05-02 22:30:00,296.72,306.88,1503,59.16,111,No Failure,0
LOG_0005855,MCH_L2_04,2023-05-02 23:00:00,299.01,310.11,1650,61.05,119,No Failure,0
LOG_0005856,MCH_L3_02,2023-05-02 23:30:00,299.49,308.32,1343,42.78,66,No Failure,0
LOG_0005857,MCH_L3_05,2023-05-03 00:00:00,301.11,309.8,1423,25.95,218,No Failure,0
LOG_0005858,MCH_L3_05,2023-05-03 00:30:00,298.02,311.04,1483,47.87,81,No Failure,0
LOG_0005859,MCH_L1_04,2023-05-03 01:00:00,302.6,311.57,1389,45.67,208,No Failure,0
LOG_0005860,MCH_L3_03,2023-05-03 01:30:00,301.88,313.82,1435,62.84,201,No Failure,0
LOG_0005861,MCH_L3_01,2023-05-03 02:00:00,300.05,309.99,1654,40.63,184,No Failure,0
LOG_0005862,MCH_L2_04,2023-05-03 02:30:00,303.31,312.8,1566,36.39,100,No Failure,0
LOG_0005863,MCH_L3_01,2023-05-03 03:00:00,299.83,309.44,1673,31.51,119,No Failure,0
LOG_0005864,MCH_L2_05,2023-05-03 03:30:00,299.31,309.24,1507,46.99,156,Tool Wear,1
LOG_0005865,MCH_L1_03,2023-05-03 04:00:00,305.0,316.61,1480,38.4,174,No Failure,0
LOG_0005866,MCH_L2_03,2023-05-03 04:30:00,300.74,311.65,1343,37.82,115,No Failure,0
LOG_0005867,MCH_L3_02,2023-05-03 05:00:00,297.54,307.29,1625,35.72,113,Heat Dissipation,1
LOG_0005868,MCH_L1_01,2023-05-03 05:30:00,297.87,305.63,1480,58.7,132,No Failure,0
LOG_0005869,MCH_L3_01,2023-05-03 06:00:00,300.05,310.07,1523,36.5,110,No Failure,0
LOG_0005870,MCH_L2_04,2023-05-03 06:30:00,294.01,304.17,1432,45.95,197,No Failure,0
LOG_0005871,MCH_L2_04,2023-05-03 07:00:00,298.42,309.93,1841,43.93,191,Tool Wear,1
LOG_0005872,MCH_L2_05,2023-05-03 07:30:00,299.75,307.99,1514,21.1,231,No Failure,0
LOG_0005873,MCH_L1_02,2023-05-03 08:00:00,299.58,308.99,1414,58.81,58,No Failure,0
LOG_0005874,MCH_L1_04,2023-05-03 08:30:00,296.86,306.23,1360,24.25,34,No Failure,0
LOG_0005875,MCH_L3_03,2023-05-03 09:00:00,298.88,308.81,1563,32.34,4,No Failure,0
LOG_0005876,MCH_L2_03,2023-05-03 09:30:00,302.95,313.06,1409,35.68,49,No Failure,0
LOG_0005877,MCH_L2_02,2023-05-03 10:00:00,302.43,312.96,1445,33.84,59,No Failure,0
LOG_0005878,MCH_L1_01,2023-05-03 10:30:00,300.24,307.97,1316,38.05,14,No Failure,0
LOG_0005879,MCH_L1_05,2023-05-03 11:00:00,299.83,310.04,1508,33.44,218,No Failure,0
LOG_0005880,MCH_L2_02,2023-05-03 11:30:00,299.6,309.89,1506,51.53,107,No Failure,0
LOG_0005881,MCH_L3_05,2023-05-03 12:00:00,300.59,310.68,1722,45.02,114,No Failure,0
LOG_0005882,MCH_L1_04,2023-05-03 12:30:00,300.26,310.05,1435,34.72,102,No Failure,0
LOG_0005883,MCH_L3_05,2023-05-03 13:00:00,300.81,306.71,1236,32.89,224,No Failure,0
LOG_0005884,MCH_L3_05,2023-05-03 13:30:00,301.25,311.93,1473,35.2,151,Overstrain,1
LOG_0005885,MCH_L1_01,2023-05-03 14:00:00,296.97,305.8,1656,32.31,20,No Failure,0
LOG_0005886,MCH_L2_04,2023-05-03 14:30:00,299.22,309.96,1573,29.81,1,No Failure,0
LOG_0005887,MCH_L3_04,2023-05-03 15:00:00,300.49,311.99,1630,47.95,210,No Failure,0
LOG_0005888,MCH_L1_05,2023-05-03 15:30:00,297.59,305.58,1554,36.68,172,No Failure,0
LOG_0005889,MCH_L3_01,2023-05-03 16:00:00,298.32,309.02,1447,43.36,81,No Failure,0
LOG_0005890,MCH_L1_02,2023-05-03 16:30:00,299.46,307.98,1365,40.55,9,No Failure,0
LOG_0005891,MCH_L2_03,2023-05-03 17:00:00,299.58,309.53,1382,52.32,172,No Failure,0
LOG_0005892,MCH_L3_01,2023-05-03 17:30:00,300.54,310.39,1427,47.61,164,Heat Dissipation,1
LOG_0005893,MCH_L3_03,2023-05-03 18:00:00,297.88,308.79,1576,43.07,150,No Failure,0
LOG_0005894,MCH_L1_02,2023-05-03 18:30:00,302.42,313.15,1490,59.51,172,No Failure,0
LOG_0005895,MCH_L1_03,2023-05-03 19:00:00,299.56,309.87,1284,34.01,168,No Failure,0
LOG_0005896,MCH_L3_04,2023-05-03 19:30:00,300.36,308.39,1538,38.4,64,No Failure,0
LOG_0005897,MCH_L2_05,2023-05-03 20:00:00,299.08,306.06,1646,45.55,60,Overstrain,1
LOG_0005898,MCH_L1_01,2023-05-03 20:30:00,300.59,311.68,1310,47.18,117,No Failure,0
LOG_0005899,MCH_L3_01,2023-05-03 21:00:00,304.18,315.08,1565,32.53,133,No Failure,0
LOG_0005900,MCH_L1_02,2023-05-03 21:30:00,299.05,307.85,1246,39.71,192,No Failure,0
LOG_0005901,MCH_L3_04,2023-05-03 22:00:00,298.64,309.06,1394,40.19,17,No Failure,0
LOG_0005902,MCH_L2_02,2023-05-03 22:30:00,297.92,307.67,1345,59.81,90,No Failure,0
LOG_0005903,MCH_L2_05,2023-05-03 23:00:00,299.85,311.15,1582,45.63,111,No Failure,0
LOG_0005904,MCH_L1_02,2023-05-03 23:30:00,299.82,309.92,1699,49.19,167,No Failure,0
LOG_0005905,MCH_L2_01,2023-05-04 00:00:00,300.13,311.21,1627,36.7,165,No Failure,0
LOG_0005906,MCH_L3_05,2023-05-04 00:30:00,301.17,310.43,1623,33.62,172,No Failure,0
LOG_0005907,MCH_L1_03,2023-05-04 01:00:00,300.86,311.2,1388,36.4,16,No Failure,0
LOG_0005908,MCH_L1_04,2023-05-04 01:30:00,299.94,309.44,1569,44.66,217,No Failure,0
LOG_0005909,MCH_L3_01,2023-05-04 02:00:00,304.88,314.14,1528,52.54,140,No Failure,0
LOG_0005910,MCH_L3_05,2023-05-04 02:30:00,301.73,308.93,1358,27.91,9,No Failure,0
LOG_0005911,MCH_L3_03,2023-05-04 03:00:00,297.28,308.39,1629,56.84,229,No Failure,0
LOG_0005912,MCH_L2_03,2023-05-04 03:30:00,296.14,308.24,1552,47.53,217,No Failure,0
LOG_0005913,MCH_L3_04,2023-05-04 04:00:00,298.26,306.59,1473,48.51,30,No Failure,0
LOG_0005914,MCH_L1_03,2023-05-04 04:30:00,300.38,311.21,1598,47.94,214,No Failure,0
LOG_0005915,MCH_L2_05,2023-05-04 05:00:00,298.05,308.83,1517,36.55,49,No Failure,0
LOG_0005916,MCH_L2_01,2023-05-04 05:30:00,298.43,307.81,1644,38.91,122,Overstrain,1
LOG_0005917,MCH_L1_01,2023-05-04 06:00:00,300.07,309.19,1726,45.78,83,No Failure,0
LOG_0005918,MCH_L2_02,2023-05-04 06:30:00,299.15,310.57,1466,37.88,150,No Failure,0
LOG_0005919,MCH_L2_03,2023-05-04 07:00:00,294.88,306.17,1465,41.99,44,No Failure,0
LOG_0005920,MCH_L3_01,2023-05-04 07:30:00,302.69,313.23,1441,34.36,218,No Failure,0
LOG_0005921,MCH_L3_04,2023-05-04 08:00:00,302.11,311.49,1502,46.57,206,No Failure,0
LOG_0005922,MCH_L2_03,2023-05-04 08:30:00,296.79,308.1,1662,38.8,165,No Failure,0
LOG_0005923,MCH_L1_03,2023-05-04 09:00:00,300.14,309.14,1372,36.56,138,No Failure,0
LOG_0005924,MCH_L3_04,2023-05-04 09:30:00,297.21,308.91,1335,32.98,135,No Failure,0
LOG_0005925,MCH_L2_05,2023-05-04 10:00:00,298.48,310.44,1528,34.35,77,No Failure,0
LOG_0005926,MCH_L1_01,2023-05-04 10:30:00,301.22,312.64,1495,28.78,127,No Failure,0
LOG_0005927,MCH_L2_04,2023-05-04 11:00:00,302.03,312.44,1523,43.6,12,No Failure,0
LOG_0005928,MCH_L3_03,2023-05-04 11:30:00,301.97,308.91,1265,34.92,213,No Failure,0
LOG_0005929,MCH_L2_01,2023-05-04 12:00:00,300.61,310.39,1684,39.64,161,No Failure,0
LOG_0005930,MCH_L3_01,2023-05-04 12:30:00,303.19,315.31,1524,50.33,192,No Failure,0
LOG_0005931,MCH_L2_04,2023-05-04 13:00:00,298.47,309.59,1793,38.98,100,No Failure,0
LOG_0005932,MCH_L2_02,2023-05-04 13:30:00,299.03,309.55,1549,38.66,223,Power Failure,1
LOG_0005933,MCH_L1_01,2023-05-04 14:00:00,293.51,302.69,1451,39.57,202,No Failure,0
LOG_0005934,MCH_L3_02,2023-05-04 14:30:00,299.77,311.0,1530,42.49,9,Tool Wear,1
LOG_0005935,MCH_L3_02,2023-05-04 15:00:00,301.45,309.56,1677,36.02,93,No Failure,0
LOG_0005936,MCH_L1_01,2023-05-04 15:30:00,300.71,310.5,1413,47.24,75,No Failure,0
LOG_0005937,MCH_L2_01,2023-05-04 16:00:00,298.44,310.53,1570,41.11,233,No Failure,0
LOG_0005938,MCH_L1_05,2023-05-04 16:30:00,302.11,311.14,1552,35.39,232,No Failure,0
LOG_0005939,MCH_L2_04,2023-05-04 17:00:00,299.82,310.55,1571,37.08,225,No Failure,0
LOG_0005940,MCH_L1_02,2023-05-04 17:30:00,301.92,309.81,1390,49.72,118,No Failure,0
LOG_0005941,MCH_L2_03,2023-05-04 18:00:00,301.22,310.44,1576,34.41,216,Heat Dissipation,1
LOG_0005942,MCH_L3_01,2023-05-04 18:30:00,303.56,313.78,1567,43.57,35,No Failure,0
LOG_0005943,MCH_L1_05,2023-05-04 19:00:00,300.85,311.27,1688,44.06,3,No Failure,0
LOG_0005944,MCH_L1_02,2023-05-04 19:30:00,301.52,314.0,1712,30.86,121,No Failure,0
LOG_0005945,MCH_L3_03,2023-05-04 20:00:00,299.81,309.21,1544,27.7,148,No Failure,0
LOG_0005946,MCH_L2_05,2023-05-04 20:30:00,298.74,309.45,1527,37.26,124,No Failure,0
LOG_0005947,MCH_L3_01,2023-05-04 21:00:00,301.23,311.91,1384,46.85,188,Heat Dissipation,1
LOG_0005948,MCH_L3_01,2023-05-04 21:30:00,303.76,313.05,1476,27.5,93,No Failure,0
LOG_0005949,MCH_L3_02,2023-05-04 22:00:00,298.46,309.61,1445,32.58,37,No Failure,0
LOG_0005950,MCH_L2_01,2023-05-04 22:30:00,299.38,310.18,1617,45.72,75,No Failure,0
LOG_0005951,MCH_L2_05,2023-05-04 23:00:00,300.07,309.74,1536,30.92,38,No Failure,0
LOG_0005952,MCH_L2_03,2023-05-04 23:30:00,301.71,311.94,1382,48.69,88,No Failure,0
LOG_0005953,MCH_L1_04,2023-05-05 00:00:00,300.86,309.71,1398,62.53,53,No Failure,0
LOG_0005954,MCH_L1_02,2023-05-05 00:30:00,302.28,311.22,1806,33.07,61,No Failure,0
LOG_0005955,MCH_L3_02,2023-05-05 01:00:00,304.93,314.9,1448,52.52,18,Power Failure,1
LOG_0005956,MCH_L3_01,2023-05-05 01:30:00,298.4,309.3,1581,42.79,1,No Failure,0
LOG_0005957,MCH_L1_05,2023-05-05 02:00:00,301.52,311.12,1502,33.27,149,No Failure,0
LOG_0005958,MCH_L3_05,2023-05-05 02:30:00,300.8,310.06,1470,53.54,93,No Failure,0
LOG_0005959,MCH_L3_02,2023-05-05 03:00:00,300.05,309.77,1640,43.46,56,No Failure,0
LOG_0005960,MCH_L1_02,2023-05-05 03:30:00,301.52,312.51,1445,50.12,99,No Failure,0
LOG_0005961,MCH_L1_02,2023-05-05 04:00:00,299.33,307.71,1463,59.94,2,No Failure,0
LOG_0005962,MCH_L3_05,2023-05-05 04:30:00,300.81,311.84,1664,39.09,22,No Failure,0
LOG_0005963,MCH_L2_01,2023-05-05 05:00:00,296.74,307.35,1453,44.7,3,No Failure,0
LOG_0005964,MCH_L3_01,2023-05-05 05:30:00,298.65,307.02,1331,30.52,155,No Failure,0
LOG_0005965,MCH_L2_05,2023-05-05 06:00:00,302.62,312.34,1364,36.05,77,No Failure,0
LOG_0005966,MCH_L2_04,2023-05-05 06:30:00,302.52,313.28,1561,39.31,197,No Failure,0
LOG_0005967,MCH_L3_03,2023-05-05 07:00:00,300.65,308.36,1415,41.8,69,No Failure,0
LOG_0005968,MCH_L1_04,2023-05-05 07:30:00,298.87,307.63,1635,21.91,168,No Failure,0
LOG_0005969,MCH_L2_01,2023-05-05 08:00:00,302.06,310.23,1502,53.16,164,No Failure,0
LOG_0005970,MCH_L2_02,2023-05-05 08:30:00,303.09,312.4,1591,45.39,6,No Failure,0
LOG_0005971,MCH_L3_03,2023-05-05 09:00:00,298.97,310.22,1542,44.39,204,No Failure,0
LOG_0005972,MCH_L3_01,2023-05-05 09:30:00,296.36,307.32,1627,57.41,0,No Failure,0
LOG_0005973,MCH_L2_01,2023-05-05 10:00:00,301.12,310.51,1726,53.78,87,No Failure,0
LOG_0005974,MCH_L2_03,2023-05-05 10:30:00,302.28,313.51,1567,38.71,161,No Failure,0
LOG_0005975,MCH_L1_04,2023-05-05 11:00:00,301.47,312.27,1561,35.16,179,No Failure,0
LOG_0005976,MCH_L3_02,2023-05-05 11:30:00,303.91,315.44,1633,45.3,9,No Failure,0
LOG_0005977,MCH_L3_05,2023-05-05 12:00:00,303.92,313.81,1432,53.19,118,No Failure,0
LOG_0005978,MCH_L1_01,2023-05-05 12:30:00,299.24,309.89,1564,38.74,187,No Failure,0
LOG_0005979,MCH_L2_02,2023-05-05 13:00:00,300.5,314.55,1389,47.56,133,No Failure,0
LOG_0005980,MCH_L1_03,2023-05-05 13:30:00,298.76,308.39,1408,54.5,195,No Failure,0
LOG_0005981,MCH_L3_04,2023-05-05 14:00:00,297.44,307.36,1442,48.4,199,No Failure,0
LOG_0005982,MCH_L2_01,2023-05-05 14:30:00,297.59,307.4,1652,26.44,109,No Failure,0
LOG_0005983,MCH_L1_02,2023-05-05 15:00:00,301.79,311.68,1483,29.84,124,No Failure,0
LOG_0005984,MCH_L2_04,2023-05-05 15:30:00,300.76,311.43,1406,56.86,175,No Failure,0
LOG_0005985,MCH_L1_01,2023-05-05 16:00:00,302.22,312.29,1591,40.93,206,No Failure,0
LOG_0005986,MCH_L2_01,2023-05-05 16:30:00,306.33,314.69,1302,42.81,44,No Failure,0
LOG_0005987,MCH_L2_01,2023-05-05 17:00:00,301.25,311.27,1275,44.83,139,No Failure,0
LOG_0005988,MCH_L1_05,2023-05-05 17:30:00,298.03,307.4,1469,52.17,102,No Failure,0
LOG_0005989,MCH_L3_03,2023-05-05 18:00:00,302.59,310.52,1467,33.35,110,No Failure,0
LOG_0005990,MCH_L1_05,2023-05-05 18:30:00,297.98,309.35,1625,36.49,69,No Failure,0
LOG_0005991,MCH_L1_01,2023-05-05 19:00:00,304.37,313.73,1644,31.45,116,Power Failure,1
LOG_0005992,MCH_L2_05,2023-05-05 19:30:00,295.07,305.53,1487,22.46,148,No Failure,0
LOG_0005993,MCH_L3_02,2023-05-05 20:00:00,298.63,304.85,1475,43.49,109,No Failure,0
LOG_0005994,MCH_L1_05,2023-05-05 20:30:00,301.56,312.16,1406,32.64,223,Power Failure,1
LOG_0005995,MCH_L1_02,2023-05-05 21:00:00,302.94,312.56,1486,48.18,223,No Failure,0
LOG_0005996,MCH_L2_02,2023-05-05 21:30:00,298.31,306.44,1193,34.84,218,No Failure,0
LOG_0005997,MCH_L1_03,2023-05-05 22:00:00,297.85,307.19,1445,28.55,238,No Failure,0
LOG_0005998,MCH_L3_03,2023-05-05 22:30:00,300.37,309.55,1490,48.96,118,No Failure,0
LOG_0005999,MCH_L3_05,2023-05-05 23:00:00,304.77,315.67,1405,44.44,74,No Failure,0
LOG_0006000,MCH_L1_04,2023-05-05 23:30:00,296.15,306.26,1422,38.59,213,No Failure,0
LOG_0006001,MCH_L1_03,2023-05-06 00:00:00,299.21,307.38,1464,39.07,35,No Failure,0
LOG_0006002,MCH_L1_03,2023-05-06 00:30:00,300.65,311.18,1499,45.11,86,No Failure,0
LOG_0006003,MCH_L1_04,2023-05-06 01:00:00,298.01,305.53,1603,54.46,100,No Failure,0
LOG_0006004,MCH_L1_05,2023-05-06 01:30:00,298.0,306.65,1551,43.41,22,No Failure,0
LOG_0006005,MCH_L1_01,2023-05-06 02:00:00,299.42,309.44,1605,43.99,182,No Failure,0
LOG_0006006,MCH_L1_04,2023-05-06 02:30:00,300.73,309.98,1568,36.12,154,No Failure,0
LOG_0006007,MCH_L3_02,2023-05-06 03:00:00,299.51,310.94,1513,37.99,225,No Failure,0
LOG_0006008,MCH_L3_02,2023-05-06 03:30:00,303.66,313.86,1767,11.83,147,No Failure,0
LOG_0006009,MCH_L3_01,2023-05-06 04:00:00,301.48,312.23,1414,31.98,14,No Failure,0
LOG_0006010,MCH_L2_03,2023-05-06 04:30:00,300.96,311.76,1390,30.95,41,No Failure,0
LOG_0006011,MCH_L2_05,2023-05-06 05:00:00,302.57,312.04,1481,30.72,131,No Failure,0
LOG_0006012,MCH_L2_02,2023-05-06 05:30:00,301.0,309.72,1492,36.75,28,No Failure,0
LOG_0006013,MCH_L2_04,2023-05-06 06:00:00,298.89,308.83,1516,37.66,182,No Failure,0
LOG_0006014,MCH_L1_05,2023-05-06 06:30:00,299.34,310.38,1385,30.95,231,No Failure,0
LOG_0006015,MCH_L3_03,2023-05-06 07:00:00,297.18,306.9,1734,50.7,202,No Failure,0
LOG_0006016,MCH_L3_05,2023-05-06 07:30:00,305.01,315.72,1458,45.09,48,No Failure,0
LOG_0006017,MCH_L2_05,2023-05-06 08:00:00,302.33,312.3,1384,41.75,70,No Failure,0
LOG_0006018,MCH_L1_04,2023-05-06 08:30:00,293.6,301.74,1531,45.49,74,No Failure,0
LOG_0006019,MCH_L2_03,2023-05-06 09:00:00,303.33,311.57,1631,25.39,53,No Failure,0
LOG_0006020,MCH_L2_04,2023-05-06 09:30:00,296.34,308.21,1693,25.15,233,No Failure,0
LOG_0006021,MCH_L3_03,2023-05-06 10:00:00,301.3,309.9,1212,50.35,160,No Failure,0
LOG_0006022,MCH_L2_02,2023-05-06 10:30:00,294.49,303.72,1592,60.25,221,No Failure,0
LOG_0006023,MCH_L3_04,2023-05-06 11:00:00,298.93,310.03,1710,40.46,95,No Failure,0
LOG_0006024,MCH_L2_02,2023-05-06 11:30:00,303.35,311.92,1428,59.13,103,No Failure,0
LOG_0006025,MCH_L1_05,2023-05-06 12:00:00,303.49,312.67,1472,40.01,36,No Failure,0
LOG_0006026,MCH_L1_04,2023-05-06 12:30:00,300.77,310.52,1386,33.98,204,No Failure,0
LOG_0006027,MCH_L3_04,2023-05-06 13:00:00,301.97,311.56,1432,48.33,134,No Failure,0
LOG_0006028,MCH_L2_05,2023-05-06 13:30:00,296.47,305.31,1372,21.72,23,No Failure,0
LOG_0006029,MCH_L1_01,2023-05-06 14:00:00,301.35,311.12,1612,35.01,54,No Failure,0
LOG_0006030,MCH_L2_05,2023-05-06 14:30:00,302.13,312.94,1487,32.97,138,No Failure,0
LOG_0006031,MCH_L2_05,2023-05-06 15:00:00,306.42,316.27,1139,29.8,222,No Failure,0
LOG_0006032,MCH_L2_02,2023-05-06 15:30:00,298.44,307.65,1427,35.76,107,Tool Wear,1
LOG_0006033,MCH_L1_01,2023-05-06 16:00:00,300.04,311.18,1417,42.47,205,No Failure,0
LOG_0006034,MCH_L1_01,2023-05-06 16:30:00,300.2,312.25,1602,51.15,171,No Failure,0
LOG_0006035,MCH_L1_05,2023-05-06 17:00:00,301.75,312.9,1491,48.85,89,No Failure,0
LOG_0006036,MCH_L3_03,2023-05-06 17:30:00,302.2,310.85,1488,26.45,192,No Failure,0
LOG_0006037,MCH_L2_04,2023-05-06 18:00:00,302.65,311.33,1577,59.46,5,No Failure,0
LOG_0006038,MCH_L2_01,2023-05-06 18:30:00,302.47,312.99,1626,50.59,30,No Failure,0
LOG_0006039,MCH_L1_03,2023-05-06 19:00:00,296.3,306.51,1532,40.34,170,No Failure,0
LOG_0006040,MCH_L3_03,2023-05-06 19:30:00,293.47,302.0,1421,51.44,106,No Failure,0
LOG_0006041,MCH_L1_03,2023-05-06 20:00:00,298.71,309.05,1319,32.17,11,No Failure,0
LOG_0006042,MCH_L2_02,2023-05-06 20:30:00,299.91,310.03,1673,47.18,192,No Failure,0
LOG_0006043,MCH_L2_01,2023-05-06 21:00:00,298.47,310.24,1906,23.56,179,No Failure,0
LOG_0006044,MCH_L2_04,2023-05-06 21:30:00,298.85,308.33,1514,37.39,69,No Failure,0
LOG_0006045,MCH_L2_01,2023-05-06 22:00:00,299.16,310.82,1537,51.6,220,No Failure,0
LOG_0006046,MCH_L1_05,2023-05-06 22:30:00,301.44,313.16,1680,36.11,29,No Failure,0
LOG_0006047,MCH_L2_05,2023-05-06 23:00:00,297.42,306.61,1294,36.48,118,No Failure,0
LOG_0006048,MCH_L2_02,2023-05-06 23:30:00,299.81,310.23,1614,34.87,204,No Failure,0
LOG_0006049,MCH_L1_01,2023-05-07 00:00:00,299.82,309.57,1545,38.32,221,No Failure,0
LOG_0006050,MCH_L3_02,2023-05-07 00:30:00,301.39,311.09,1407,31.4,203,No Failure,0
LOG_0006051,MCH_L2_02,2023-05-07 01:00:00,302.9,313.2,1437,53.45,125,No Failure,0
LOG_0006052,MCH_L1_03,2023-05-07 01:30:00,304.21,313.26,1342,29.81,201,No Failure,0
LOG_0006053,MCH_L3_04,2023-05-07 02:00:00,298.14,306.23,1635,42.75,54,No Failure,0
LOG_0006054,MCH_L2_04,2023-05-07 02:30:00,295.0,304.36,1375,47.19,38,No Failure,0
LOG_0006055,MCH_L3_05,2023-05-07 03:00:00,299.4,310.82,1549,33.75,201,No Failure,0
LOG_0006056,MCH_L2_01,2023-05-07 03:30:00,296.03,305.79,1304,27.62,81,No Failure,0
LOG_0006057,MCH_L2_04,2023-05-07 04:00:00,306.84,316.81,1667,35.09,5,No Failure,0
LOG_0006058,MCH_L3_03,2023-05-07 04:30:00,297.82,308.77,1475,36.64,183,No Failure,0
LOG_0006059,MCH_L3_05,2023-05-07 05:00:00,301.41,309.49,1628,47.81,7,No Failure,0
LOG_0006060,MCH_L1_05,2023-05-07 05:30:00,302.34,312.87,1474,38.74,211,No Failure,0
LOG_0006061,MCH_L2_02,2023-05-07 06:00:00,300.85,312.85,1427,40.02,54,No Failure,0
LOG_0006062,MCH_L3_03,2023-05-07 06:30:00,305.19,315.3,1339,28.06,104,No Failure,0
LOG_0006063,MCH_L3_04,2023-05-07 07:00:00,299.49,307.18,1626,38.35,15,No Failure,0
LOG_0006064,MCH_L1_04,2023-05-07 07:30:00,297.91,307.82,1456,52.21,119,No Failure,0
LOG_0006065,MCH_L3_05,2023-05-07 08:00:00,297.78,308.51,1535,49.32,129,No Failure,0
LOG_0006066,MCH_L2_02,2023-05-07 08:30:00,301.88,312.01,1415,35.72,63,No Failure,0
LOG_0006067,MCH_L3_03,2023-05-07 09:00:00,299.53,309.86,1497,47.06,10,No Failure,0
LOG_0006068,MCH_L1_01,2023-05-07 09:30:00,297.78,308.25,1524,38.81,87,Heat Dissipation,1
LOG_0006069,MCH_L2_02,2023-05-07 10:00:00,301.1,309.98,1289,44.29,210,No Failure,0
LOG_0006070,MCH_L2_03,2023-05-07 10:30:00,301.77,310.8,1418,37.5,3,No Failure,0
LOG_0006071,MCH_L1_05,2023-05-07 11:00:00,300.68,310.24,1689,31.78,130,No Failure,0
LOG_0006072,MCH_L1_02,2023-05-07 11:30:00,302.25,312.72,1401,31.35,14,Overstrain,1
LOG_0006073,MCH_L1_05,2023-05-07 12:00:00,300.22,308.79,1608,44.48,103,No Failure,0
LOG_0006074,MCH_L2_01,2023-05-07 12:30:00,298.52,310.99,1539,17.5,67,No Failure,0
LOG_0006075,MCH_L3_02,2023-05-07 13:00:00,302.03,309.12,1561,49.05,170,No Failure,0
LOG_0006076,MCH_L1_02,2023-05-07 13:30:00,297.77,305.72,1576,37.96,80,No Failure,0
LOG_0006077,MCH_L3_04,2023-05-07 14:00:00,297.18,307.84,1502,34.54,8,No Failure,0
LOG_0006078,MCH_L2_01,2023-05-07 14:30:00,302.89,313.45,1431,48.49,24,No Failure,0
LOG_0006079,MCH_L2_01,2023-05-07 15:00:00,299.13,309.04,1410,16.48,64,No Failure,0
LOG_0006080,MCH_L1_01,2023-05-07 15:30:00,304.16,314.97,1460,43.93,103,No Failure,0
LOG_0006081,MCH_L3_04,2023-05-07 16:00:00,302.14,312.82,1650,53.95,65,No Failure,0
LOG_0006082,MCH_L1_01,2023-05-07 16:30:00,298.94,308.94,1337,28.34,182,No Failure,0
LOG_0006083,MCH_L3_04,2023-05-07 17:00:00,301.22,311.54,1462,36.14,172,No Failure,0
LOG_0006084,MCH_L3_01,2023-05-07 17:30:00,306.32,312.55,1318,43.85,32,No Failure,0
LOG_0006085,MCH_L2_05,2023-05-07 18:00:00,301.89,311.73,1430,26.65,21,No Failure,0
LOG_0006086,MCH_L1_03,2023-05-07 18:30:00,301.45,311.39,1485,42.09,41,No Failure,0
LOG_0006087,MCH_L3_04,2023-05-07 19:00:00,298.51,310.81,1667,62.84,203,No Failure,0
LOG_0006088,MCH_L2_05,2023-05-07 19:30:00,304.61,313.62,1680,42.78,154,No Failure,0
LOG_0006089,MCH_L2_05,2023-05-07 20:00:00,303.29,313.25,1284,42.5,10,No Failure,0
LOG_0006090,MCH_L3_05,2023-05-07 20:30:00,298.54,310.25,1318,29.77,41,No Failure,0
LOG_0006091,MCH_L3_02,2023-05-07 21:00:00,304.7,315.37,1480,51.3,205,No Failure,0
LOG_0006092,MCH_L1_03,2023-05-07 21:30:00,300.41,310.44,1591,16.83,77,No Failure,0
LOG_0006093,MCH_L1_04,2023-05-07 22:00:00,297.9,309.05,1307,39.69,103,No Failure,0
LOG_0006094,MCH_L1_02,2023-05-07 22:30:00,298.5,307.55,1455,47.78,234,No Failure,0
LOG_0006095,MCH_L2_04,2023-05-07 23:00:00,302.19,314.26,1624,18.75,21,No Failure,0
LOG_0006096,MCH_L2_05,2023-05-07 23:30:00,297.92,308.69,1638,22.88,136,Overstrain,1
LOG_0006097,MCH_L3_02,2023-05-08 00:00:00,297.24,305.29,1463,27.44,206,No Failure,0
LOG_0006098,MCH_L3_01,2023-05-08 00:30:00,298.9,308.17,1259,51.67,224,No Failure,0
LOG_0006099,MCH_L3_04,2023-05-08 01:00:00,299.28,306.69,1625,34.59,56,No Failure,0
LOG_0006100,MCH_L2_02,2023-05-08 01:30:00,298.32,309.27,1389,47.62,82,No Failure,0
LOG_0006101,MCH_L2_02,2023-05-08 02:00:00,298.87,309.55,1564,46.25,30,Heat Dissipation,1
LOG_0006102,MCH_L3_05,2023-05-08 02:30:00,302.29,311.74,1392,25.89,17,No Failure,0
LOG_0006103,MCH_L2_01,2023-05-08 03:00:00,300.64,312.08,1512,36.69,139,No Failure,0
LOG_0006104,MCH_L3_05,2023-05-08 03:30:00,298.71,308.61,1537,38.06,167,No Failure,0
LOG_0006105,MCH_L1_03,2023-05-08 04:00:00,298.93,312.08,1654,44.34,121,No Failure,0
LOG_0006106,MCH_L2_01,2023-05-08 04:30:00,299.67,308.23,1331,41.94,100,No Failure,0
LOG_0006107,MCH_L3_05,2023-05-08 05:00:00,299.81,310.58,1394,39.44,172,No Failure,0
LOG_0006108,MCH_L3_04,2023-05-08 05:30:00,299.82,309.34,1693,49.9,176,No Failure,0
LOG_0006109,MCH_L3_02,2023-05-08 06:00:00,302.2,311.39,1527,49.78,128,No Failure,0
LOG_0006110,MCH_L2_03,2023-05-08 06:30:00,300.49,310.28,1396,27.69,97,No Failure,0
LOG_0006111,MCH_L2_03,2023-05-08 07:00:00,300.57,311.01,1586,36.19,134,No Failure,0
LOG_0006112,MCH_L3_01,2023-05-08 07:30:00,303.57,313.64,1380,40.27,129,Tool Wear,1
LOG_0006113,MCH_L3_03,2023-05-08 08:00:00,304.69,315.5,1523,40.72,120,No Failure,0
LOG_0006114,MCH_L2_04,2023-05-08 08:30:00,296.92,307.65,1417,44.68,85,No Failure,0
LOG_0006115,MCH_L3_05,2023-05-08 09:00:00,296.05,307.79,1649,43.17,3,No Failure,0
LOG_0006116,MCH_L1_01,2023-05-08 09:30:00,299.13,307.69,1397,45.06,172,No Failure,0
LOG_0006117,MCH_L3_04,2023-05-08 10:00:00,301.96,310.09,1181,46.06,173,No Failure,0
LOG_0006118,MCH_L1_01,2023-05-08 10:30:00,300.94,310.86,1446,37.59,211,No Failure,0
LOG_0006119,MCH_L1_03,2023-05-08 11:00:00,302.64,311.69,1419,37.13,194,No Failure,0
LOG_0006120,MCH_L1_03,2023-05-08 11:30:00,299.02,310.07,1470,51.86,8,No Failure,0
LOG_0006121,MCH_L2_05,2023-05-08 12:00:00,295.11,303.83,1566,35.78,209,No Failure,0
LOG_0006122,MCH_L2_03,2023-05-08 12:30:00,296.58,305.92,1358,46.29,184,No Failure,0
LOG_0006123,MCH_L3_05,2023-05-08 13:00:00,301.41,311.01,1406,33.58,15,No Failure,0
LOG_0006124,MCH_L2_05,2023-05-08 13:30:00,302.65,314.77,1499,42.84,50,No Failure,0
LOG_0006125,MCH_L1_01,2023-05-08 14:00:00,295.23,307.76,1420,43.46,51,No Failure,0
LOG_0006126,MCH_L3_03,2023-05-08 14:30:00,303.53,312.16,1507,45.52,136,No Failure,0
LOG_0006127,MCH_L1_02,2023-05-08 15:00:00,301.16,308.53,1564,53.52,82,No Failure,0
LOG_0006128,MCH_L1_02,2023-05-08 15:30:00,299.82,309.13,1501,31.51,133,No Failure,0
LOG_0006129,MCH_L1_03,2023-05-08 16:00:00,298.43,308.39,1632,41.27,43,Tool Wear,1
LOG_0006130,MCH_L3_03,2023-05-08 16:30:00,303.98,313.93,1386,45.63,206,No Failure,0
LOG_0006131,MCH_L2_01,2023-05-08 17:00:00,302.24,312.14,1430,45.65,116,No Failure,0
LOG_0006132,MCH_L1_01,2023-05-08 17:30:00,301.23,312.21,1679,37.37,133,No Failure,0
LOG_0006133,MCH_L1_02,2023-05-08 18:00:00,298.17,307.69,1411,43.27,4,No Failure,0
LOG_0006134,MCH_L3_03,2023-05-08 18:30:00,304.04,314.3,1794,39.84,220,No Failure,0
LOG_0006135,MCH_L3_05,2023-05-08 19:00:00,300.08,310.85,1615,46.29,173,No Failure,0
LOG_0006136,MCH_L3_03,2023-05-08 19:30:00,300.75,311.01,1401,39.33,26,No Failure,0
LOG_0006137,MCH_L1_01,2023-05-08 20:00:00,300.18,310.99,1570,39.46,113,No Failure,0
LOG_0006138,MCH_L1_05,2023-05-08 20:30:00,298.09,306.04,1535,42.3,44,No Failure,0
LOG_0006139,MCH_L3_03,2023-05-08 21:00:00,300.8,310.94,1325,35.76,168,No Failure,0
LOG_0006140,MCH_L3_03,2023-05-08 21:30:00,301.74,312.02,1685,33.55,89,No Failure,0
LOG_0006141,MCH_L2_02,2023-05-08 22:00:00,298.9,308.7,1598,28.73,27,No Failure,0
LOG_0006142,MCH_L2_03,2023-05-08 22:30:00,300.59,309.87,1677,38.85,181,No Failure,0
LOG_0006143,MCH_L2_05,2023-05-08 23:00:00,300.15,310.7,1625,33.75,31,Heat Dissipation,1
LOG_0006144,MCH_L1_01,2023-05-08 23:30:00,302.29,312.44,1541,37.48,216,No Failure,0
LOG_0006145,MCH_L2_02,2023-05-09 00:00:00,299.25,309.19,1629,50.53,52,No Failure,0
LOG_0006146,MCH_L3_03,2023-05-09 00:30:00,300.57,310.18,1339,37.75,70,No Failure,0
LOG_0006147,MCH_L1_05,2023-05-09 01:00:00,301.09,310.74,1738,50.69,29,No Failure,0
LOG_0006148,MCH_L2_05,2023-05-09 01:30:00,299.2,308.28,1589,43.28,52,No Failure,0
LOG_0006149,MCH_L1_01,2023-05-09 02:00:00,297.94,307.37,1265,37.61,158,No Failure,0
LOG_0006150,MCH_L1_03,2023-05-09 02:30:00,298.34,307.21,1320,31.33,139,No Failure,0
LOG_0006151,MCH_L2_02,2023-05-09 03:00:00,301.02,310.56,1534,39.04,8,No Failure,0
LOG_0006152,MCH_L2_05,2023-05-09 03:30:00,299.41,309.85,1393,36.58,225,No Failure,0
LOG_0006153,MCH_L1_01,2023-05-09 04:00:00,299.38,310.36,1562,50.07,66,No Failure,0
LOG_0006154,MCH_L2_02,2023-05-09 04:30:00,301.51,311.45,1381,56.73,164,No Failure,0
LOG_0006155,MCH_L1_05,2023-05-09 05:00:00,302.55,312.46,1347,48.77,113,No Failure,0
LOG_0006156,MCH_L1_01,2023-05-09 05:30:00,302.98,313.15,1435,33.7,155,No Failure,0
LOG_0006157,MCH_L1_01,2023-05-09 06:00:00,298.47,309.65,1892,40.47,237,No Failure,0
LOG_0006158,MCH_L3_04,2023-05-09 06:30:00,302.31,312.04,1368,38.07,213,No Failure,0
LOG_0006159,MCH_L1_01,2023-05-09 07:00:00,305.21,315.77,1650,34.99,153,No Failure,0
LOG_0006160,MCH_L3_01,2023-05-09 07:30:00,300.32,310.76,1409,39.23,82,No Failure,0
LOG_0006161,MCH_L2_04,2023-05-09 08:00:00,299.82,309.07,1489,38.88,148,No Failure,0
LOG_0006162,MCH_L3_01,2023-05-09 08:30:00,299.3,310.15,1514,55.61,100,No Failure,0
LOG_0006163,MCH_L3_03,2023-05-09 09:00:00,297.34,304.85,1492,42.8,9,No Failure,0
LOG_0006164,MCH_L1_03,2023-05-09 09:30:00,302.11,313.38,1506,47.02,79,No Failure,0
LOG_0006165,MCH_L3_05,2023-05-09 10:00:00,299.83,308.4,1540,48.91,23,No Failure,0
LOG_0006166,MCH_L3_03,2023-05-09 10:30:00,299.63,309.46,1320,46.42,24,No Failure,0
LOG_0006167,MCH_L1_05,2023-05-09 11:00:00,301.72,312.71,1484,51.6,179,No Failure,0
LOG_0006168,MCH_L3_01,2023-05-09 11:30:00,301.95,311.44,1493,36.84,89,No Failure,0
LOG_0006169,MCH_L2_05,2023-05-09 12:00:00,298.5,308.78,1566,48.16,128,No Failure,0
LOG_0006170,MCH_L3_02,2023-05-09 12:30:00,298.56,309.57,1466,56.68,52,No Failure,0
LOG_0006171,MCH_L2_04,2023-05-09 13:00:00,298.45,310.67,1563,33.87,195,No Failure,0
LOG_0006172,MCH_L2_01,2023-05-09 13:30:00,305.28,315.26,1421,37.11,228,No Failure,0
LOG_0006173,MCH_L3_02,2023-05-09 14:00:00,303.69,313.91,1433,36.47,106,No Failure,0
LOG_0006174,MCH_L2_04,2023-05-09 14:30:00,301.77,311.82,1537,58.32,205,Power Failure,1
LOG_0006175,MCH_L2_03,2023-05-09 15:00:00,299.06,308.79,1376,30.96,23,No Failure,0
LOG_0006176,MCH_L2_03,2023-05-09 15:30:00,299.36,307.75,1432,40.94,26,No Failure,0
LOG_0006177,MCH_L1_01,2023-05-09 16:00:00,300.91,309.57,1440,44.18,106,No Failure,0
LOG_0006178,MCH_L3_03,2023-05-09 16:30:00,305.52,315.5,1446,35.33,154,No Failure,0
LOG_0006179,MCH_L2_04,2023-05-09 17:00:00,300.72,311.13,1506,31.57,87,No Failure,0
LOG_0006180,MCH_L2_01,2023-05-09 17:30:00,301.27,312.78,1393,33.03,231,No Failure,0
LOG_0006181,MCH_L2_04,2023-05-09 18:00:00,293.63,303.38,1575,37.87,192,No Failure,0
LOG_0006182,MCH_L1_03,2023-05-09 18:30:00,300.64,312.47,1467,35.46,123,No Failure,0
LOG_0006183,MCH_L3_02,2023-05-09 19:00:00,296.52,305.07,1548,52.27,38,No Failure,0
LOG_0006184,MCH_L1_03,2023-05-09 19:30:00,298.78,309.03,1352,35.53,76,No Failure,0
LOG_0006185,MCH_L2_01,2023-05-09 20:00:00,300.12,309.8,1157,35.45,83,No Failure,0
LOG_0006186,MCH_L2_04,2023-05-09 20:30:00,299.24,307.66,1613,43.35,101,No Failure,0
LOG_0006187,MCH_L2_02,2023-05-09 21:00:00,298.41,306.38,1525,42.47,163,No Failure,0
LOG_0006188,MCH_L3_04,2023-05-09 21:30:00,298.43,307.91,1565,12.91,75,No Failure,0
LOG_0006189,MCH_L3_03,2023-05-09 22:00:00,299.47,309.04,1658,32.61,196,No Failure,0
LOG_0006190,MCH_L1_03,2023-05-09 22:30:00,299.36,308.29,1387,35.7,4,No Failure,0
LOG_0006191,MCH_L1_03,2023-05-09 23:00:00,300.05,310.96,1282,31.4,80,No Failure,0
LOG_0006192,MCH_L1_02,2023-05-09 23:30:00,299.86,309.37,1617,48.18,229,No Failure,0
LOG_0006193,MCH_L2_04,2023-05-10 00:00:00,303.2,312.02,1578,27.29,137,No Failure,0
LOG_0006194,MCH_L3_03,2023-05-10 00:30:00,294.88,304.6,1632,48.93,15,No Failure,0
LOG_0006195,MCH_L3_05,2023-05-10 01:00:00,300.61,309.85,1699,22.02,215,No Failure,0
LOG_0006196,MCH_L1_03,2023-05-10 01:30:00,300.18,312.16,1359,40.69,220,No Failure,0
LOG_0006197,MCH_L3_01,2023-05-10 02:00:00,299.66,309.28,1612,53.3,180,No Failure,0
LOG_0006198,MCH_L1_05,2023-05-10 02:30:00,298.24,307.14,1469,34.94,141,No Failure,0
LOG_0006199,MCH_L3_04,2023-05-10 03:00:00,299.63,311.6,1615,40.2,201,No Failure,0
LOG_0006200,MCH_L3_04,2023-05-10 03:30:00,295.92,306.79,1720,48.74,28,No Failure,0
LOG_0006201,MCH_L2_04,2023-05-10 04:00:00,300.52,310.65,1503,48.49,155,No Failure,0
LOG_0006202,MCH_L2_03,2023-05-10 04:30:00,300.97,310.01,1410,42.57,117,No Failure,0
LOG_0006203,MCH_L1_02,2023-05-10 05:00:00,298.24,309.16,1337,38.45,116,No Failure,0
LOG_0006204,MCH_L1_03,2023-05-10 05:30:00,304.85,313.09,1229,38.37,144,Heat Dissipation,1
LOG_0006205,MCH_L1_02,2023-05-10 06:00:00,299.7,310.53,1674,28.18,196,No Failure,0
LOG_0006206,MCH_L2_03,2023-05-10 06:30:00,300.11,310.41,1681,31.29,193,No Failure,0
LOG_0006207,MCH_L2_01,2023-05-10 07:00:00,303.34,314.53,1621,40.31,35,No Failure,0
LOG_0006208,MCH_L2_01,2023-05-10 07:30:00,305.36,312.53,1463,42.32,103,No Failure,0
LOG_0006209,MCH_L3_02,2023-05-10 08:00:00,297.19,306.09,1594,61.85,173,No Failure,0
LOG_0006210,MCH_L3_05,2023-05-10 08:30:00,298.56,307.36,1536,46.64,44,Heat Dissipation,1
LOG_0006211,MCH_L2_04,2023-05-10 09:00:00,299.74,308.4,1360,37.03,102,No Failure,0
LOG_0006212,MCH_L2_03,2023-05-10 09:30:00,298.14,308.65,1637,44.34,8,No Failure,0
LOG_0006213,MCH_L1_04,2023-05-10 10:00:00,302.12,311.77,1561,25.01,163,No Failure,0
LOG_0006214,MCH_L3_05,2023-05-10 10:30:00,297.87,306.82,1588,40.72,4,No Failure,0
LOG_0006215,MCH_L3_02,2023-05-10 11:00:00,303.17,311.85,1539,45.82,78,No Failure,0
LOG_0006216,MCH_L1_04,2023-05-10 11:30:00,301.56,310.41,1516,45.89,72,No Failure,0
LOG_0006217,MCH_L2_04,2023-05-10 12:00:00,302.91,313.95,1542,39.44,88,No Failure,0
LOG_0006218,MCH_L1_01,2023-05-10 12:30:00,297.88,307.8,1465,44.84,177,No Failure,0
LOG_0006219,MCH_L3_03,2023-05-10 13:00:00,299.04,310.04,1572,37.72,27,No Failure,0
LOG_0006220,MCH_L1_02,2023-05-10 13:30:00,302.24,315.44,1734,43.36,26,No Failure,0
LOG_0006221,MCH_L1_02,2023-05-10 14:00:00,301.79,311.77,1555,32.0,109,No Failure,0
LOG_0006222,MCH_L3_03,2023-05-10 14:30:00,299.28,307.58,1634,30.4,174,Power Failure,1
LOG_0006223,MCH_L3_03,2023-05-10 15:00:00,299.64,309.48,1358,50.74,160,No Failure,0
LOG_0006224,MCH_L2_01,2023-05-10 15:30:00,298.91,311.16,1597,38.42,114,No Failure,0
LOG_0006225,MCH_L3_05,2023-05-10 16:00:00,299.57,310.87,1561,43.76,121,No Failure,0
LOG_0006226,MCH_L1_04,2023-05-10 16:30:00,297.59,306.81,1629,33.33,96,No Failure,0
LOG_0006227,MCH_L3_03,2023-05-10 17:00:00,297.17,306.81,1449,30.43,165,No Failure,0
LOG_0006228,MCH_L3_01,2023-05-10 17:30:00,302.51,313.44,1618,35.37,135,No Failure,0
LOG_0006229,MCH_L2_05,2023-05-10 18:00:00,299.49,310.07,1413,43.61,131,No Failure,0
LOG_0006230,MCH_L3_03,2023-05-10 18:30:00,302.88,313.82,1636,22.47,111,No Failure,0
LOG_0006231,MCH_L1_03,2023-05-10 19:00:00,301.49,311.2,1644,41.76,234,No Failure,0
LOG_0006232,MCH_L1_03,2023-05-10 19:30:00,300.78,311.25,1367,45.79,163,No Failure,0
LOG_0006233,MCH_L1_03,2023-05-10 20:00:00,298.22,307.85,1543,32.5,106,No Failure,0
LOG_0006234,MCH_L2_01,2023-05-10 20:30:00,296.97,308.64,1473,42.05,158,No Failure,0
LOG_0006235,MCH_L3_04,2023-05-10 21:00:00,298.86,307.03,1558,41.39,201,No Failure,0
LOG_0006236,MCH_L2_03,2023-05-10 21:30:00,303.83,312.0,1504,32.63,176,No Failure,0
LOG_0006237,MCH_L3_01,2023-05-10 22:00:00,302.22,311.36,1473,38.75,168,No Failure,0
LOG_0006238,MCH_L2_02,2023-05-10 22:30:00,298.62,307.81,1430,39.88,233,No Failure,0
LOG_0006239,MCH_L3_04,2023-05-10 23:00:00,298.89,307.06,1673,32.6,135,No Failure,0
LOG_0006240,MCH_L1_04,2023-05-10 23:30:00,297.68,305.63,1410,37.04,157,Heat Dissipation,1
LOG_0006241,MCH_L3_01,2023-05-11 00:00:00,296.13,307.41,1434,39.8,141,No Failure,0
LOG_0006242,MCH_L3_02,2023-05-11 00:30:00,300.25,310.05,1349,42.44,44,No Failure,0
LOG_0006243,MCH_L1_04,2023-05-11 01:00:00,304.31,314.02,1602,56.06,226,No Failure,0
LOG_0006244,MCH_L3_01,2023-05-11 01:30:00,304.34,314.41,1624,31.77,109,No Failure,0
LOG_0006245,MCH_L2_05,2023-05-11 02:00:00,301.52,313.44,1547,51.5,45,No Failure,0
LOG_0006246,MCH_L3_05,2023-05-11 02:30:00,298.49,308.63,1407,32.37,194,No Failure,0
LOG_0006247,MCH_L3_01,2023-05-11 03:00:00,296.38,306.25,1295,39.98,92,No Failure,0
LOG_0006248,MCH_L3_01,2023-05-11 03:30:00,302.62,311.85,1567,47.81,15,No Failure,0
LOG_0006249,MCH_L3_04,2023-05-11 04:00:00,301.12,311.84,1607,43.74,137,No Failure,0
LOG_0006250,MCH_L3_01,2023-05-11 04:30:00,299.21,309.13,1438,19.99,67,No Failure,0
LOG_0006251,MCH_L1_02,2023-05-11 05:00:00,298.79,310.77,1508,49.23,179,No Failure,0
LOG_0006252,MCH_L3_04,2023-05-11 05:30:00,301.5,311.31,1311,42.75,49,No Failure,0
LOG_0006253,MCH_L1_01,2023-05-11 06:00:00,297.93,309.14,1405,35.27,67,No Failure,0
LOG_0006254,MCH_L2_04,2023-05-11 06:30:00,300.6,309.75,1546,38.89,1,No Failure,0
LOG_0006255,MCH_L3_02,2023-05-11 07:00:00,296.95,306.08,1487,43.63,74,No Failure,0
LOG_0006256,MCH_L3_05,2023-05-11 07:30:00,305.57,313.38,1522,44.98,206,No Failure,0
LOG_0006257,MCH_L3_02,2023-05-11 08:00:00,298.28,309.23,1636,44.67,74,Heat Dissipation,1
LOG_0006258,MCH_L1_02,2023-05-11 08:30:00,301.62,311.57,1350,33.92,214,No Failure,0
LOG_0006259,MCH_L3_03,2023-05-11 09:00:00,297.0,307.77,1524,39.9,229,No Failure,0
LOG_0006260,MCH_L2_03,2023-05-11 09:30:00,299.59,311.63,1418,32.83,221,No Failure,0
LOG_0006261,MCH_L3_05,2023-05-11 10:00:00,302.21,311.19,1478,46.51,187,No Failure,0
LOG_0006262,MCH_L2_04,2023-05-11 10:30:00,302.75,311.55,1534,37.93,177,No Failure,0
LOG_0006263,MCH_L1_04,2023-05-11 11:00:00,301.91,310.97,1348,43.71,128,No Failure,0
LOG_0006264,MCH_L2_03,2023-05-11 11:30:00,299.65,307.13,1421,35.63,236,No Failure,0
LOG_0006265,MCH_L2_04,2023-05-11 12:00:00,298.34,308.11,1450,40.73,96,No Failure,0
LOG_0006266,MCH_L2_05,2023-05-11 12:30:00,297.31,308.37,1547,38.37,108,Tool Wear,1
LOG_0006267,MCH_L2_05,2023-05-11 13:00:00,303.76,313.82,1632,29.68,164,No Failure,0
LOG_0006268,MCH_L1_05,2023-05-11 13:30:00,300.26,308.37,1299,49.27,150,No Failure,0
LOG_0006269,MCH_L3_03,2023-05-11 14:00:00,300.72,310.29,1419,45.68,176,Tool Wear,1
LOG_0006270,MCH_L3_04,2023-05-11 14:30:00,302.91,313.06,1482,29.21,239,No Failure,0
LOG_0006271,MCH_L2_02,2023-05-11 15:00:00,301.47,312.63,1481,33.03,116,No Failure,0
LOG_0006272,MCH_L2_05,2023-05-11 15:30:00,299.68,310.64,1549,34.95,209,No Failure,0
LOG_0006273,MCH_L1_04,2023-05-11 16:00:00,301.86,311.45,1351,51.19,201,No Failure,0
LOG_0006274,MCH_L1_01,2023-05-11 16:30:00,298.44,308.02,1475,47.37,191,No Failure,0
LOG_0006275,MCH_L1_03,2023-05-11 17:00:00,296.12,306.83,1450,41.84,16,No Failure,0
LOG_0006276,MCH_L1_05,2023-05-11 17:30:00,303.53,312.82,1586,26.56,70,No Failure,0
LOG_0006277,MCH_L1_03,2023-05-11 18:00:00,298.65,309.68,1508,43.88,142,No Failure,0
LOG_0006278,MCH_L3_02,2023-05-11 18:30:00,299.24,308.45,1446,41.44,50,No Failure,0
LOG_0006279,MCH_L3_03,2023-05-11 19:00:00,299.46,311.32,1646,37.07,154,No Failure,0
LOG_0006280,MCH_L3_01,2023-05-11 19:30:00,298.49,308.77,1436,51.23,8,No Failure,0
LOG_0006281,MCH_L2_02,2023-05-11 20:00:00,302.75,310.4,1404,38.3,63,No Failure,0
LOG_0006282,MCH_L3_02,2023-05-11 20:30:00,300.94,311.71,1570,50.04,190,No Failure,0
LOG_0006283,MCH_L2_04,2023-05-11 21:00:00,299.24,309.55,1442,36.88,84,No Failure,0
LOG_0006284,MCH_L3_05,2023-05-11 21:30:00,296.81,307.39,1507,32.73,180,No Failure,0
LOG_0006285,MCH_L3_02,2023-05-11 22:00:00,300.76,313.46,1707,29.41,228,No Failure,0
LOG_0006286,MCH_L2_01,2023-05-11 22:30:00,293.87,303.56,1441,39.32,92,No Failure,0
LOG_0006287,MCH_L3_03,2023-05-11 23:00:00,300.58,308.72,1384,40.38,41,No Failure,0
LOG_0006288,MCH_L2_05,2023-05-11 23:30:00,303.36,314.88,1474,31.88,236,No Failure,0
LOG_0006289,MCH_L1_01,2023-05-12 00:00:00,300.16,308.02,1463,32.28,224,No Failure,0
LOG_0006290,MCH_L2_02,2023-05-12 00:30:00,303.02,312.12,1591,49.99,116,No Failure,0
LOG_0006291,MCH_L3_05,2023-05-12 01:00:00,296.93,306.98,1335,46.31,69,No Failure,0
LOG_0006292,MCH_L1_03,2023-05-12 01:30:00,305.1,314.02,1822,55.56,88,No Failure,0
LOG_0006293,MCH_L1_05,2023-05-12 02:00:00,302.74,312.66,1413,26.25,34,No Failure,0
LOG_0006294,MCH_L2_05,2023-05-12 02:30:00,301.19,311.03,1563,54.52,16,No Failure,0
LOG_0006295,MCH_L1_04,2023-05-12 03:00:00,298.5,310.34,1612,33.31,43,No Failure,0
LOG_0006296,MCH_L2_05,2023-05-12 03:30:00,298.09,305.18,1522,28.82,218,No Failure,0
LOG_0006297,MCH_L1_05,2023-05-12 04:00:00,299.82,309.92,1574,42.13,170,No Failure,0
LOG_0006298,MCH_L1_05,2023-05-12 04:30:00,303.01,311.91,1508,24.19,103,No Failure,0
LOG_0006299,MCH_L2_01,2023-05-12 05:00:00,296.71,306.03,1575,49.21,88,No Failure,0
LOG_0006300,MCH_L3_04,2023-05-12 05:30:00,300.03,310.85,1448,41.46,203,No Failure,0
LOG_0006301,MCH_L2_05,2023-05-12 06:00:00,301.84,312.46,1421,34.02,106,No Failure,0
LOG_0006302,MCH_L3_02,2023-05-12 06:30:00,302.32,312.73,1286,48.52,117,No Failure,0
LOG_0006303,MCH_L2_05,2023-05-12 07:00:00,301.83,310.32,1552,38.85,228,No Failure,0
LOG_0006304,MCH_L3_03,2023-05-12 07:30:00,296.46,307.88,1458,40.3,231,No Failure,0
LOG_0006305,MCH_L3_03,2023-05-12 08:00:00,302.83,311.78,1544,45.33,43,Overstrain,1
LOG_0006306,MCH_L3_01,2023-05-12 08:30:00,300.17,311.83,1461,34.64,165,No Failure,0
LOG_0006307,MCH_L2_01,2023-05-12 09:00:00,297.29,306.51,1648,31.03,168,No Failure,0
LOG_0006308,MCH_L2_03,2023-05-12 09:30:00,299.94,311.18,1480,38.89,152,No Failure,0
LOG_0006309,MCH_L2_03,2023-05-12 10:00:00,295.1,305.22,1425,28.51,48,No Failure,0
LOG_0006310,MCH_L3_01,2023-05-12 10:30:00,301.45,309.44,1452,36.34,59,No Failure,0
LOG_0006311,MCH_L2_04,2023-05-12 11:00:00,299.68,309.25,1560,31.49,1,No Failure,0
LOG_0006312,MCH_L2_03,2023-05-12 11:30:00,296.82,308.86,1850,37.35,64,No Failure,0
LOG_0006313,MCH_L3_03,2023-05-12 12:00:00,299.27,310.26,1664,32.38,113,No Failure,0
LOG_0006314,MCH_L3_01,2023-05-12 12:30:00,298.23,307.71,1355,37.1,2,No Failure,0
LOG_0006315,MCH_L1_02,2023-05-12 13:00:00,298.39,309.95,1528,48.73,92,No Failure,0
LOG_0006316,MCH_L3_04,2023-05-12 13:30:00,294.35,304.69,1405,33.69,141,Power Failure,1
LOG_0006317,MCH_L3_04,2023-05-12 14:00:00,295.82,307.79,1452,43.27,172,Tool Wear,1
LOG_0006318,MCH_L3_02,2023-05-12 14:30:00,299.43,309.33,1463,24.63,161,No Failure,0
LOG_0006319,MCH_L2_05,2023-05-12 15:00:00,299.0,308.65,1489,37.2,213,No Failure,0
LOG_0006320,MCH_L3_02,2023-05-12 15:30:00,302.43,313.62,1605,32.99,163,No Failure,0
LOG_0006321,MCH_L3_01,2023-05-12 16:00:00,298.42,308.72,1468,40.49,14,No Failure,0
LOG_0006322,MCH_L3_05,2023-05-12 16:30:00,298.68,309.35,1520,35.3,36,No Failure,0
LOG_0006323,MCH_L1_01,2023-05-12 17:00:00,298.8,307.76,1499,47.35,137,No Failure,0
LOG_0006324,MCH_L2_05,2023-05-12 17:30:00,299.51,310.92,1416,36.99,8,No Failure,0
LOG_0006325,MCH_L1_02,2023-05-12 18:00:00,300.23,311.41,1435,49.56,49,No Failure,0
LOG_0006326,MCH_L1_02,2023-05-12 18:30:00,298.98,310.6,1426,22.22,162,No Failure,0
LOG_0006327,MCH_L3_02,2023-05-12 19:00:00,301.43,309.8,1579,40.34,45,No Failure,0
LOG_0006328,MCH_L1_03,2023-05-12 19:30:00,305.75,314.35,1455,41.14,105,No Failure,0
LOG_0006329,MCH_L2_05,2023-05-12 20:00:00,297.94,307.04,1712,32.05,80,No Failure,0
LOG_0006330,MCH_L2_02,2023-05-12 20:30:00,300.98,310.69,1406,40.01,46,No Failure,0
LOG_0006331,MCH_L1_02,2023-05-12 21:00:00,300.07,308.47,1405,44.1,17,No Failure,0
LOG_0006332,MCH_L3_04,2023-05-12 21:30:00,302.62,313.38,1371,49.24,112,No Failure,0
LOG_0006333,MCH_L1_01,2023-05-12 22:00:00,300.51,309.98,1487,37.57,152,No Failure,0
LOG_0006334,MCH_L3_04,2023-05-12 22:30:00,298.18,309.69,1435,36.27,162,No Failure,0
LOG_0006335,MCH_L2_01,2023-05-12 23:00:00,297.09,309.61,1457,34.89,207,Power Failure,1
LOG_0006336,MCH_L2_04,2023-05-12 23:30:00,301.53,310.82,1622,40.42,50,No Failure,0
LOG_0006337,MCH_L3_05,2023-05-13 00:00:00,297.29,306.37,1479,32.05,108,No Failure,0
LOG_0006338,MCH_L1_03,2023-05-13 00:30:00,302.96,313.86,1454,46.38,88,No Failure,0
LOG_0006339,MCH_L2_01,2023-05-13 01:00:00,301.38,311.5,1534,26.21,182,No Failure,0
LOG_0006340,MCH_L1_03,2023-05-13 01:30:00,300.22,310.66,1522,39.45,15,No Failure,0
LOG_0006341,MCH_L3_04,2023-05-13 02:00:00,296.72,308.32,1590,28.27,232,No Failure,0
LOG_0006342,MCH_L3_03,2023-05-13 02:30:00,301.69,311.36,1600,39.59,87,No Failure,0
LOG_0006343,MCH_L1_01,2023-05-13 03:00:00,304.04,312.76,1554,46.87,11,No Failure,0
LOG_0006344,MCH_L3_04,2023-05-13 03:30:00,298.94,307.46,1612,41.57,98,No Failure,0
LOG_0006345,MCH_L3_03,2023-05-13 04:00:00,298.15,307.94,1418,34.88,58,No Failure,0
LOG_0006346,MCH_L3_02,2023-05-13 04:30:00,299.77,309.35,1485,46.09,72,Tool Wear,1
LOG_0006347,MCH_L1_05,2023-05-13 05:00:00,301.17,312.21,1514,16.75,111,No Failure,0
LOG_0006348,MCH_L2_05,2023-05-13 05:30:00,298.67,310.34,1510,39.43,164,No Failure,0
LOG_0006349,MCH_L3_04,2023-05-13 06:00:00,302.25,313.92,1869,32.93,31,Tool Wear,1
LOG_0006350,MCH_L3_03,2023-05-13 06:30:00,304.78,313.94,1631,44.2,184,No Failure,0
LOG_0006351,MCH_L3_01,2023-05-13 07:00:00,300.83,309.87,1627,18.49,210,No Failure,0
LOG_0006352,MCH_L1_04,2023-05-13 07:30:00,299.19,307.01,1465,36.04,21,No Failure,0
LOG_0006353,MCH_L2_02,2023-05-13 08:00:00,301.1,311.1,1491,34.53,172,No Failure,0
LOG_0006354,MCH_L2_01,2023-05-13 08:30:00,302.94,314.0,1591,47.69,97,Overstrain,1
LOG_0006355,MCH_L2_05,2023-05-13 09:00:00,300.4,309.55,1680,33.27,82,No Failure,0
LOG_0006356,MCH_L2_02,2023-05-13 09:30:00,301.21,309.43,1397,38.11,11,No Failure,0
LOG_0006357,MCH_L1_05,2023-05-13 10:00:00,301.76,314.02,1443,40.6,209,No Failure,0
LOG_0006358,MCH_L3_05,2023-05-13 10:30:00,297.81,306.96,1476,39.8,4,No Failure,0
LOG_0006359,MCH_L3_05,2023-05-13 11:00:00,301.15,311.02,1531,39.63,25,No Failure,0
LOG_0006360,MCH_L1_04,2023-05-13 11:30:00,296.65,306.09,1592,40.52,115,No Failure,0
LOG_0006361,MCH_L2_02,2023-05-13 12:00:00,298.35,306.75,1586,40.0,90,No Failure,0
LOG_0006362,MCH_L2_02,2023-05-13 12:30:00,302.86,313.94,1554,60.2,19,No Failure,0
LOG_0006363,MCH_L2_01,2023-05-13 13:00:00,302.18,310.08,1408,24.76,188,No Failure,0
LOG_0006364,MCH_L2_03,2023-05-13 13:30:00,299.32,310.67,1479,33.27,135,No Failure,0
LOG_0006365,MCH_L1_04,2023-05-13 14:00:00,304.26,314.58,1339,39.6,189,No Failure,0
LOG_0006366,MCH_L2_05,2023-05-13 14:30:00,296.72,306.4,1617,49.46,181,No Failure,0
LOG_0006367,MCH_L1_05,2023-05-13 15:00:00,299.49,309.19,1504,48.11,79,No Failure,0
LOG_0006368,MCH_L1_04,2023-05-13 15:30:00,300.69,311.24,1360,48.82,57,No Failure,0
LOG_0006369,MCH_L3_02,2023-05-13 16:00:00,292.98,302.21,1782,39.7,193,No Failure,0
LOG_0006370,MCH_L1_01,2023-05-13 16:30:00,299.61,309.82,1194,50.55,172,No Failure,0
LOG_0006371,MCH_L3_02,2023-05-13 17:00:00,297.19,306.12,1492,34.91,192,No Failure,0
LOG_0006372,MCH_L2_03,2023-05-13 17:30:00,297.25,304.67,1657,47.78,4,No Failure,0
LOG_0006373,MCH_L1_01,2023-05-13 18:00:00,299.32,310.06,1441,41.61,158,No Failure,0
LOG_0006374,MCH_L1_05,2023-05-13 18:30:00,295.44,308.36,1519,41.76,22,No Failure,0
LOG_0006375,MCH_L3_05,2023-05-13 19:00:00,297.98,308.66,1557,28.77,148,No Failure,0
LOG_0006376,MCH_L2_01,2023-05-13 19:30:00,295.49,305.43,1225,24.95,139,No Failure,0
LOG_0006377,MCH_L2_01,2023-05-13 20:00:00,300.31,309.83,1369,37.53,3,No Failure,0
LOG_0006378,MCH_L3_03,2023-05-13 20:30:00,300.26,309.82,1492,39.21,36,No Failure,0
LOG_0006379,MCH_L1_05,2023-05-13 21:00:00,299.13,308.65,1490,30.47,74,No Failure,0
LOG_0006380,MCH_L1_03,2023-05-13 21:30:00,302.49,312.73,1338,47.87,233,No Failure,0
LOG_0006381,MCH_L3_05,2023-05-13 22:00:00,299.26,306.4,1497,33.0,103,No Failure,0
LOG_0006382,MCH_L1_05,2023-05-13 22:30:00,299.94,306.87,1564,44.89,116,No Failure,0
LOG_0006383,MCH_L3_02,2023-05-13 23:00:00,297.73,308.27,1654,37.5,136,No Failure,0
LOG_0006384,MCH_L2_03,2023-05-13 23:30:00,294.24,304.0,1524,46.64,25,No Failure,0
LOG_0006385,MCH_L3_04,2023-05-14 00:00:00,299.64,308.46,1390,29.82,230,No Failure,0
LOG_0006386,MCH_L1_02,2023-05-14 00:30:00,299.31,308.09,1568,26.36,26,No Failure,0
LOG_0006387,MCH_L2_01,2023-05-14 01:00:00,304.27,313.6,1582,44.58,220,No Failure,0
LOG_0006388,MCH_L2_04,2023-05-14 01:30:00,301.67,311.17,1480,47.25,237,No Failure,0
LOG_0006389,MCH_L2_03,2023-05-14 02:00:00,298.97,310.68,1454,42.68,234,No Failure,0
LOG_0006390,MCH_L3_04,2023-05-14 02:30:00,300.35,309.07,1445,32.49,189,No Failure,0
LOG_0006391,MCH_L3_01,2023-05-14 03:00:00,302.27,313.19,1575,45.75,177,No Failure,0
LOG_0006392,MCH_L2_03,2023-05-14 03:30:00,301.29,312.0,1483,44.83,88,Heat Dissipation,1
LOG_0006393,MCH_L2_03,2023-05-14 04:00:00,304.17,313.92,1540,30.3,81,No Failure,0
LOG_0006394,MCH_L3_05,2023-05-14 04:30:00,298.03,308.95,1410,43.82,221,No Failure,0
LOG_0006395,MCH_L3_03,2023-05-14 05:00:00,302.44,312.97,1508,41.21,199,No Failure,0
LOG_0006396,MCH_L2_02,2023-05-14 05:30:00,298.94,307.43,1367,40.89,129,No Failure,0
LOG_0006397,MCH_L2_03,2023-05-14 06:00:00,300.48,309.77,1429,28.24,213,No Failure,0
LOG_0006398,MCH_L3_03,2023-05-14 06:30:00,298.61,309.08,1505,46.99,212,No Failure,0
LOG_0006399,MCH_L2_01,2023-05-14 07:00:00,299.64,308.92,1410,35.39,126,No Failure,0
LOG_0006400,MCH_L1_02,2023-05-14 07:30:00,300.53,311.26,1452,34.49,102,No Failure,0
LOG_0006401,MCH_L1_02,2023-05-14 08:00:00,301.48,312.88,1591,43.87,153,No Failure,0
LOG_0006402,MCH_L2_03,2023-05-14 08:30:00,300.15,310.12,1464,38.14,92,No Failure,0
LOG_0006403,MCH_L3_01,2023-05-14 09:00:00,293.78,303.05,1456,27.8,196,No Failure,0
LOG_0006404,MCH_L1_01,2023-05-14 09:30:00,299.81,308.95,1393,53.0,45,No Failure,0
LOG_0006405,MCH_L2_01,2023-05-14 10:00:00,303.68,313.24,1437,41.94,205,No Failure,0
LOG_0006406,MCH_L3_03,2023-05-14 10:30:00,299.79,309.27,1499,39.83,190,No Failure,0
LOG_0006407,MCH_L2_01,2023-05-14 11:00:00,303.75,314.79,1575,39.73,226,No Failure,0
LOG_0006408,MCH_L3_01,2023-05-14 11:30:00,299.7,309.0,1315,40.13,69,No Failure,0
LOG_0006409,MCH_L1_04,2023-05-14 12:00:00,296.07,305.86,1596,40.82,150,No Failure,0
LOG_0006410,MCH_L3_02,2023-05-14 12:30:00,298.92,309.86,1454,49.7,144,No Failure,0
LOG_0006411,MCH_L3_01,2023-05-14 13:00:00,298.6,308.2,1488,53.44,87,No Failure,0
LOG_0006412,MCH_L3_03,2023-05-14 13:30:00,299.43,308.9,1584,37.54,103,No Failure,0
LOG_0006413,MCH_L3_05,2023-05-14 14:00:00,297.04,308.09,1766,45.75,63,No Failure,0
LOG_0006414,MCH_L3_01,2023-05-14 14:30:00,299.98,311.37,1565,45.33,156,No Failure,0
LOG_0006415,MCH_L3_03,2023-05-14 15:00:00,299.18,309.23,1441,45.86,51,No Failure,0
LOG_0006416,MCH_L2_05,2023-05-14 15:30:00,303.22,315.21,1522,50.81,125,No Failure,0
LOG_0006417,MCH_L1_03,2023-05-14 16:00:00,296.97,307.17,1550,47.24,93,No Failure,0
LOG_0006418,MCH_L3_03,2023-05-14 16:30:00,300.61,311.66,1331,43.55,127,No Failure,0
LOG_0006419,MCH_L3_01,2023-05-14 17:00:00,301.03,313.38,1369,34.61,23,No Failure,0
LOG_0006420,MCH_L1_03,2023-05-14 17:30:00,301.94,311.19,1548,42.58,162,No Failure,0
LOG_0006421,MCH_L3_05,2023-05-14 18:00:00,299.09,308.46,1563,31.11,124,No Failure,0
LOG_0006422,MCH_L3_05,2023-05-14 18:30:00,300.55,311.51,1545,43.92,174,No Failure,0
LOG_0006423,MCH_L3_03,2023-05-14 19:00:00,300.88,310.69,1578,42.71,100,No Failure,0
LOG_0006424,MCH_L3_03,2023-05-14 19:30:00,295.88,304.75,1455,27.83,50,No Failure,0
LOG_0006425,MCH_L1_01,2023-05-14 20:00:00,299.18,308.76,1629,36.01,1,No Failure,0
LOG_0006426,MCH_L1_03,2023-05-14 20:30:00,299.92,308.22,1718,33.7,148,No Failure,0
LOG_0006427,MCH_L1_04,2023-05-14 21:00:00,300.21,310.24,1422,45.97,167,No Failure,0
LOG_0006428,MCH_L3_01,2023-05-14 21:30:00,300.18,310.38,1348,37.5,104,No Failure,0
LOG_0006429,MCH_L3_01,2023-05-14 22:00:00,301.09,312.39,1491,27.9,68,No Failure,0
LOG_0006430,MCH_L1_05,2023-05-14 22:30:00,304.84,316.26,1605,43.79,34,No Failure,0
LOG_0006431,MCH_L1_03,2023-05-14 23:00:00,298.51,308.13,1579,41.76,171,No Failure,0
LOG_0006432,MCH_L2_01,2023-05-14 23:30:00,300.95,313.48,1517,41.06,162,No Failure,0
LOG_0006433,MCH_L3_01,2023-05-15 00:00:00,303.25,311.96,1222,30.63,82,No Failure,0
LOG_0006434,MCH_L3_04,2023-05-15 00:30:00,295.5,303.82,1416,45.0,207,No Failure,0
LOG_0006435,MCH_L3_05,2023-05-15 01:00:00,300.67,309.18,1632,39.04,152,No Failure,0
LOG_0006436,MCH_L3_02,2023-05-15 01:30:00,295.8,304.39,1290,38.53,79,No Failure,0
LOG_0006437,MCH_L1_05,2023-05-15 02:00:00,305.46,316.37,1502,29.31,30,No Failure,0
LOG_0006438,MCH_L1_03,2023-05-15 02:30:00,301.31,313.33,1431,29.61,224,No Failure,0
LOG_0006439,MCH_L2_01,2023-05-15 03:00:00,300.97,313.04,1578,74.85,208,No Failure,0
LOG_0006440,MCH_L2_01,2023-05-15 03:30:00,295.32,303.06,1299,30.2,212,Heat Dissipation,1
LOG_0006441,MCH_L3_05,2023-05-15 04:00:00,298.74,309.77,1463,22.09,179,No Failure,0
LOG_0006442,MCH_L3_04,2023-05-15 04:30:00,298.75,310.58,1518,36.72,162,No Failure,0
LOG_0006443,MCH_L2_03,2023-05-15 05:00:00,304.42,315.62,1457,38.38,150,No Failure,0
LOG_0006444,MCH_L1_02,2023-05-15 05:30:00,301.82,311.06,1572,32.21,48,No Failure,0
LOG_0006445,MCH_L1_01,2023-05-15 06:00:00,295.87,306.07,1315,33.01,143,No Failure,0
LOG_0006446,MCH_L1_04,2023-05-15 06:30:00,301.17,310.03,1365,38.99,229,Tool Wear,1
LOG_0006447,MCH_L2_02,2023-05-15 07:00:00,296.24,307.14,1460,43.1,57,No Failure,0
LOG_0006448,MCH_L3_05,2023-05-15 07:30:00,295.93,304.17,1540,28.1,49,No Failure,0
LOG_0006449,MCH_L3_01,2023-05-15 08:00:00,301.13,311.95,1561,36.64,77,No Failure,0
LOG_0006450,MCH_L2_05,2023-05-15 08:30:00,301.86,311.01,1520,39.99,63,No Failure,0
LOG_0006451,MCH_L1_03,2023-05-15 09:00:00,301.15,311.59,1389,37.97,51,No Failure,0
LOG_0006452,MCH_L1_03,2023-05-15 09:30:00,304.7,314.4,1428,34.16,39,No Failure,0
LOG_0006453,MCH_L1_05,2023-05-15 10:00:00,300.92,310.49,1632,31.29,104,No Failure,0
LOG_0006454,MCH_L1_05,2023-05-15 10:30:00,300.43,311.57,1742,54.7,53,No Failure,0
LOG_0006455,MCH_L3_03,2023-05-15 11:00:00,296.96,308.79,1573,20.14,113,No Failure,0
LOG_0006456,MCH_L2_05,2023-05-15 11:30:00,302.14,311.1,1541,48.72,96,No Failure,0
LOG_0006457,MCH_L1_03,2023-05-15 12:00:00,295.87,306.09,1361,30.29,212,No Failure,0
LOG_0006458,MCH_L2_04,2023-05-15 12:30:00,305.05,313.75,1523,42.04,144,No Failure,0
LOG_0006459,MCH_L1_04,2023-05-15 13:00:00,302.18,311.63,1297,40.66,131,No Failure,0
LOG_0006460,MCH_L3_03,2023-05-15 13:30:00,306.97,316.1,1657,31.16,207,No Failure,0
LOG_0006461,MCH_L3_03,2023-05-15 14:00:00,300.97,309.46,1567,38.37,55,No Failure,0
LOG_0006462,MCH_L3_05,2023-05-15 14:30:00,302.3,313.57,1493,36.62,29,No Failure,0
LOG_0006463,MCH_L1_03,2023-05-15 15:00:00,299.31,309.43,1361,40.24,107,No Failure,0
LOG_0006464,MCH_L3_01,2023-05-15 15:30:00,299.89,309.23,1521,50.9,236,No Failure,0
LOG_0006465,MCH_L1_02,2023-05-15 16:00:00,297.37,307.3,1319,52.09,161,No Failure,0
LOG_0006466,MCH_L2_05,2023-05-15 16:30:00,296.38,307.82,1462,33.48,213,No Failure,0
LOG_0006467,MCH_L3_03,2023-05-15 17:00:00,300.47,311.7,1549,42.94,171,Tool Wear,1
LOG_0006468,MCH_L3_01,2023-05-15 17:30:00,299.88,310.55,1414,48.66,233,No Failure,0
LOG_0006469,MCH_L2_04,2023-05-15 18:00:00,297.31,306.51,1495,36.32,220,No Failure,0
LOG_0006470,MCH_L1_04,2023-05-15 18:30:00,297.75,307.89,1779,45.1,125,No Failure,0
LOG_0006471,MCH_L1_03,2023-05-15 19:00:00,300.08,308.77,1285,60.23,238,No Failure,0
LOG_0006472,MCH_L2_02,2023-05-15 19:30:00,297.27,307.17,1407,30.31,196,No Failure,0
LOG_0006473,MCH_L2_03,2023-05-15 20:00:00,300.89,312.06,1468,44.07,192,No Failure,0
LOG_0006474,MCH_L3_01,2023-05-15 20:30:00,297.34,308.74,1436,31.43,103,No Failure,0
LOG_0006475,MCH_L3_04,2023-05-15 21:00:00,300.64,309.87,1554,34.69,180,No Failure,0
LOG_0006476,MCH_L1_02,2023-05-15 21:30:00,297.12,308.12,1564,35.96,216,No Failure,0
LOG_0006477,MCH_L2_02,2023-05-15 22:00:00,297.13,307.88,1505,43.76,126,No Failure,0
LOG_0006478,MCH_L3_02,2023-05-15 22:30:00,294.09,303.8,1516,57.22,197,Power Failure,1
LOG_0006479,MCH_L1_05,2023-05-15 23:00:00,299.6,310.5,1284,34.93,86,No Failure,0
LOG_0006480,MCH_L3_05,2023-05-15 23:30:00,303.64,315.11,1556,48.57,32,No Failure,0
LOG_0006481,MCH_L3_01,2023-05-16 00:00:00,303.49,314.51,1523,32.33,77,No Failure,0
LOG_0006482,MCH_L1_05,2023-05-16 00:30:00,300.81,309.55,1416,36.27,233,No Failure,0
LOG_0006483,MCH_L1_03,2023-05-16 01:00:00,295.0,304.67,1694,51.16,35,No Failure,0
LOG_0006484,MCH_L1_05,2023-05-16 01:30:00,302.11,312.59,1491,48.13,17,Tool Wear,1
LOG_0006485,MCH_L3_02,2023-05-16 02:00:00,300.56,309.6,1527,36.5,118,No Failure,0
LOG_0006486,MCH_L1_02,2023-05-16 02:30:00,298.98,310.85,1495,34.85,50,No Failure,0
LOG_0006487,MCH_L1_04,2023-05-16 03:00:00,303.02,313.4,1301,43.98,184,No Failure,0
LOG_0006488,MCH_L2_01,2023-05-16 03:30:00,301.54,311.0,1378,34.44,231,No Failure,0
LOG_0006489,MCH_L1_01,2023-05-16 04:00:00,304.9,314.28,1466,35.92,171,No Failure,0
LOG_0006490,MCH_L2_05,2023-05-16 04:30:00,296.49,305.66,1617,36.59,9,No Failure,0
LOG_0006491,MCH_L1_04,2023-05-16 05:00:00,296.68,307.53,1445,38.48,236,No Failure,0
LOG_0006492,MCH_L2_01,2023-05-16 05:30:00,297.1,308.09,1524,35.04,38,No Failure,0
LOG_0006493,MCH_L2_04,2023-05-16 06:00:00,299.29,308.49,1554,26.11,183,No Failure,0
LOG_0006494,MCH_L3_04,2023-05-16 06:30:00,303.97,315.73,1404,53.19,48,No Failure,0
LOG_0006495,MCH_L3_01,2023-05-16 07:00:00,298.44,307.98,1387,46.98,57,No Failure,0
LOG_0006496,MCH_L3_01,2023-05-16 07:30:00,298.49,307.53,1418,39.26,75,No Failure,0
LOG_0006497,MCH_L3_03,2023-05-16 08:00:00,301.04,311.61,1410,33.72,101,No Failure,0
LOG_0006498,MCH_L1_02,2023-05-16 08:30:00,302.11,310.67,1369,50.23,150,No Failure,0
LOG_0006499,MCH_L3_01,2023-05-16 09:00:00,294.41,302.77,1603,43.97,134,No Failure,0
LOG_0006500,MCH_L2_02,2023-05-16 09:30:00,302.6,311.46,1570,34.49,44,No Failure,0
LOG_0006501,MCH_L2_01,2023-05-16 10:00:00,298.36,307.42,1370,44.31,109,No Failure,0
LOG_0006502,MCH_L1_02,2023-05-16 10:30:00,299.74,310.64,1520,40.69,88,No Failure,0
LOG_0006503,MCH_L2_03,2023-05-16 11:00:00,303.55,311.99,1461,41.14,54,No Failure,0
LOG_0006504,MCH_L2_02,2023-05-16 11:30:00,299.46,309.9,1485,47.33,123,No Failure,0
LOG_0006505,MCH_L3_01,2023-05-16 12:00:00,296.17,307.18,1504,44.26,182,No Failure,0
LOG_0006506,MCH_L1_05,2023-05-16 12:30:00,296.32,308.05,1322,47.26,204,No Failure,0
LOG_0006507,MCH_L3_02,2023-05-16 13:00:00,299.93,309.34,1260,55.58,165,No Failure,0
LOG_0006508,MCH_L1_05,2023-05-16 13:30:00,299.16,308.66,1502,44.96,146,No Failure,0
LOG_0006509,MCH_L2_02,2023-05-16 14:00:00,300.15,312.59,1453,59.99,108,No Failure,0
LOG_0006510,MCH_L2_04,2023-05-16 14:30:00,299.0,310.62,1473,50.15,149,No Failure,0
LOG_0006511,MCH_L3_01,2023-05-16 15:00:00,303.1,312.77,1422,37.91,232,No Failure,0
LOG_0006512,MCH_L3_05,2023-05-16 15:30:00,300.06,311.44,1498,27.13,10,No Failure,0
LOG_0006513,MCH_L2_04,2023-05-16 16:00:00,295.59,305.89,1298,50.24,233,No Failure,0
LOG_0006514,MCH_L2_04,2023-05-16 16:30:00,302.04,312.06,1503,29.02,130,No Failure,0
LOG_0006515,MCH_L2_01,2023-05-16 17:00:00,304.77,317.75,1193,41.32,146,No Failure,0
LOG_0006516,MCH_L2_05,2023-05-16 17:30:00,300.39,311.68,1411,46.14,90,No Failure,0
LOG_0006517,MCH_L2_01,2023-05-16 18:00:00,300.58,312.84,1441,30.88,134,No Failure,0
LOG_0006518,MCH_L1_03,2023-05-16 18:30:00,298.05,306.78,1278,34.65,118,No Failure,0
LOG_0006519,MCH_L1_01,2023-05-16 19:00:00,299.39,311.55,1651,30.96,228,No Failure,0
LOG_0006520,MCH_L2_02,2023-05-16 19:30:00,301.26,311.07,1488,57.55,218,Tool Wear,1
LOG_0006521,MCH_L1_04,2023-05-16 20:00:00,302.83,312.63,1408,46.24,238,No Failure,0
LOG_0006522,MCH_L1_01,2023-05-16 20:30:00,301.12,311.59,1725,33.85,33,No Failure,0
LOG_0006523,MCH_L3_05,2023-05-16 21:00:00,304.55,315.16,1526,26.91,10,No Failure,0
LOG_0006524,MCH_L2_03,2023-05-16 21:30:00,300.25,311.52,1541,32.59,229,No Failure,0
LOG_0006525,MCH_L3_02,2023-05-16 22:00:00,297.2,308.26,1471,34.66,4,No Failure,0
LOG_0006526,MCH_L2_01,2023-05-16 22:30:00,297.27,306.49,1433,35.28,70,No Failure,0
LOG_0006527,MCH_L2_01,2023-05-16 23:00:00,303.09,311.89,1522,46.73,163,Heat Dissipation,1
LOG_0006528,MCH_L1_02,2023-05-16 23:30:00,302.52,312.29,1157,28.01,4,No Failure,0
LOG_0006529,MCH_L3_05,2023-05-17 00:00:00,295.89,305.87,1272,49.24,183,No Failure,0
LOG_0006530,MCH_L1_01,2023-05-17 00:30:00,299.48,309.59,1317,24.64,132,No Failure,0
LOG_0006531,MCH_L3_03,2023-05-17 01:00:00,299.57,311.21,1210,39.36,26,No Failure,0
LOG_0006532,MCH_L3_04,2023-05-17 01:30:00,298.12,308.34,1553,34.08,92,No Failure,0
LOG_0006533,MCH_L3_04,2023-05-17 02:00:00,296.47,309.63,1405,48.45,154,No Failure,0
LOG_0006534,MCH_L1_02,2023-05-17 02:30:00,298.07,309.8,1636,52.24,159,No Failure,0
LOG_0006535,MCH_L1_04,2023-05-17 03:00:00,297.62,307.26,1464,46.87,88,No Failure,0
LOG_0006536,MCH_L1_02,2023-05-17 03:30:00,296.53,304.4,1384,43.76,233,No Failure,0
LOG_0006537,MCH_L1_01,2023-05-17 04:00:00,302.07,314.94,1472,37.72,113,No Failure,0
LOG_0006538,MCH_L2_02,2023-05-17 04:30:00,300.71,310.37,1613,51.4,97,No Failure,0
LOG_0006539,MCH_L3_01,2023-05-17 05:00:00,298.84,309.95,1450,31.49,14,No Failure,0
LOG_0006540,MCH_L3_01,2023-05-17 05:30:00,294.82,304.02,1629,43.8,104,Overstrain,1
LOG_0006541,MCH_L3_05,2023-05-17 06:00:00,299.25,311.17,1611,49.22,97,No Failure,0
LOG_0006542,MCH_L3_02,2023-05-17 06:30:00,301.3,312.32,1411,47.79,226,No Failure,0
LOG_0006543,MCH_L2_03,2023-05-17 07:00:00,298.16,306.86,1421,44.49,181,No Failure,0
LOG_0006544,MCH_L2_01,2023-05-17 07:30:00,297.13,304.78,1414,44.26,19,No Failure,0
LOG_0006545,MCH_L1_04,2023-05-17 08:00:00,299.69,309.92,1335,47.58,215,No Failure,0
LOG_0006546,MCH_L3_04,2023-05-17 08:30:00,300.84,311.44,1301,38.87,161,No Failure,0
LOG_0006547,MCH_L2_01,2023-05-17 09:00:00,295.0,305.92,1419,52.13,126,No Failure,0
LOG_0006548,MCH_L1_03,2023-05-17 09:30:00,303.39,312.46,1187,57.48,33,No Failure,0
LOG_0006549,MCH_L3_02,2023-05-17 10:00:00,296.88,306.11,1343,24.29,114,No Failure,0
LOG_0006550,MCH_L2_03,2023-05-17 10:30:00,298.94,306.67,1536,36.65,173,No Failure,0
LOG_0006551,MCH_L2_05,2023-05-17 11:00:00,302.95,312.29,1311,30.52,218,No Failure,0
LOG_0006552,MCH_L3_04,2023-05-17 11:30:00,300.31,308.35,1631,34.45,20,Heat Dissipation,1
LOG_0006553,MCH_L3_03,2023-05-17 12:00:00,302.74,311.88,1548,41.05,224,No Failure,0
LOG_0006554,MCH_L3_03,2023-05-17 12:30:00,303.88,314.27,1699,44.0,166,No Failure,0
LOG_0006555,MCH_L1_02,2023-05-17 13:00:00,296.35,306.73,1724,38.6,39,No Failure,0
LOG_0006556,MCH_L1_05,2023-05-17 13:30:00,302.26,311.45,1565,45.4,171,No Failure,0
LOG_0006557,MCH_L1_01,2023-05-17 14:00:00,303.31,313.64,1405,33.74,163,No Failure,0
LOG_0006558,MCH_L2_01,2023-05-17 14:30:00,299.06,310.83,1277,36.56,54,No Failure,0
LOG_0006559,MCH_L1_02,2023-05-17 15:00:00,299.26,308.93,1299,45.49,216,No Failure,0
LOG_0006560,MCH_L1_04,2023-05-17 15:30:00,295.22,303.69,1711,37.19,198,No Failure,0
LOG_0006561,MCH_L2_01,2023-05-17 16:00:00,301.95,312.89,1297,29.04,49,No Failure,0
LOG_0006562,MCH_L2_05,2023-05-17 16:30:00,293.66,304.97,1450,58.97,185,No Failure,0
LOG_0006563,MCH_L3_01,2023-05-17 17:00:00,302.42,311.58,1620,47.97,73,No Failure,0
LOG_0006564,MCH_L2_03,2023-05-17 17:30:00,296.46,305.63,1371,41.39,73,No Failure,0
LOG_0006565,MCH_L3_02,2023-05-17 18:00:00,303.48,311.1,1634,47.58,37,No Failure,0
LOG_0006566,MCH_L2_03,2023-05-17 18:30:00,300.99,310.44,1468,43.55,23,No Failure,0
LOG_0006567,MCH_L3_01,2023-05-17 19:00:00,302.52,311.41,1502,26.5,107,No Failure,0
LOG_0006568,MCH_L2_01,2023-05-17 19:30:00,297.97,306.14,1441,41.3,201,No Failure,0
LOG_0006569,MCH_L1_04,2023-05-17 20:00:00,296.67,306.23,1365,33.85,58,No Failure,0
LOG_0006570,MCH_L2_03,2023-05-17 20:30:00,295.59,305.58,1559,40.96,172,No Failure,0
LOG_0006571,MCH_L3_03,2023-05-17 21:00:00,302.73,312.5,1544,43.44,153,No Failure,0
LOG_0006572,MCH_L2_03,2023-05-17 21:30:00,301.66,311.27,1564,48.09,221,No Failure,0
LOG_0006573,MCH_L2_05,2023-05-17 22:00:00,301.75,313.58,1597,31.62,218,No Failure,0
LOG_0006574,MCH_L3_04,2023-05-17 22:30:00,300.73,311.1,1425,31.93,235,No Failure,0
LOG_0006575,MCH_L1_01,2023-05-17 23:00:00,301.36,312.14,1544,35.97,82,No Failure,0
LOG_0006576,MCH_L1_04,2023-05-17 23:30:00,299.27,311.44,1584,52.45,192,No Failure,0
LOG_0006577,MCH_L1_04,2023-05-18 00:00:00,300.93,312.11,1526,36.91,224,No Failure,0
LOG_0006578,MCH_L2_02,2023-05-18 00:30:00,297.86,307.53,1427,44.55,10,No Failure,0
LOG_0006579,MCH_L3_04,2023-05-18 01:00:00,299.14,306.92,1520,39.53,177,No Failure,0
LOG_0006580,MCH_L3_04,2023-05-18 01:30:00,307.61,317.16,1237,36.64,127,No Failure,0
LOG_0006581,MCH_L3_01,2023-05-18 02:00:00,300.1,311.85,1522,41.14,185,No Failure,0
LOG_0006582,MCH_L2_02,2023-05-18 02:30:00,295.07,306.25,1343,46.73,117,Tool Wear,1
LOG_0006583,MCH_L3_03,2023-05-18 03:00:00,298.98,308.54,1479,45.73,161,Heat Dissipation,1
LOG_0006584,MCH_L3_01,2023-05-18 03:30:00,297.36,307.27,1427,29.73,229,No Failure,0
LOG_0006585,MCH_L3_05,2023-05-18 04:00:00,300.4,310.55,1483,42.85,15,No Failure,0
LOG_0006586,MCH_L2_03,2023-05-18 04:30:00,297.78,307.04,1291,53.86,186,Heat Dissipation,1
LOG_0006587,MCH_L3_01,2023-05-18 05:00:00,299.47,308.8,1562,42.59,0,No Failure,0
LOG_0006588,MCH_L1_05,2023-05-18 05:30:00,298.15,307.37,1586,49.61,40,No Failure,0
LOG_0006589,MCH_L2_02,2023-05-18 06:00:00,300.49,311.08,1360,54.79,155,No Failure,0
LOG_0006590,MCH_L2_03,2023-05-18 06:30:00,298.43,307.16,1313,41.39,14,No Failure,0
LOG_0006591,MCH_L3_05,2023-05-18 07:00:00,300.89,312.62,1368,39.47,79,No Failure,0
LOG_0006592,MCH_L2_04,2023-05-18 07:30:00,304.87,314.86,1566,43.65,173,No Failure,0
LOG_0006593,MCH_L1_03,2023-05-18 08:00:00,297.11,305.78,1469,50.94,31,Heat Dissipation,1
LOG_0006594,MCH_L1_03,2023-05-18 08:30:00,301.81,313.04,1452,38.65,38,No Failure,0
LOG_0006595,MCH_L1_04,2023-05-18 09:00:00,293.87,305.67,1459,30.25,192,No Failure,0
LOG_0006596,MCH_L1_05,2023-05-18 09:30:00,299.42,313.19,1396,43.06,239,No Failure,0
LOG_0006597,MCH_L2_05,2023-05-18 10:00:00,300.57,312.21,1517,47.89,72,No Failure,0
LOG_0006598,MCH_L1_01,2023-05-18 10:30:00,298.13,307.08,1659,43.4,92,No Failure,0
LOG_0006599,MCH_L3_05,2023-05-18 11:00:00,295.53,305.78,1370,43.73,88,No Failure,0
LOG_0006600,MCH_L3_05,2023-05-18 11:30:00,299.9,312.93,1552,39.67,202,No Failure,0
LOG_0006601,MCH_L2_02,2023-05-18 12:00:00,303.83,312.9,1470,38.0,233,No Failure,0
LOG_0006602,MCH_L2_04,2023-05-18 12:30:00,299.63,308.11,1469,50.8,138,No Failure,0
LOG_0006603,MCH_L2_03,2023-05-18 13:00:00,301.4,310.93,1642,24.84,197,No Failure,0
LOG_0006604,MCH_L3_05,2023-05-18 13:30:00,302.82,311.6,1596,40.78,33,No Failure,0
LOG_0006605,MCH_L3_05,2023-05-18 14:00:00,306.18,315.45,1478,31.65,49,No Failure,0
LOG_0006606,MCH_L1_05,2023-05-18 14:30:00,297.37,306.58,1588,39.72,171,No Failure,0
LOG_0006607,MCH_L3_04,2023-05-18 15:00:00,297.63,308.49,1271,42.24,13,No Failure,0
LOG_0006608,MCH_L3_04,2023-05-18 15:30:00,299.27,307.71,1213,44.3,71,No Failure,0
LOG_0006609,MCH_L1_04,2023-05-18 16:00:00,301.54,311.7,1393,41.21,152,No Failure,0
LOG_0006610,MCH_L3_02,2023-05-18 16:30:00,294.2,303.28,1356,51.82,195,No Failure,0
LOG_0006611,MCH_L2_02,2023-05-18 17:00:00,301.63,312.29,1448,40.9,177,No Failure,0
LOG_0006612,MCH_L1_05,2023-05-18 17:30:00,300.37,311.16,1614,30.98,94,No Failure,0
LOG_0006613,MCH_L2_02,2023-05-18 18:00:00,298.67,309.74,1452,48.8,84,No Failure,0
LOG_0006614,MCH_L3_02,2023-05-18 18:30:00,301.06,312.13,1590,42.86,236,Tool Wear,1
LOG_0006615,MCH_L1_01,2023-05-18 19:00:00,302.22,311.47,1587,31.84,159,No Failure,0
LOG_0006616,MCH_L1_01,2023-05-18 19:30:00,302.57,312.56,1267,46.21,54,No Failure,0
LOG_0006617,MCH_L2_05,2023-05-18 20:00:00,300.04,311.8,1563,35.25,77,Heat Dissipation,1
LOG_0006618,MCH_L3_04,2023-05-18 20:30:00,300.82,311.35,1619,47.95,219,No Failure,0
LOG_0006619,MCH_L3_03,2023-05-18 21:00:00,300.72,311.78,1628,29.28,152,No Failure,0
LOG_0006620,MCH_L1_03,2023-05-18 21:30:00,303.08,311.62,1468,38.94,219,No Failure,0
LOG_0006621,MCH_L3_04,2023-05-18 22:00:00,300.95,312.09,1490,43.66,206,No Failure,0
LOG_0006622,MCH_L3_01,2023-05-18 22:30:00,301.61,309.35,1498,30.93,179,Heat Dissipation,1
LOG_0006623,MCH_L1_02,2023-05-18 23:00:00,302.23,310.4,1472,44.45,183,No Failure,0
LOG_0006624,MCH_L1_02,2023-05-18 23:30:00,304.9,313.82,1358,48.78,114,No Failure,0
LOG_0006625,MCH_L2_02,2023-05-19 00:00:00,298.54,309.05,1385,38.27,123,Heat Dissipation,1
LOG_0006626,MCH_L3_02,2023-05-19 00:30:00,304.06,314.78,1556,43.34,237,No Failure,0
LOG_0006627,MCH_L2_05,2023-05-19 01:00:00,306.18,315.2,1466,33.24,107,No Failure,0
LOG_0006628,MCH_L1_02,2023-05-19 01:30:00,298.69,306.38,1496,64.32,149,No Failure,0
LOG_0006629,MCH_L3_01,2023-05-19 02:00:00,299.46,310.6,1615,40.05,46,No Failure,0
LOG_0006630,MCH_L1_04,2023-05-19 02:30:00,298.93,309.64,1493,42.82,197,No Failure,0
LOG_0006631,MCH_L1_02,2023-05-19 03:00:00,301.64,312.15,1347,37.72,50,No Failure,0
LOG_0006632,MCH_L2_01,2023-05-19 03:30:00,295.35,307.66,1749,34.38,193,No Failure,0
LOG_0006633,MCH_L2_03,2023-05-19 04:00:00,298.75,308.93,1448,48.2,69,No Failure,0
LOG_0006634,MCH_L2_05,2023-05-19 04:30:00,299.32,308.13,1441,19.54,118,No Failure,0
LOG_0006635,MCH_L1_04,2023-05-19 05:00:00,299.1,310.69,1518,24.5,86,No Failure,0
LOG_0006636,MCH_L3_05,2023-05-19 05:30:00,299.07,308.58,1467,42.72,217,No Failure,0
LOG_0006637,MCH_L1_05,2023-05-19 06:00:00,298.78,308.65,1476,36.87,74,No Failure,0
LOG_0006638,MCH_L1_04,2023-05-19 06:30:00,301.94,311.3,1416,47.19,192,No Failure,0
LOG_0006639,MCH_L1_03,2023-05-19 07:00:00,301.35,310.35,1600,35.6,219,No Failure,0
LOG_0006640,MCH_L1_05,2023-05-19 07:30:00,304.26,313.75,1618,25.79,21,No Failure,0
LOG_0006641,MCH_L3_04,2023-05-19 08:00:00,301.95,313.77,1702,39.44,168,No Failure,0
LOG_0006642,MCH_L2_04,2023-05-19 08:30:00,297.26,305.98,1720,37.72,76,No Failure,0
LOG_0006643,MCH_L2_03,2023-05-19 09:00:00,299.57,310.85,1247,30.8,232,No Failure,0
LOG_0006644,MCH_L2_03,2023-05-19 09:30:00,299.31,307.09,1557,46.68,174,No Failure,0
LOG_0006645,MCH_L2_03,2023-05-19 10:00:00,300.64,312.56,1342,43.03,187,No Failure,0
LOG_0006646,MCH_L3_02,2023-05-19 10:30:00,302.73,314.78,1639,31.62,113,No Failure,0
LOG_0006647,MCH_L2_03,2023-05-19 11:00:00,300.46,309.23,1523,26.97,227,No Failure,0
LOG_0006648,MCH_L2_02,2023-05-19 11:30:00,300.47,310.56,1397,43.02,149,No Failure,0
LOG_0006649,MCH_L2_03,2023-05-19 12:00:00,300.03,310.8,1348,31.87,131,No Failure,0
LOG_0006650,MCH_L3_01,2023-05-19 12:30:00,302.03,311.31,1406,31.85,43,No Failure,0
LOG_0006651,MCH_L3_04,2023-05-19 13:00:00,298.58,310.84,1388,39.07,40,No Failure,0
LOG_0006652,MCH_L2_03,2023-05-19 13:30:00,296.36,306.39,1644,40.4,209,No Failure,0
LOG_0006653,MCH_L3_03,2023-05-19 14:00:00,301.61,310.99,1493,44.28,165,No Failure,0
LOG_0006654,MCH_L3_04,2023-05-19 14:30:00,300.94,311.03,1365,48.98,144,No Failure,0
LOG_0006655,MCH_L2_03,2023-05-19 15:00:00,303.31,312.43,1535,36.06,216,No Failure,0
LOG_0006656,MCH_L3_02,2023-05-19 15:30:00,293.93,303.96,1533,44.99,16,No Failure,0
LOG_0006657,MCH_L2_05,2023-05-19 16:00:00,299.75,309.21,1469,38.52,220,No Failure,0
LOG_0006658,MCH_L2_02,2023-05-19 16:30:00,300.27,309.34,1635,50.0,172,No Failure,0
LOG_0006659,MCH_L3_02,2023-05-19 17:00:00,296.22,307.18,1556,32.79,235,No Failure,0
LOG_0006660,MCH_L1_01,2023-05-19 17:30:00,299.78,307.75,1546,44.46,45,No Failure,0
LOG_0006661,MCH_L1_04,2023-05-19 18:00:00,302.97,315.09,1266,32.97,135,No Failure,0
LOG_0006662,MCH_L3_03,2023-05-19 18:30:00,305.22,315.5,1447,32.29,220,No Failure,0
LOG_0006663,MCH_L3_03,2023-05-19 19:00:00,302.46,314.68,1568,36.12,142,No Failure,0
LOG_0006664,MCH_L1_04,2023-05-19 19:30:00,299.19,310.34,1534,22.13,232,No Failure,0
LOG_0006665,MCH_L1_05,2023-05-19 20:00:00,303.15,311.54,1499,48.39,160,No Failure,0
LOG_0006666,MCH_L2_05,2023-05-19 20:30:00,302.28,312.36,1572,32.58,176,No Failure,0
LOG_0006667,MCH_L2_01,2023-05-19 21:00:00,298.79,306.64,1544,36.08,9,No Failure,0
LOG_0006668,MCH_L1_04,2023-05-19 21:30:00,298.55,307.47,1586,31.78,189,No Failure,0
LOG_0006669,MCH_L3_05,2023-05-19 22:00:00,299.58,309.42,1537,48.07,182,No Failure,0
LOG_0006670,MCH_L1_02,2023-05-19 22:30:00,297.37,306.52,1581,42.27,57,No Failure,0
LOG_0006671,MCH_L2_01,2023-05-19 23:00:00,299.22,308.65,1575,44.68,100,No Failure,0
LOG_0006672,MCH_L3_05,2023-05-19 23:30:00,301.22,310.42,1489,41.44,190,No Failure,0
LOG_0006673,MCH_L2_03,2023-05-20 00:00:00,302.6,315.27,1496,41.43,138,No Failure,0
LOG_0006674,MCH_L3_05,2023-05-20 00:30:00,299.05,309.19,1509,42.82,34,No Failure,0
LOG_0006675,MCH_L2_03,2023-05-20 01:00:00,303.47,314.22,1350,48.07,225,No Failure,0
LOG_0006676,MCH_L2_02,2023-05-20 01:30:00,301.63,311.57,1314,30.25,95,No Failure,0
LOG_0006677,MCH_L2_01,2023-05-20 02:00:00,301.74,312.14,1560,35.15,85,No Failure,0
LOG_0006678,MCH_L1_02,2023-05-20 02:30:00,297.7,305.23,1566,31.06,131,No Failure,0
LOG_0006679,MCH_L3_05,2023-05-20 03:00:00,304.52,316.52,1496,45.1,116,No Failure,0
LOG_0006680,MCH_L2_02,2023-05-20 03:30:00,301.38,310.51,1542,43.75,65,No Failure,0
LOG_0006681,MCH_L3_01,2023-05-20 04:00:00,299.17,310.54,1578,46.1,160,No Failure,0
LOG_0006682,MCH_L3_02,2023-05-20 04:30:00,298.73,310.15,1552,18.32,72,No Failure,0
LOG_0006683,MCH_L3_04,2023-05-20 05:00:00,299.22,307.06,1567,36.32,162,No Failure,0
LOG_0006684,MCH_L3_04,2023-05-20 05:30:00,297.45,307.52,1344,19.77,37,No Failure,0
LOG_0006685,MCH_L1_05,2023-05-20 06:00:00,302.47,312.96,1697,56.59,222,No Failure,0
LOG_0006686,MCH_L2_01,2023-05-20 06:30:00,297.71,307.84,1538,41.08,205,No Failure,0
LOG_0006687,MCH_L2_05,2023-05-20 07:00:00,300.72,310.72,1612,33.05,184,No Failure,0
LOG_0006688,MCH_L2_03,2023-05-20 07:30:00,298.88,308.36,1570,38.96,94,No Failure,0
LOG_0006689,MCH_L3_04,2023-05-20 08:00:00,301.68,310.82,1376,39.85,32,Heat Dissipation,1
LOG_0006690,MCH_L2_03,2023-05-20 08:30:00,302.02,313.29,1417,56.8,171,No Failure,0
LOG_0006691,MCH_L1_03,2023-05-20 09:00:00,298.39,308.87,1437,38.36,52,No Failure,0
LOG_0006692,MCH_L3_02,2023-05-20 09:30:00,299.92,310.14,1637,41.58,207,Heat Dissipation,1
LOG_0006693,MCH_L3_02,2023-05-20 10:00:00,296.39,304.47,1384,34.96,147,No Failure,0
LOG_0006694,MCH_L3_04,2023-05-20 10:30:00,304.25,313.94,1349,57.93,62,No Failure,0
LOG_0006695,MCH_L2_02,2023-05-20 11:00:00,302.67,312.6,1551,53.37,178,No Failure,0
LOG_0006696,MCH_L1_01,2023-05-20 11:30:00,296.51,307.52,1710,23.37,113,No Failure,0
LOG_0006697,MCH_L1_01,2023-05-20 12:00:00,297.83,305.74,1399,47.26,141,No Failure,0
LOG_0006698,MCH_L2_02,2023-05-20 12:30:00,299.66,308.35,1672,43.81,34,No Failure,0
LOG_0006699,MCH_L3_05,2023-05-20 13:00:00,300.1,312.26,1589,33.41,109,No Failure,0
LOG_0006700,MCH_L3_05,2023-05-20 13:30:00,298.28,307.32,1449,31.56,44,No Failure,0
LOG_0006701,MCH_L2_05,2023-05-20 14:00:00,297.14,304.92,1341,22.74,160,No Failure,0
LOG_0006702,MCH_L2_04,2023-05-20 14:30:00,300.99,310.15,1459,45.46,60,No Failure,0
LOG_0006703,MCH_L2_02,2023-05-20 15:00:00,304.35,313.4,1405,28.44,92,No Failure,0
LOG_0006704,MCH_L2_05,2023-05-20 15:30:00,300.14,310.92,1644,42.63,71,No Failure,0
LOG_0006705,MCH_L1_05,2023-05-20 16:00:00,299.27,310.04,1495,30.75,180,No Failure,0
LOG_0006706,MCH_L2_03,2023-05-20 16:30:00,299.01,307.85,1557,29.84,225,No Failure,0
LOG_0006707,MCH_L1_02,2023-05-20 17:00:00,297.26,306.81,1558,40.43,114,No Failure,0
LOG_0006708,MCH_L2_04,2023-05-20 17:30:00,298.32,308.96,1423,50.63,238,No Failure,0
LOG_0006709,MCH_L2_01,2023-05-20 18:00:00,302.84,313.52,1508,33.48,205,No Failure,0
LOG_0006710,MCH_L3_03,2023-05-20 18:30:00,294.82,303.58,1620,39.5,77,No Failure,0
LOG_0006711,MCH_L2_04,2023-05-20 19:00:00,300.18,309.07,1490,40.87,49,No Failure,0
LOG_0006712,MCH_L1_02,2023-05-20 19:30:00,300.07,312.61,1468,39.33,142,No Failure,0
LOG_0006713,MCH_L1_03,2023-05-20 20:00:00,300.3,309.99,1582,42.63,41,No Failure,0
LOG_0006714,MCH_L3_02,2023-05-20 20:30:00,301.82,313.61,1343,40.14,113,No Failure,0
LOG_0006715,MCH_L2_03,2023-05-20 21:00:00,300.15,310.42,1235,25.2,19,No Failure,0
LOG_0006716,MCH_L1_01,2023-05-20 21:30:00,298.87,310.18,1534,51.09,91,No Failure,0
LOG_0006717,MCH_L3_05,2023-05-20 22:00:00,298.36,309.11,1622,43.36,67,No Failure,0
LOG_0006718,MCH_L2_05,2023-05-20 22:30:00,303.25,313.46,1716,38.19,134,No Failure,0
LOG_0006719,MCH_L3_05,2023-05-20 23:00:00,302.6,312.79,1523,31.5,65,No Failure,0
LOG_0006720,MCH_L3_05,2023-05-20 23:30:00,307.19,315.7,1598,36.9,72,No Failure,0
LOG_0006721,MCH_L3_05,2023-05-21 00:00:00,299.3,309.1,1658,47.43,150,No Failure,0
LOG_0006722,MCH_L2_02,2023-05-21 00:30:00,298.4,307.77,1503,28.69,35,No Failure,0
LOG_0006723,MCH_L2_02,2023-05-21 01:00:00,301.13,310.74,1423,32.87,139,No Failure,0
LOG_0006724,MCH_L3_03,2023-05-21 01:30:00,301.07,310.63,1410,39.27,150,No Failure,0
LOG_0006725,MCH_L1_01,2023-05-21 02:00:00,301.59,311.78,1464,26.34,222,Overstrain,1
LOG_0006726,MCH_L2_04,2023-05-21 02:30:00,302.12,312.89,1673,31.75,233,No Failure,0
LOG_0006727,MCH_L2_03,2023-05-21 03:00:00,301.57,311.4,1611,37.66,138,No Failure,0
LOG_0006728,MCH_L1_04,2023-05-21 03:30:00,302.69,313.84,1473,19.16,128,No Failure,0
LOG_0006729,MCH_L2_05,2023-05-21 04:00:00,303.02,312.52,1649,37.96,204,No Failure,0
LOG_0006730,MCH_L3_01,2023-05-21 04:30:00,303.06,313.16,1554,28.82,38,No Failure,0
LOG_0006731,MCH_L1_05,2023-05-21 05:00:00,294.35,307.38,1473,50.06,92,No Failure,0
LOG_0006732,MCH_L1_02,2023-05-21 05:30:00,300.58,309.14,1521,35.29,69,No Failure,0
LOG_0006733,MCH_L3_03,2023-05-21 06:00:00,297.69,307.18,1548,46.28,158,Tool Wear,1
LOG_0006734,MCH_L2_04,2023-05-21 06:30:00,302.64,310.46,1516,43.28,136,No Failure,0
LOG_0006735,MCH_L3_05,2023-05-21 07:00:00,294.29,304.56,1708,33.29,183,No Failure,0
LOG_0006736,MCH_L3_02,2023-05-21 07:30:00,303.67,313.69,1482,42.99,17,No Failure,0
LOG_0006737,MCH_L3_02,2023-05-21 08:00:00,297.84,307.99,1334,54.45,126,No Failure,0
LOG_0006738,MCH_L2_01,2023-05-21 08:30:00,297.27,306.18,1537,40.42,58,No Failure,0
LOG_0006739,MCH_L1_03,2023-05-21 09:00:00,300.89,309.98,1465,36.98,66,No Failure,0
LOG_0006740,MCH_L3_02,2023-05-21 09:30:00,299.07,309.13,1338,43.24,223,No Failure,0
LOG_0006741,MCH_L2_02,2023-05-21 10:00:00,304.45,312.77,1579,44.12,108,No Failure,0
LOG_0006742,MCH_L2_04,2023-05-21 10:30:00,303.41,314.47,1067,36.86,130,No Failure,0
LOG_0006743,MCH_L1_03,2023-05-21 11:00:00,298.72,307.05,1534,15.31,236,No Failure,0
LOG_0006744,MCH_L1_02,2023-05-21 11:30:00,302.61,312.43,1215,32.43,29,No Failure,0
LOG_0006745,MCH_L2_02,2023-05-21 12:00:00,298.64,308.12,1500,28.91,191,No Failure,0
LOG_0006746,MCH_L2_02,2023-05-21 12:30:00,298.62,308.02,1566,39.8,197,No Failure,0
LOG_0006747,MCH_L1_04,2023-05-21 13:00:00,301.79,309.86,1587,50.0,90,No Failure,0
LOG_0006748,MCH_L3_01,2023-05-21 13:30:00,303.64,313.59,1597,44.14,1,No Failure,0
LOG_0006749,MCH_L2_04,2023-05-21 14:00:00,298.9,307.45,1373,35.77,19,No Failure,0
LOG_0006750,MCH_L3_04,2023-05-21 14:30:00,299.09,309.26,1522,42.23,208,No Failure,0
LOG_0006751,MCH_L2_03,2023-05-21 15:00:00,300.75,309.84,1415,39.83,96,No Failure,0
LOG_0006752,MCH_L3_03,2023-05-21 15:30:00,297.77,307.71,1408,44.42,208,No Failure,0
LOG_0006753,MCH_L3_03,2023-05-21 16:00:00,303.91,311.74,1486,44.9,228,No Failure,0
LOG_0006754,MCH_L1_01,2023-05-21 16:30:00,297.74,308.83,1449,51.07,28,No Failure,0
LOG_0006755,MCH_L1_01,2023-05-21 17:00:00,298.42,309.74,1375,38.82,8,No Failure,0
LOG_0006756,MCH_L1_05,2023-05-21 17:30:00,304.42,313.76,1538,24.72,3,No Failure,0
LOG_0006757,MCH_L2_01,2023-05-21 18:00:00,300.54,313.9,1565,28.74,237,No Failure,0
LOG_0006758,MCH_L1_03,2023-05-21 18:30:00,304.86,315.77,1396,40.15,39,No Failure,0
LOG_0006759,MCH_L3_03,2023-05-21 19:00:00,299.45,309.14,1477,37.71,182,No Failure,0
LOG_0006760,MCH_L2_04,2023-05-21 19:30:00,306.3,315.71,1479,46.14,140,No Failure,0
LOG_0006761,MCH_L3_02,2023-05-21 20:00:00,301.54,310.6,1481,48.82,133,No Failure,0
LOG_0006762,MCH_L2_05,2023-05-21 20:30:00,298.12,307.41,1493,40.31,237,No Failure,0
LOG_0006763,MCH_L3_04,2023-05-21 21:00:00,298.08,307.95,1534,29.38,72,Power Failure,1
LOG_0006764,MCH_L3_05,2023-05-21 21:30:00,296.36,306.31,1640,44.78,25,No Failure,0
LOG_0006765,MCH_L2_01,2023-05-21 22:00:00,296.63,304.95,1515,42.37,102,No Failure,0
LOG_0006766,MCH_L1_04,2023-05-21 22:30:00,298.35,309.98,1438,45.4,40,No Failure,0
LOG_0006767,MCH_L3_02,2023-05-21 23:00:00,297.52,308.46,1498,33.84,238,No Failure,0
LOG_0006768,MCH_L2_02,2023-05-21 23:30:00,293.56,305.78,1372,65.34,41,No Failure,0
LOG_0006769,MCH_L2_03,2023-05-22 00:00:00,302.1,312.54,1392,25.16,127,No Failure,0
LOG_0006770,MCH_L2_04,2023-05-22 00:30:00,301.94,313.2,1551,40.79,205,No Failure,0
LOG_0006771,MCH_L3_03,2023-05-22 01:00:00,300.77,309.27,1124,46.07,239,No Failure,0
LOG_0006772,MCH_L3_01,2023-05-22 01:30:00,297.16,307.88,1473,47.03,60,No Failure,0
LOG_0006773,MCH_L2_01,2023-05-22 02:00:00,304.12,311.97,1611,40.08,61,No Failure,0
LOG_0006774,MCH_L3_05,2023-05-22 02:30:00,299.55,308.38,1548,45.28,225,No Failure,0
LOG_0006775,MCH_L2_01,2023-05-22 03:00:00,297.92,310.93,1603,47.69,195,No Failure,0
LOG_0006776,MCH_L2_03,2023-05-22 03:30:00,300.58,310.16,1540,40.92,20,Power Failure,1
LOG_0006777,MCH_L3_02,2023-05-22 04:00:00,300.44,310.42,1739,41.94,158,No Failure,0
LOG_0006778,MCH_L1_05,2023-05-22 04:30:00,293.74,304.58,1352,45.45,238,No Failure,0
LOG_0006779,MCH_L3_04,2023-05-22 05:00:00,299.92,309.87,1513,40.18,42,No Failure,0
LOG_0006780,MCH_L1_03,2023-05-22 05:30:00,300.3,309.07,1587,51.34,148,No Failure,0
LOG_0006781,MCH_L3_02,2023-05-22 06:00:00,299.05,307.85,1449,48.48,106,No Failure,0
LOG_0006782,MCH_L1_03,2023-05-22 06:30:00,296.7,307.66,1641,37.4,156,No Failure,0
LOG_0006783,MCH_L3_03,2023-05-22 07:00:00,296.77,307.13,1572,33.89,182,No Failure,0
LOG_0006784,MCH_L2_01,2023-05-22 07:30:00,301.29,312.29,1320,46.57,57,No Failure,0
LOG_0006785,MCH_L1_02,2023-05-22 08:00:00,301.9,312.6,1543,40.73,151,No Failure,0
LOG_0006786,MCH_L2_01,2023-05-22 08:30:00,298.88,308.95,1572,34.96,44,No Failure,0
LOG_0006787,MCH_L3_03,2023-05-22 09:00:00,300.96,310.98,1695,35.92,79,No Failure,0
LOG_0006788,MCH_L2_01,2023-05-22 09:30:00,298.86,308.98,1478,45.51,136,No Failure,0
LOG_0006789,MCH_L2_03,2023-05-22 10:00:00,297.87,307.43,1567,36.05,212,No Failure,0
LOG_0006790,MCH_L2_02,2023-05-22 10:30:00,300.54,310.12,1530,52.29,193,No Failure,0
LOG_0006791,MCH_L2_03,2023-05-22 11:00:00,297.13,307.73,1432,31.52,129,No Failure,0
LOG_0006792,MCH_L3_04,2023-05-22 11:30:00,304.73,316.46,1458,35.74,164,No Failure,0
LOG_0006793,MCH_L2_04,2023-05-22 12:00:00,296.41,304.4,1236,32.09,126,No Failure,0
LOG_0006794,MCH_L2_01,2023-05-22 12:30:00,300.71,313.57,1443,29.64,164,No Failure,0
LOG_0006795,MCH_L3_04,2023-05-22 13:00:00,300.38,311.21,1688,33.23,196,No Failure,0
LOG_0006796,MCH_L1_03,2023-05-22 13:30:00,300.15,310.67,1479,35.68,45,No Failure,0
LOG_0006797,MCH_L2_05,2023-05-22 14:00:00,303.71,312.5,1601,36.43,5,No Failure,0
LOG_0006798,MCH_L1_03,2023-05-22 14:30:00,293.28,302.43,1527,21.6,47,No Failure,0
LOG_0006799,MCH_L3_01,2023-05-22 15:00:00,301.03,311.76,1550,29.86,126,No Failure,0
LOG_0006800,MCH_L3_02,2023-05-22 15:30:00,299.32,309.62,1739,41.53,111,No Failure,0
LOG_0006801,MCH_L1_01,2023-05-22 16:00:00,301.46,309.91,1450,34.03,135,No Failure,0
LOG_0006802,MCH_L3_01,2023-05-22 16:30:00,300.14,309.11,1450,48.85,31,No Failure,0
LOG_0006803,MCH_L3_05,2023-05-22 17:00:00,299.81,308.92,1630,37.95,100,Power Failure,1
LOG_0006804,MCH_L3_03,2023-05-22 17:30:00,296.98,305.99,1490,45.04,76,No Failure,0
LOG_0006805,MCH_L3_05,2023-05-22 18:00:00,298.32,308.65,1467,36.84,194,Power Failure,1
LOG_0006806,MCH_L1_05,2023-05-22 18:30:00,307.83,316.6,1614,47.78,200,No Failure,0
LOG_0006807,MCH_L3_04,2023-05-22 19:00:00,301.48,312.41,1531,20.16,67,Overstrain,1
LOG_0006808,MCH_L1_04,2023-05-22 19:30:00,302.63,310.85,1481,40.91,27,No Failure,0
LOG_0006809,MCH_L2_04,2023-05-22 20:00:00,299.12,310.29,1458,53.01,167,No Failure,0
LOG_0006810,MCH_L3_05,2023-05-22 20:30:00,297.86,311.53,1398,27.61,143,Tool Wear,1
LOG_0006811,MCH_L2_04,2023-05-22 21:00:00,301.94,312.87,1314,46.39,56,No Failure,0
LOG_0006812,MCH_L3_05,2023-05-22 21:30:00,295.24,304.59,1633,43.33,202,Power Failure,1
LOG_0006813,MCH_L3_04,2023-05-22 22:00:00,298.37,307.77,1449,27.87,54,No Failure,0
LOG_0006814,MCH_L1_05,2023-05-22 22:30:00,299.11,307.76,1295,42.96,82,No Failure,0
LOG_0006815,MCH_L2_05,2023-05-22 23:00:00,302.36,313.65,1713,42.9,105,No Failure,0
LOG_0006816,MCH_L1_04,2023-05-22 23:30:00,301.03,311.23,1510,39.22,85,No Failure,0
LOG_0006817,MCH_L2_02,2023-05-23 00:00:00,298.82,306.65,1502,49.7,166,No Failure,0
LOG_0006818,MCH_L3_05,2023-05-23 00:30:00,300.92,309.18,1309,48.53,75,No Failure,0
LOG_0006819,MCH_L2_01,2023-05-23 01:00:00,299.24,307.13,1569,46.93,182,No Failure,0
LOG_0006820,MCH_L1_04,2023-05-23 01:30:00,302.68,313.59,1436,51.92,157,No Failure,0
LOG_0006821,MCH_L3_03,2023-05-23 02:00:00,300.59,309.39,1436,33.1,103,No Failure,0
LOG_0006822,MCH_L3_03,2023-05-23 02:30:00,304.34,315.34,1549,35.55,169,No Failure,0
LOG_0006823,MCH_L3_05,2023-05-23 03:00:00,299.31,308.64,1514,34.4,132,No Failure,0
LOG_0006824,MCH_L2_05,2023-05-23 03:30:00,303.06,314.01,1383,35.66,100,No Failure,0
LOG_0006825,MCH_L1_02,2023-05-23 04:00:00,300.23,309.92,1329,35.82,172,No Failure,0
LOG_0006826,MCH_L1_01,2023-05-23 04:30:00,298.26,309.4,1519,38.85,191,No Failure,0
LOG_0006827,MCH_L1_04,2023-05-23 05:00:00,306.5,315.55,1509,36.72,31,No Failure,0
LOG_0006828,MCH_L1_04,2023-05-23 05:30:00,303.27,312.39,1812,30.76,97,No Failure,0
LOG_0006829,MCH_L3_03,2023-05-23 06:00:00,300.59,310.04,1230,46.75,11,No Failure,0
LOG_0006830,MCH_L1_01,2023-05-23 06:30:00,301.91,312.91,1517,32.56,106,No Failure,0
LOG_0006831,MCH_L2_01,2023-05-23 07:00:00,297.29,305.99,1305,53.38,65,No Failure,0
LOG_0006832,MCH_L1_04,2023-05-23 07:30:00,297.38,306.69,1450,46.86,238,Power Failure,1
LOG_0006833,MCH_L1_01,2023-05-23 08:00:00,302.79,312.49,1448,29.99,51,No Failure,0
LOG_0006834,MCH_L1_01,2023-05-23 08:30:00,300.01,310.49,1565,39.83,198,No Failure,0
LOG_0006835,MCH_L3_05,2023-05-23 09:00:00,299.61,309.13,1568,27.97,31,No Failure,0
LOG_0006836,MCH_L3_03,2023-05-23 09:30:00,299.28,309.97,1663,50.83,231,No Failure,0
LOG_0006837,MCH_L1_01,2023-05-23 10:00:00,300.38,309.48,1529,40.04,162,No Failure,0
LOG_0006838,MCH_L2_03,2023-05-23 10:30:00,299.36,310.55,1618,39.72,133,Power Failure,1
LOG_0006839,MCH_L2_05,2023-05-23 11:00:00,294.92,305.83,1665,41.88,21,No Failure,0
LOG_0006840,MCH_L2_03,2023-05-23 11:30:00,303.54,312.85,1530,38.53,216,No Failure,0
LOG_0006841,MCH_L1_02,2023-05-23 12:00:00,299.72,310.58,1640,34.4,174,No Failure,0
LOG_0006842,MCH_L3_01,2023-05-23 12:30:00,304.58,313.27,1525,39.18,140,No Failure,0
LOG_0006843,MCH_L3_03,2023-05-23 13:00:00,295.59,305.78,1499,50.66,22,No Failure,0
LOG_0006844,MCH_L2_02,2023-05-23 13:30:00,295.58,304.63,1422,35.27,236,Heat Dissipation,1
LOG_0006845,MCH_L3_04,2023-05-23 14:00:00,299.31,309.69,1545,51.85,171,No Failure,0
LOG_0006846,MCH_L2_03,2023-05-23 14:30:00,302.44,312.24,1541,35.99,237,No Failure,0
LOG_0006847,MCH_L2_03,2023-05-23 15:00:00,296.95,306.04,1542,41.53,8,No Failure,0
LOG_0006848,MCH_L3_01,2023-05-23 15:30:00,296.85,304.96,1636,56.67,105,No Failure,0
LOG_0006849,MCH_L2_05,2023-05-23 16:00:00,300.93,310.67,1608,44.8,58,No Failure,0
LOG_0006850,MCH_L3_05,2023-05-23 16:30:00,299.22,310.65,1323,43.01,228,No Failure,0
LOG_0006851,MCH_L3_01,2023-05-23 17:00:00,301.36,311.7,1325,45.56,116,No Failure,0
LOG_0006852,MCH_L3_03,2023-05-23 17:30:00,299.26,307.38,1514,48.49,100,No Failure,0
LOG_0006853,MCH_L2_02,2023-05-23 18:00:00,300.96,310.68,1382,32.89,29,No Failure,0
LOG_0006854,MCH_L1_05,2023-05-23 18:30:00,303.42,314.85,1488,44.24,83,No Failure,0
LOG_0006855,MCH_L1_01,2023-05-23 19:00:00,296.96,306.59,1390,42.19,229,No Failure,0
LOG_0006856,MCH_L3_02,2023-05-23 19:30:00,302.96,311.79,1511,21.59,43,No Failure,0
LOG_0006857,MCH_L2_04,2023-05-23 20:00:00,295.74,307.84,1377,42.11,176,No Failure,0
LOG_0006858,MCH_L3_03,2023-05-23 20:30:00,301.52,310.22,1548,31.58,15,No Failure,0
LOG_0006859,MCH_L2_02,2023-05-23 21:00:00,303.55,313.28,1371,40.96,120,No Failure,0
LOG_0006860,MCH_L1_02,2023-05-23 21:30:00,298.69,307.95,1516,48.37,213,No Failure,0
LOG_0006861,MCH_L2_01,2023-05-23 22:00:00,301.61,312.39,1297,32.06,229,No Failure,0
LOG_0006862,MCH_L1_02,2023-05-23 22:30:00,298.78,309.36,1364,38.99,73,No Failure,0
LOG_0006863,MCH_L3_05,2023-05-23 23:00:00,301.46,310.39,1584,36.38,83,No Failure,0
LOG_0006864,MCH_L1_01,2023-05-23 23:30:00,294.35,303.51,1653,49.7,180,No Failure,0
LOG_0006865,MCH_L3_04,2023-05-24 00:00:00,300.41,310.58,1609,35.33,232,Heat Dissipation,1
LOG_0006866,MCH_L2_02,2023-05-24 00:30:00,300.99,311.25,1590,41.85,129,No Failure,0
LOG_0006867,MCH_L3_03,2023-05-24 01:00:00,303.36,313.09,1677,45.37,66,No Failure,0
LOG_0006868,MCH_L1_02,2023-05-24 01:30:00,302.31,311.94,1615,46.46,41,No Failure,0
LOG_0006869,MCH_L3_03,2023-05-24 02:00:00,299.6,308.13,1316,31.76,191,No Failure,0
LOG_0006870,MCH_L3_04,2023-05-24 02:30:00,300.67,312.89,1614,37.84,135,No Failure,0
LOG_0006871,MCH_L3_04,2023-05-24 03:00:00,296.38,307.15,1612,53.61,72,No Failure,0
LOG_0006872,MCH_L1_02,2023-05-24 03:30:00,304.11,314.12,1275,39.87,91,Heat Dissipation,1
LOG_0006873,MCH_L3_03,2023-05-24 04:00:00,301.73,312.9,1419,48.76,148,No Failure,0
LOG_0006874,MCH_L3_01,2023-05-24 04:30:00,295.35,305.11,1689,57.49,114,No Failure,0
LOG_0006875,MCH_L1_05,2023-05-24 05:00:00,300.61,309.63,1484,39.43,96,No Failure,0
LOG_0006876,MCH_L3_04,2023-05-24 05:30:00,300.81,311.23,1363,47.06,187,No Failure,0
LOG_0006877,MCH_L1_05,2023-05-24 06:00:00,298.07,308.24,1603,48.11,33,No Failure,0
LOG_0006878,MCH_L2_02,2023-05-24 06:30:00,300.24,312.26,1466,28.45,131,No Failure,0
LOG_0006879,MCH_L1_01,2023-05-24 07:00:00,297.81,306.93,1453,43.42,239,No Failure,0
LOG_0006880,MCH_L2_03,2023-05-24 07:30:00,296.49,305.33,1604,52.78,116,Tool Wear,1
LOG_0006881,MCH_L1_03,2023-05-24 08:00:00,298.47,310.99,1548,26.59,216,No Failure,0
LOG_0006882,MCH_L1_04,2023-05-24 08:30:00,300.43,311.85,1485,39.03,61,No Failure,0
LOG_0006883,MCH_L3_05,2023-05-24 09:00:00,302.32,313.08,1539,40.97,95,No Failure,0
LOG_0006884,MCH_L2_04,2023-05-24 09:30:00,300.17,309.35,1479,39.16,75,No Failure,0
LOG_0006885,MCH_L1_04,2023-05-24 10:00:00,302.35,312.85,1609,38.29,1,Heat Dissipation,1
LOG_0006886,MCH_L2_05,2023-05-24 10:30:00,301.62,310.07,1329,30.56,238,No Failure,0
LOG_0006887,MCH_L3_02,2023-05-24 11:00:00,297.41,306.79,1476,43.28,126,No Failure,0
LOG_0006888,MCH_L3_05,2023-05-24 11:30:00,301.6,310.2,1450,33.66,177,No Failure,0
LOG_0006889,MCH_L1_05,2023-05-24 12:00:00,301.67,310.77,1536,33.88,111,Overstrain,1
LOG_0006890,MCH_L2_02,2023-05-24 12:30:00,304.35,312.92,1364,23.96,116,No Failure,0
LOG_0006891,MCH_L1_04,2023-05-24 13:00:00,301.03,311.87,1679,27.89,203,No Failure,0
LOG_0006892,MCH_L3_04,2023-05-24 13:30:00,296.91,309.05,1410,52.56,237,No Failure,0
LOG_0006893,MCH_L1_01,2023-05-24 14:00:00,298.61,309.78,1627,40.66,25,No Failure,0
LOG_0006894,MCH_L2_04,2023-05-24 14:30:00,295.37,306.27,1572,46.29,84,No Failure,0
LOG_0006895,MCH_L1_04,2023-05-24 15:00:00,301.28,310.88,1525,32.46,107,No Failure,0
LOG_0006896,MCH_L2_04,2023-05-24 15:30:00,304.13,314.36,1529,23.47,164,No Failure,0
LOG_0006897,MCH_L2_01,2023-05-24 16:00:00,294.02,302.73,1277,34.42,54,No Failure,0
LOG_0006898,MCH_L3_05,2023-05-24 16:30:00,304.24,312.68,1439,23.73,99,No Failure,0
LOG_0006899,MCH_L1_01,2023-05-24 17:00:00,301.24,309.5,1890,34.05,17,No Failure,0
LOG_0006900,MCH_L3_02,2023-05-24 17:30:00,297.31,305.85,1525,49.78,23,No Failure,0
LOG_0006901,MCH_L1_03,2023-05-24 18:00:00,300.64,311.46,1549,39.16,29,No Failure,0
LOG_0006902,MCH_L3_01,2023-05-24 18:30:00,297.39,308.35,1269,52.32,16,No Failure,0
LOG_0006903,MCH_L1_02,2023-05-24 19:00:00,301.1,310.02,1470,44.85,207,No Failure,0
LOG_0006904,MCH_L2_04,2023-05-24 19:30:00,300.16,310.51,1457,49.06,41,No Failure,0
LOG_0006905,MCH_L3_05,2023-05-24 20:00:00,300.82,312.19,1411,37.93,80,No Failure,0
LOG_0006906,MCH_L3_02,2023-05-24 20:30:00,297.7,307.52,1568,28.17,107,No Failure,0
LOG_0006907,MCH_L1_01,2023-05-24 21:00:00,298.07,307.18,1448,31.37,139,No Failure,0
LOG_0006908,MCH_L3_03,2023-05-24 21:30:00,301.25,310.75,1413,50.42,26,No Failure,0
LOG_0006909,MCH_L3_04,2023-05-24 22:00:00,298.74,310.46,1323,41.52,182,No Failure,0
LOG_0006910,MCH_L2_04,2023-05-24 22:30:00,300.37,310.29,1367,28.32,3,No Failure,0
LOG_0006911,MCH_L2_04,2023-05-24 23:00:00,301.13,313.69,1382,45.52,162,No Failure,0
LOG_0006912,MCH_L2_03,2023-05-24 23:30:00,299.44,308.64,1458,26.76,192,No Failure,0
LOG_0006913,MCH_L2_03,2023-05-25 00:00:00,302.89,312.28,1440,43.92,75,No Failure,0
LOG_0006914,MCH_L3_01,2023-05-25 00:30:00,299.54,307.85,1424,37.8,156,No Failure,0
LOG_0006915,MCH_L3_04,2023-05-25 01:00:00,299.46,310.75,1297,45.86,71,No Failure,0
LOG_0006916,MCH_L3_02,2023-05-25 01:30:00,298.42,308.53,1379,37.76,199,No Failure,0
LOG_0006917,MCH_L1_01,2023-05-25 02:00:00,302.6,311.52,1515,46.16,75,No Failure,0
LOG_0006918,MCH_L3_01,2023-05-25 02:30:00,298.23,307.8,1675,26.99,163,No Failure,0
LOG_0006919,MCH_L2_03,2023-05-25 03:00:00,303.14,313.72,1692,42.84,239,No Failure,0
LOG_0006920,MCH_L2_05,2023-05-25 03:30:00,300.41,309.42,1739,36.23,33,No Failure,0
LOG_0006921,MCH_L3_04,2023-05-25 04:00:00,306.71,317.12,1531,43.17,35,No Failure,0
LOG_0006922,MCH_L1_03,2023-05-25 04:30:00,298.35,309.43,1493,37.39,182,No Failure,0
LOG_0006923,MCH_L3_01,2023-05-25 05:00:00,303.19,312.67,1576,32.4,3,No Failure,0
LOG_0006924,MCH_L2_02,2023-05-25 05:30:00,301.28,309.05,1457,39.11,10,No Failure,0
LOG_0006925,MCH_L3_01,2023-05-25 06:00:00,298.72,308.4,1596,50.52,58,No Failure,0
LOG_0006926,MCH_L3_05,2023-05-25 06:30:00,301.31,310.71,1480,34.87,2,No Failure,0
LOG_0006927,MCH_L1_01,2023-05-25 07:00:00,301.19,309.7,1533,41.7,201,Power Failure,1
LOG_0006928,MCH_L1_01,2023-05-25 07:30:00,299.17,309.87,1412,34.28,11,No Failure,0
LOG_0006929,MCH_L2_05,2023-05-25 08:00:00,301.07,311.82,1615,23.3,112,No Failure,0
LOG_0006930,MCH_L3_03,2023-05-25 08:30:00,302.91,313.17,1381,40.64,72,No Failure,0
LOG_0006931,MCH_L1_05,2023-05-25 09:00:00,301.28,310.76,1423,73.08,148,No Failure,0
LOG_0006932,MCH_L1_05,2023-05-25 09:30:00,298.95,309.11,1459,28.63,225,Heat Dissipation,1
LOG_0006933,MCH_L2_03,2023-05-25 10:00:00,298.81,308.03,1399,48.15,149,No Failure,0
LOG_0006934,MCH_L2_02,2023-05-25 10:30:00,299.78,310.6,1567,19.85,145,No Failure,0
LOG_0006935,MCH_L2_03,2023-05-25 11:00:00,302.78,312.25,1515,39.53,235,No Failure,0
LOG_0006936,MCH_L2_01,2023-05-25 11:30:00,298.12,307.82,1382,28.16,5,No Failure,0
LOG_0006937,MCH_L2_01,2023-05-25 12:00:00,300.98,310.78,1437,43.68,88,No Failure,0
LOG_0006938,MCH_L1_02,2023-05-25 12:30:00,296.09,310.01,1516,35.31,113,No Failure,0
LOG_0006939,MCH_L2_01,2023-05-25 13:00:00,301.49,310.27,1524,35.0,108,No Failure,0
LOG_0006940,MCH_L1_05,2023-05-25 13:30:00,301.88,311.32,1385,30.37,78,Tool Wear,1
LOG_0006941,MCH_L3_03,2023-05-25 14:00:00,305.07,313.15,1501,21.73,64,No Failure,0
LOG_0006942,MCH_L1_03,2023-05-25 14:30:00,302.31,312.62,1574,37.5,54,No Failure,0
LOG_0006943,MCH_L2_01,2023-05-25 15:00:00,299.0,311.08,1463,33.96,167,No Failure,0
LOG_0006944,MCH_L2_03,2023-05-25 15:30:00,296.16,305.89,1376,36.46,81,No Failure,0
LOG_0006945,MCH_L2_04,2023-05-25 16:00:00,301.29,310.52,1659,37.09,51,No Failure,0
LOG_0006946,MCH_L1_01,2023-05-25 16:30:00,299.18,309.11,1575,32.86,119,No Failure,0
LOG_0006947,MCH_L1_03,2023-05-25 17:00:00,300.84,312.08,1450,41.01,43,No Failure,0
LOG_0006948,MCH_L1_03,2023-05-25 17:30:00,298.2,309.86,1511,38.14,94,No Failure,0
LOG_0006949,MCH_L3_01,2023-05-25 18:00:00,299.57,308.31,1457,47.02,61,No Failure,0
LOG_0006950,MCH_L2_03,2023-05-25 18:30:00,295.75,306.54,1381,60.22,83,Overstrain,1
LOG_0006951,MCH_L1_01,2023-05-25 19:00:00,297.38,307.26,1581,41.94,235,No Failure,0
LOG_0006952,MCH_L1_05,2023-05-25 19:30:00,297.03,308.76,1699,49.41,216,No Failure,0
LOG_0006953,MCH_L1_03,2023-05-25 20:00:00,302.18,314.93,1608,41.07,96,No Failure,0
LOG_0006954,MCH_L1_02,2023-05-25 20:30:00,297.93,310.11,1529,43.96,73,No Failure,0
LOG_0006955,MCH_L3_05,2023-05-25 21:00:00,303.44,312.26,1461,37.23,156,No Failure,0
LOG_0006956,MCH_L2_03,2023-05-25 21:30:00,297.96,306.95,1180,39.13,146,No Failure,0
LOG_0006957,MCH_L1_03,2023-05-25 22:00:00,305.24,317.27,1688,33.24,155,No Failure,0
LOG_0006958,MCH_L2_02,2023-05-25 22:30:00,295.13,305.01,1420,52.05,121,No Failure,0
LOG_0006959,MCH_L3_02,2023-05-25 23:00:00,301.06,310.14,1600,48.23,218,No Failure,0
LOG_0006960,MCH_L3_01,2023-05-25 23:30:00,300.1,308.46,1612,42.17,122,No Failure,0
LOG_0006961,MCH_L1_01,2023-05-26 00:00:00,296.97,307.14,1609,31.29,146,No Failure,0
LOG_0006962,MCH_L2_01,2023-05-26 00:30:00,298.62,308.13,1332,38.5,234,No Failure,0
LOG_0006963,MCH_L1_03,2023-05-26 01:00:00,299.35,309.82,1617,48.22,30,No Failure,0
LOG_0006964,MCH_L2_03,2023-05-26 01:30:00,300.62,310.85,1443,60.79,181,No Failure,0
LOG_0006965,MCH_L2_01,2023-05-26 02:00:00,297.66,306.2,1489,40.66,98,No Failure,0
LOG_0006966,MCH_L3_02,2023-05-26 02:30:00,301.06,310.08,1485,50.42,189,No Failure,0
LOG_0006967,MCH_L1_02,2023-05-26 03:00:00,300.3,311.43,1426,41.47,141,No Failure,0
LOG_0006968,MCH_L2_01,2023-05-26 03:30:00,301.95,313.19,1464,50.84,49,No Failure,0
LOG_0006969,MCH_L2_02,2023-05-26 04:00:00,297.84,307.39,1516,22.23,58,No Failure,0
LOG_0006970,MCH_L1_05,2023-05-26 04:30:00,298.98,309.19,1387,32.68,197,No Failure,0
LOG_0006971,MCH_L1_03,2023-05-26 05:00:00,303.61,312.36,1304,42.66,185,No Failure,0
LOG_0006972,MCH_L1_04,2023-05-26 05:30:00,297.73,307.67,1607,29.66,8,No Failure,0
LOG_0006973,MCH_L1_04,2023-05-26 06:00:00,296.52,307.85,1534,43.61,56,No Failure,0
LOG_0006974,MCH_L2_01,2023-05-26 06:30:00,298.42,310.42,1276,40.34,168,No Failure,0
LOG_0006975,MCH_L2_05,2023-05-26 07:00:00,295.56,305.41,1548,26.35,26,No Failure,0
LOG_0006976,MCH_L1_01,2023-05-26 07:30:00,304.18,313.8,1478,24.77,57,No Failure,0
LOG_0006977,MCH_L3_01,2023-05-26 08:00:00,299.29,307.57,1343,42.83,80,Power Failure,1
LOG_0006978,MCH_L1_04,2023-05-26 08:30:00,299.32,308.6,1434,30.25,227,No Failure,0
LOG_0006979,MCH_L2_05,2023-05-26 09:00:00,301.86,311.78,1544,36.11,67,No Failure,0
LOG_0006980,MCH_L3_03,2023-05-26 09:30:00,298.19,307.98,1380,45.36,185,No Failure,0
LOG_0006981,MCH_L1_04,2023-05-26 10:00:00,299.46,308.78,1377,39.3,23,No Failure,0
LOG_0006982,MCH_L2_05,2023-05-26 10:30:00,298.12,309.54,1431,36.4,79,No Failure,0
LOG_0006983,MCH_L1_01,2023-05-26 11:00:00,295.61,306.11,1386,27.11,61,No Failure,0
LOG_0006984,MCH_L2_04,2023-05-26 11:30:00,300.13,309.93,1367,52.75,80,No Failure,0
LOG_0006985,MCH_L1_04,2023-05-26 12:00:00,302.56,313.38,1365,46.85,194,No Failure,0
LOG_0006986,MCH_L2_02,2023-05-26 12:30:00,300.2,310.17,1551,34.52,230,No Failure,0
LOG_0006987,MCH_L3_02,2023-05-26 13:00:00,302.3,314.16,1391,32.32,100,No Failure,0
LOG_0006988,MCH_L3_04,2023-05-26 13:30:00,297.26,306.31,1629,35.22,116,No Failure,0
LOG_0006989,MCH_L1_03,2023-05-26 14:00:00,298.11,308.5,1758,31.68,2,No Failure,0
LOG_0006990,MCH_L2_05,2023-05-26 14:30:00,296.76,304.21,1480,37.48,235,No Failure,0
LOG_0006991,MCH_L3_02,2023-05-26 15:00:00,300.92,310.45,1742,49.49,50,No Failure,0
LOG_0006992,MCH_L1_03,2023-05-26 15:30:00,299.21,309.39,1565,48.6,104,No Failure,0
LOG_0006993,MCH_L3_04,2023-05-26 16:00:00,299.11,308.72,1519,48.57,98,No Failure,0
LOG_0006994,MCH_L2_03,2023-05-26 16:30:00,301.67,310.34,1492,28.97,66,No Failure,0
LOG_0006995,MCH_L2_03,2023-05-26 17:00:00,298.82,307.99,1265,31.2,79,No Failure,0
LOG_0006996,MCH_L3_01,2023-05-26 17:30:00,302.7,311.49,1445,48.18,184,No Failure,0
LOG_0006997,MCH_L3_02,2023-05-26 18:00:00,300.59,310.45,1365,43.83,147,No Failure,0
LOG_0006998,MCH_L1_01,2023-05-26 18:30:00,299.08,310.02,1605,36.31,44,No Failure,0
LOG_0006999,MCH_L2_05,2023-05-26 19:00:00,296.12,305.7,1705,46.05,133,No Failure,0
LOG_0007000,MCH_L1_02,2023-05-26 19:30:00,301.66,313.83,1525,44.29,160,No Failure,0
LOG_0007001,MCH_L2_03,2023-05-26 20:00:00,300.71,310.98,1530,26.97,170,No Failure,0
LOG_0007002,MCH_L1_01,2023-05-26 20:30:00,300.83,308.37,1615,20.81,177,No Failure,0
LOG_0007003,MCH_L3_05,2023-05-26 21:00:00,300.91,311.31,1514,39.89,154,No Failure,0
LOG_0007004,MCH_L3_02,2023-05-26 21:30:00,298.68,308.62,1644,21.65,29,No Failure,0
LOG_0007005,MCH_L2_03,2023-05-26 22:00:00,299.62,311.27,1783,49.31,98,No Failure,0
LOG_0007006,MCH_L2_03,2023-05-26 22:30:00,298.85,308.83,1673,44.34,145,No Failure,0
LOG_0007007,MCH_L1_02,2023-05-26 23:00:00,303.13,312.83,1425,36.87,157,No Failure,0
LOG_0007008,MCH_L1_04,2023-05-26 23:30:00,299.31,311.8,1600,29.52,234,No Failure,0
LOG_0007009,MCH_L2_01,2023-05-27 00:00:00,298.45,305.92,1419,32.04,217,No Failure,0
LOG_0007010,MCH_L3_02,2023-05-27 00:30:00,303.3,312.89,1473,14.27,142,No Failure,0
LOG_0007011,MCH_L3_01,2023-05-27 01:00:00,303.02,313.34,1697,51.85,95,No Failure,0
LOG_0007012,MCH_L2_04,2023-05-27 01:30:00,300.59,310.11,1380,41.65,98,No Failure,0
LOG_0007013,MCH_L3_05,2023-05-27 02:00:00,299.68,307.16,1452,38.47,203,No Failure,0
LOG_0007014,MCH_L2_03,2023-05-27 02:30:00,299.05,309.53,1637,55.6,189,No Failure,0
LOG_0007015,MCH_L3_02,2023-05-27 03:00:00,299.89,309.34,1397,31.94,20,No Failure,0
LOG_0007016,MCH_L3_05,2023-05-27 03:30:00,297.81,307.65,1269,38.28,139,No Failure,0
LOG_0007017,MCH_L2_03,2023-05-27 04:00:00,301.21,312.72,1321,34.09,176,No Failure,0
LOG_0007018,MCH_L2_02,2023-05-27 04:30:00,304.13,314.5,1426,57.69,0,No Failure,0
LOG_0007019,MCH_L3_04,2023-05-27 05:00:00,301.41,310.67,1495,37.54,202,No Failure,0
LOG_0007020,MCH_L3_03,2023-05-27 05:30:00,297.24,307.71,1463,41.57,182,No Failure,0
LOG_0007021,MCH_L2_04,2023-05-27 06:00:00,301.14,310.63,1438,53.78,24,No Failure,0
LOG_0007022,MCH_L3_05,2023-05-27 06:30:00,300.49,310.13,1509,49.22,174,No Failure,0
LOG_0007023,MCH_L1_02,2023-05-27 07:00:00,301.12,312.03,1440,26.19,200,No Failure,0
LOG_0007024,MCH_L1_03,2023-05-27 07:30:00,297.95,307.18,1416,37.32,38,No Failure,0
LOG_0007025,MCH_L2_05,2023-05-27 08:00:00,300.01,310.68,1527,39.4,234,Heat Dissipation,1
LOG_0007026,MCH_L2_03,2023-05-27 08:30:00,302.21,311.93,1513,41.36,26,No Failure,0
LOG_0007027,MCH_L3_04,2023-05-27 09:00:00,297.33,306.72,1621,42.68,92,No Failure,0
LOG_0007028,MCH_L2_01,2023-05-27 09:30:00,298.88,308.27,1742,32.3,49,No Failure,0
LOG_0007029,MCH_L2_05,2023-05-27 10:00:00,299.28,308.54,1246,52.99,218,No Failure,0
LOG_0007030,MCH_L2_04,2023-05-27 10:30:00,302.5,312.61,1562,43.79,182,No Failure,0
LOG_0007031,MCH_L2_05,2023-05-27 11:00:00,302.87,312.54,1519,45.53,155,Tool Wear,1
LOG_0007032,MCH_L1_04,2023-05-27 11:30:00,295.21,306.85,1653,51.67,56,No Failure,0
LOG_0007033,MCH_L2_03,2023-05-27 12:00:00,302.49,311.43,1439,42.35,230,No Failure,0
LOG_0007034,MCH_L2_05,2023-05-27 12:30:00,302.95,313.6,1454,38.22,81,No Failure,0
LOG_0007035,MCH_L1_03,2023-05-27 13:00:00,302.79,314.16,1345,36.91,206,No Failure,0
LOG_0007036,MCH_L1_03,2023-05-27 13:30:00,298.68,310.76,1623,38.09,15,No Failure,0
LOG_0007037,MCH_L2_03,2023-05-27 14:00:00,299.43,308.46,1516,38.63,238,No Failure,0
LOG_0007038,MCH_L1_05,2023-05-27 14:30:00,296.08,307.31,1635,23.75,214,No Failure,0
LOG_0007039,MCH_L1_03,2023-05-27 15:00:00,294.76,305.01,1448,34.72,221,No Failure,0
LOG_0007040,MCH_L2_05,2023-05-27 15:30:00,299.1,310.36,1419,30.71,227,No Failure,0
LOG_0007041,MCH_L3_01,2023-05-27 16:00:00,300.19,309.42,1587,22.76,183,No Failure,0
LOG_0007042,MCH_L1_01,2023-05-27 16:30:00,300.44,310.3,1459,41.33,34,No Failure,0
LOG_0007043,MCH_L3_05,2023-05-27 17:00:00,302.05,311.61,1575,43.77,155,Overstrain,1
LOG_0007044,MCH_L1_03,2023-05-27 17:30:00,307.65,317.11,1561,32.68,45,No Failure,0
LOG_0007045,MCH_L3_02,2023-05-27 18:00:00,299.01,309.06,1512,37.62,66,No Failure,0
LOG_0007046,MCH_L2_04,2023-05-27 18:30:00,297.36,310.35,1427,44.81,15,No Failure,0
LOG_0007047,MCH_L1_05,2023-05-27 19:00:00,301.37,312.17,1542,37.44,78,No Failure,0
LOG_0007048,MCH_L3_02,2023-05-27 19:30:00,300.56,310.14,1408,38.84,210,No Failure,0
LOG_0007049,MCH_L2_05,2023-05-27 20:00:00,298.56,308.21,1511,37.92,73,No Failure,0
LOG_0007050,MCH_L3_05,2023-05-27 20:30:00,302.28,312.96,1701,45.11,116,No Failure,0
LOG_0007051,MCH_L1_02,2023-05-27 21:00:00,297.97,307.75,1648,39.86,48,No Failure,0
LOG_0007052,MCH_L2_02,2023-05-27 21:30:00,299.68,309.46,1439,37.23,195,No Failure,0
LOG_0007053,MCH_L3_05,2023-05-27 22:00:00,299.82,308.49,1532,35.96,149,No Failure,0
LOG_0007054,MCH_L1_02,2023-05-27 22:30:00,297.63,307.57,1435,32.88,17,No Failure,0
LOG_0007055,MCH_L1_04,2023-05-27 23:00:00,295.73,302.7,1533,45.08,21,No Failure,0
LOG_0007056,MCH_L3_02,2023-05-27 23:30:00,300.55,308.43,1390,44.81,105,No Failure,0
LOG_0007057,MCH_L2_02,2023-05-28 00:00:00,303.42,313.0,1421,39.95,118,No Failure,0
LOG_0007058,MCH_L1_04,2023-05-28 00:30:00,302.4,313.19,1724,47.97,15,No Failure,0
LOG_0007059,MCH_L2_02,2023-05-28 01:00:00,302.57,314.5,1515,40.09,183,No Failure,0
LOG_0007060,MCH_L2_02,2023-05-28 01:30:00,298.0,308.48,1446,42.76,2,No Failure,0
LOG_0007061,MCH_L1_01,2023-05-28 02:00:00,300.54,311.18,1244,35.16,235,No Failure,0
LOG_0007062,MCH_L2_01,2023-05-28 02:30:00,296.44,306.58,1520,50.19,122,No Failure,0
LOG_0007063,MCH_L2_04,2023-05-28 03:00:00,300.42,311.43,1762,41.38,180,No Failure,0
LOG_0007064,MCH_L1_02,2023-05-28 03:30:00,303.47,313.73,1431,43.29,34,No Failure,0
LOG_0007065,MCH_L3_04,2023-05-28 04:00:00,303.55,314.0,1453,40.57,104,No Failure,0
LOG_0007066,MCH_L1_03,2023-05-28 04:30:00,305.08,313.2,1505,40.72,102,No Failure,0
LOG_0007067,MCH_L2_05,2023-05-28 05:00:00,302.47,312.79,1424,42.22,207,Heat Dissipation,1
LOG_0007068,MCH_L1_05,2023-05-28 05:30:00,301.19,311.22,1765,22.54,212,Tool Wear,1
LOG_0007069,MCH_L2_04,2023-05-28 06:00:00,302.19,311.69,1617,43.6,148,No Failure,0
LOG_0007070,MCH_L1_04,2023-05-28 06:30:00,301.7,311.29,1583,33.95,192,No Failure,0
LOG_0007071,MCH_L1_01,2023-05-28 07:00:00,297.98,306.38,1753,38.03,56,No Failure,0
LOG_0007072,MCH_L1_04,2023-05-28 07:30:00,296.21,306.86,1704,34.43,221,No Failure,0
LOG_0007073,MCH_L2_01,2023-05-28 08:00:00,302.21,312.49,1509,47.06,46,No Failure,0
LOG_0007074,MCH_L1_05,2023-05-28 08:30:00,305.23,315.31,1466,33.27,161,No Failure,0
LOG_0007075,MCH_L3_04,2023-05-28 09:00:00,302.31,312.59,1465,37.5,47,No Failure,0
LOG_0007076,MCH_L3_03,2023-05-28 09:30:00,295.28,303.78,1434,34.48,166,Overstrain,1
LOG_0007077,MCH_L1_01,2023-05-28 10:00:00,298.7,310.82,1473,33.69,237,No Failure,0
LOG_0007078,MCH_L1_04,2023-05-28 10:30:00,299.51,310.64,1438,33.79,86,No Failure,0
LOG_0007079,MCH_L2_01,2023-05-28 11:00:00,295.36,306.1,1364,29.44,225,No Failure,0
LOG_0007080,MCH_L3_03,2023-05-28 11:30:00,296.56,308.34,1209,35.21,119,No Failure,0
LOG_0007081,MCH_L3_05,2023-05-28 12:00:00,299.91,310.16,1625,41.64,157,No Failure,0
LOG_0007082,MCH_L2_05,2023-05-28 12:30:00,300.65,310.31,1180,32.25,177,No Failure,0
LOG_0007083,MCH_L2_05,2023-05-28 13:00:00,297.53,307.86,1542,41.07,96,No Failure,0
LOG_0007084,MCH_L3_04,2023-05-28 13:30:00,296.44,308.27,1616,44.5,143,No Failure,0
LOG_0007085,MCH_L1_04,2023-05-28 14:00:00,302.98,311.91,1552,38.83,232,No Failure,0
LOG_0007086,MCH_L3_05,2023-05-28 14:30:00,299.04,310.86,1482,29.88,93,No Failure,0
LOG_0007087,MCH_L3_04,2023-05-28 15:00:00,299.4,307.78,1525,25.05,2,No Failure,0
LOG_0007088,MCH_L2_04,2023-05-28 15:30:00,298.63,309.27,1447,46.88,236,No Failure,0
LOG_0007089,MCH_L1_05,2023-05-28 16:00:00,298.07,309.28,1488,53.12,60,No Failure,0
LOG_0007090,MCH_L2_03,2023-05-28 16:30:00,303.26,314.03,1462,51.98,1,Heat Dissipation,1
LOG_0007091,MCH_L2_04,2023-05-28 17:00:00,297.8,309.06,1417,42.56,25,No Failure,0
LOG_0007092,MCH_L2_05,2023-05-28 17:30:00,300.45,310.3,1642,42.64,17,No Failure,0
LOG_0007093,MCH_L1_05,2023-05-28 18:00:00,300.02,308.49,1604,38.14,65,No Failure,0
LOG_0007094,MCH_L2_01,2023-05-28 18:30:00,295.13,306.39,1482,38.0,39,Overstrain,1
LOG_0007095,MCH_L1_01,2023-05-28 19:00:00,300.6,312.82,1505,33.81,130,No Failure,0
LOG_0007096,MCH_L3_01,2023-05-28 19:30:00,296.14,305.94,1410,32.81,16,No Failure,0
LOG_0007097,MCH_L3_02,2023-05-28 20:00:00,301.59,312.41,1543,24.09,151,Overstrain,1
LOG_0007098,MCH_L3_05,2023-05-28 20:30:00,297.03,306.04,1487,45.95,1,No Failure,0
LOG_0007099,MCH_L2_02,2023-05-28 21:00:00,301.31,310.23,1460,44.68,69,No Failure,0
LOG_0007100,MCH_L1_04,2023-05-28 21:30:00,298.93,309.06,1530,36.78,167,No Failure,0
LOG_0007101,MCH_L3_01,2023-05-28 22:00:00,298.31,307.44,1510,50.68,153,No Failure,0
LOG_0007102,MCH_L1_02,2023-05-28 22:30:00,300.53,310.65,1398,58.99,184,No Failure,0
LOG_0007103,MCH_L1_05,2023-05-28 23:00:00,296.32,309.96,1607,27.34,48,No Failure,0
LOG_0007104,MCH_L3_02,2023-05-28 23:30:00,299.83,308.98,1618,44.82,56,No Failure,0
LOG_0007105,MCH_L1_03,2023-05-29 00:00:00,301.96,312.37,1418,39.82,55,No Failure,0
LOG_0007106,MCH_L2_01,2023-05-29 00:30:00,302.61,310.5,1883,53.69,197,No Failure,0
LOG_0007107,MCH_L2_03,2023-05-29 01:00:00,298.84,309.47,1386,35.58,75,No Failure,0
LOG_0007108,MCH_L2_02,2023-05-29 01:30:00,299.21,308.36,1573,49.03,20,No Failure,0
LOG_0007109,MCH_L1_03,2023-05-29 02:00:00,296.27,306.62,1567,45.85,15,Tool Wear,1
LOG_0007110,MCH_L2_03,2023-05-29 02:30:00,298.12,308.44,1586,49.8,5,No Failure,0
LOG_0007111,MCH_L1_02,2023-05-29 03:00:00,296.1,306.27,1705,33.84,33,No Failure,0
LOG_0007112,MCH_L2_05,2023-05-29 03:30:00,301.1,309.96,1467,36.72,58,No Failure,0
LOG_0007113,MCH_L2_04,2023-05-29 04:00:00,302.11,311.77,1505,44.48,66,No Failure,0
LOG_0007114,MCH_L1_04,2023-05-29 04:30:00,298.86,309.14,1550,49.62,40,Power Failure,1
LOG_0007115,MCH_L1_01,2023-05-29 05:00:00,297.35,307.06,1297,41.89,146,No Failure,0
LOG_0007116,MCH_L2_03,2023-05-29 05:30:00,300.77,312.45,1516,23.86,156,No Failure,0
LOG_0007117,MCH_L2_02,2023-05-29 06:00:00,297.83,307.88,1548,50.08,31,No Failure,0
LOG_0007118,MCH_L3_01,2023-05-29 06:30:00,301.68,310.49,1414,51.01,9,No Failure,0
LOG_0007119,MCH_L3_03,2023-05-29 07:00:00,304.84,315.36,1761,35.33,191,No Failure,0
LOG_0007120,MCH_L1_05,2023-05-29 07:30:00,297.79,304.85,1531,47.23,118,No Failure,0
LOG_0007121,MCH_L2_05,2023-05-29 08:00:00,298.15,310.5,1411,44.18,218,No Failure,0
LOG_0007122,MCH_L3_03,2023-05-29 08:30:00,296.35,304.29,1431,32.42,92,No Failure,0
LOG_0007123,MCH_L1_05,2023-05-29 09:00:00,300.37,311.45,1405,47.55,76,No Failure,0
LOG_0007124,MCH_L2_02,2023-05-29 09:30:00,300.2,311.09,1409,39.63,19,No Failure,0
LOG_0007125,MCH_L1_05,2023-05-29 10:00:00,299.32,307.96,1540,28.46,155,No Failure,0
LOG_0007126,MCH_L2_03,2023-05-29 10:30:00,300.04,310.71,1551,47.64,26,No Failure,0
LOG_0007127,MCH_L3_01,2023-05-29 11:00:00,297.39,306.56,1554,57.98,204,No Failure,0
LOG_0007128,MCH_L3_03,2023-05-29 11:30:00,295.84,305.64,1581,20.42,152,Overstrain,1
LOG_0007129,MCH_L2_01,2023-05-29 12:00:00,298.1,308.66,1550,42.6,123,No Failure,0
LOG_0007130,MCH_L3_03,2023-05-29 12:30:00,295.21,305.15,1761,42.26,28,No Failure,0
LOG_0007131,MCH_L1_05,2023-05-29 13:00:00,297.79,306.59,1608,30.19,115,No Failure,0
LOG_0007132,MCH_L2_04,2023-05-29 13:30:00,300.77,311.26,1375,48.72,142,No Failure,0
LOG_0007133,MCH_L3_01,2023-05-29 14:00:00,300.15,309.9,1504,30.72,172,No Failure,0
LOG_0007134,MCH_L1_02,2023-05-29 14:30:00,295.57,305.44,1364,40.72,44,No Failure,0
LOG_0007135,MCH_L1_01,2023-05-29 15:00:00,302.62,312.56,1502,33.64,29,No Failure,0
LOG_0007136,MCH_L2_03,2023-05-29 15:30:00,299.51,307.9,1331,31.28,37,No Failure,0
LOG_0007137,MCH_L3_02,2023-05-29 16:00:00,296.75,305.4,1471,43.16,187,No Failure,0
LOG_0007138,MCH_L1_03,2023-05-29 16:30:00,299.09,308.38,1487,33.95,31,No Failure,0
LOG_0007139,MCH_L3_04,2023-05-29 17:00:00,298.54,309.03,1338,50.88,49,No Failure,0
LOG_0007140,MCH_L3_01,2023-05-29 17:30:00,297.83,306.72,1501,40.19,70,No Failure,0
LOG_0007141,MCH_L3_02,2023-05-29 18:00:00,302.03,313.46,1455,47.31,162,No Failure,0
LOG_0007142,MCH_L3_02,2023-05-29 18:30:00,297.23,307.47,1368,46.79,224,No Failure,0
LOG_0007143,MCH_L3_02,2023-05-29 19:00:00,300.46,310.9,1610,50.11,75,No Failure,0
LOG_0007144,MCH_L2_02,2023-05-29 19:30:00,296.65,306.25,1458,37.53,86,No Failure,0
LOG_0007145,MCH_L2_05,2023-05-29 20:00:00,299.91,307.99,1635,38.96,4,No Failure,0
LOG_0007146,MCH_L3_03,2023-05-29 20:30:00,300.66,311.3,1524,32.45,106,No Failure,0
LOG_0007147,MCH_L3_01,2023-05-29 21:00:00,300.67,309.8,1453,41.19,235,No Failure,0
LOG_0007148,MCH_L2_03,2023-05-29 21:30:00,300.2,308.41,1383,33.21,118,No Failure,0
LOG_0007149,MCH_L3_05,2023-05-29 22:00:00,299.4,308.4,1359,49.65,30,No Failure,0
LOG_0007150,MCH_L3_03,2023-05-29 22:30:00,297.34,307.24,1522,32.21,207,Overstrain,1
LOG_0007151,MCH_L3_03,2023-05-29 23:00:00,297.37,304.52,1543,36.3,96,No Failure,0
LOG_0007152,MCH_L2_01,2023-05-29 23:30:00,300.75,310.35,1399,44.63,180,Power Failure,1
LOG_0007153,MCH_L3_02,2023-05-30 00:00:00,296.85,308.06,1354,44.29,0,Overstrain,1
LOG_0007154,MCH_L2_05,2023-05-30 00:30:00,296.27,306.31,1583,30.27,85,No Failure,0
LOG_0007155,MCH_L3_04,2023-05-30 01:00:00,303.57,315.01,1589,34.9,219,No Failure,0
LOG_0007156,MCH_L2_04,2023-05-30 01:30:00,299.35,308.87,1400,37.38,196,No Failure,0
LOG_0007157,MCH_L2_02,2023-05-30 02:00:00,301.59,312.97,1477,38.57,195,No Failure,0
LOG_0007158,MCH_L3_05,2023-05-30 02:30:00,302.18,310.57,1562,41.68,64,No Failure,0
LOG_0007159,MCH_L2_05,2023-05-30 03:00:00,300.13,310.85,1367,46.42,142,No Failure,0
LOG_0007160,MCH_L1_05,2023-05-30 03:30:00,299.06,308.93,1394,38.8,228,No Failure,0
LOG_0007161,MCH_L2_03,2023-05-30 04:00:00,299.1,310.73,1598,40.8,102,Heat Dissipation,1
LOG_0007162,MCH_L3_05,2023-05-30 04:30:00,304.02,313.53,1393,33.33,179,No Failure,0
LOG_0007163,MCH_L1_02,2023-05-30 05:00:00,298.6,307.34,1508,52.76,165,No Failure,0
LOG_0007164,MCH_L2_02,2023-05-30 05:30:00,300.44,311.05,1511,43.5,236,No Failure,0
LOG_0007165,MCH_L3_05,2023-05-30 06:00:00,301.69,313.67,1356,37.58,23,No Failure,0
LOG_0007166,MCH_L1_04,2023-05-30 06:30:00,300.63,310.91,1617,50.45,150,No Failure,0
LOG_0007167,MCH_L2_04,2023-05-30 07:00:00,302.71,312.66,1312,43.15,46,No Failure,0
LOG_0007168,MCH_L3_02,2023-05-30 07:30:00,299.03,307.57,1533,41.87,134,No Failure,0
LOG_0007169,MCH_L1_01,2023-05-30 08:00:00,301.68,312.82,1444,40.04,158,No Failure,0
LOG_0007170,MCH_L2_02,2023-05-30 08:30:00,295.51,305.45,1512,48.64,6,No Failure,0
LOG_0007171,MCH_L2_01,2023-05-30 09:00:00,303.37,314.21,1471,53.71,204,No Failure,0
LOG_0007172,MCH_L2_03,2023-05-30 09:30:00,302.81,313.05,1364,48.49,3,No Failure,0
LOG_0007173,MCH_L1_05,2023-05-30 10:00:00,299.24,311.69,1464,40.28,181,No Failure,0
LOG_0007174,MCH_L3_05,2023-05-30 10:30:00,301.1,310.43,1557,51.39,209,No Failure,0
LOG_0007175,MCH_L1_01,2023-05-30 11:00:00,302.23,311.61,1470,37.78,103,No Failure,0
LOG_0007176,MCH_L1_01,2023-05-30 11:30:00,297.41,308.63,1442,32.5,210,Heat Dissipation,1
LOG_0007177,MCH_L2_04,2023-05-30 12:00:00,299.64,310.89,1261,46.88,207,No Failure,0
LOG_0007178,MCH_L3_05,2023-05-30 12:30:00,296.74,308.02,1393,52.24,51,No Failure,0
LOG_0007179,MCH_L2_05,2023-05-30 13:00:00,302.85,312.83,1411,40.0,81,No Failure,0
LOG_0007180,MCH_L2_01,2023-05-30 13:30:00,302.06,312.31,1600,54.01,79,No Failure,0
LOG_0007181,MCH_L2_05,2023-05-30 14:00:00,299.3,307.68,1453,27.67,47,No Failure,0
LOG_0007182,MCH_L1_05,2023-05-30 14:30:00,299.01,308.82,1560,39.21,94,No Failure,0
LOG_0007183,MCH_L3_05,2023-05-30 15:00:00,299.63,309.96,1406,32.75,216,No Failure,0
LOG_0007184,MCH_L1_01,2023-05-30 15:30:00,297.76,308.09,1252,32.58,65,No Failure,0
LOG_0007185,MCH_L2_01,2023-05-30 16:00:00,299.56,308.65,1618,39.73,109,Heat Dissipation,1
LOG_0007186,MCH_L2_01,2023-05-30 16:30:00,297.41,306.09,1407,54.64,124,No Failure,0
LOG_0007187,MCH_L1_03,2023-05-30 17:00:00,302.25,313.5,1611,51.2,181,No Failure,0
LOG_0007188,MCH_L3_03,2023-05-30 17:30:00,302.84,313.9,1473,51.86,219,No Failure,0
LOG_0007189,MCH_L2_03,2023-05-30 18:00:00,302.36,312.08,1665,43.78,207,No Failure,0
LOG_0007190,MCH_L3_04,2023-05-30 18:30:00,297.01,308.25,1881,37.56,126,No Failure,0
LOG_0007191,MCH_L3_05,2023-05-30 19:00:00,299.48,310.61,1553,42.85,181,No Failure,0
LOG_0007192,MCH_L1_01,2023-05-30 19:30:00,301.46,309.45,1336,27.96,99,No Failure,0
LOG_0007193,MCH_L1_01,2023-05-30 20:00:00,301.92,311.8,1565,53.13,172,No Failure,0
LOG_0007194,MCH_L2_01,2023-05-30 20:30:00,295.4,307.01,1545,24.84,39,No Failure,0
LOG_0007195,MCH_L2_05,2023-05-30 21:00:00,301.85,309.94,1351,38.91,34,No Failure,0
LOG_0007196,MCH_L3_03,2023-05-30 21:30:00,296.89,305.15,1420,40.0,23,No Failure,0
LOG_0007197,MCH_L1_01,2023-05-30 22:00:00,299.62,310.37,1447,47.2,162,No Failure,0
LOG_0007198,MCH_L2_01,2023-05-30 22:30:00,303.14,314.69,1542,43.73,93,No Failure,0
LOG_0007199,MCH_L1_01,2023-05-30 23:00:00,302.81,312.47,1390,44.3,164,No Failure,0
LOG_0007200,MCH_L3_04,2023-05-30 23:30:00,303.32,312.76,1375,20.02,202,No Failure,0
LOG_0007201,MCH_L3_03,2023-05-31 00:00:00,297.33,305.29,1359,38.58,108,Power Failure,1
LOG_0007202,MCH_L2_01,2023-05-31 00:30:00,297.95,307.59,1275,34.61,161,No Failure,0
LOG_0007203,MCH_L1_03,2023-05-31 01:00:00,298.59,306.82,1575,41.27,229,No Failure,0
LOG_0007204,MCH_L3_04,2023-05-31 01:30:00,299.63,309.2,1509,38.88,102,No Failure,0
LOG_0007205,MCH_L3_04,2023-05-31 02:00:00,300.54,312.11,1594,41.88,151,No Failure,0
LOG_0007206,MCH_L3_05,2023-05-31 02:30:00,303.19,311.64,1414,29.86,92,No Failure,0
LOG_0007207,MCH_L2_03,2023-05-31 03:00:00,297.68,307.38,1410,40.86,3,No Failure,0
LOG_0007208,MCH_L3_03,2023-05-31 03:30:00,298.43,309.46,1541,54.87,104,No Failure,0
LOG_0007209,MCH_L3_05,2023-05-31 04:00:00,303.56,312.63,1606,58.1,177,No Failure,0
LOG_0007210,MCH_L2_01,2023-05-31 04:30:00,297.1,307.59,1618,51.48,221,No Failure,0
LOG_0007211,MCH_L3_03,2023-05-31 05:00:00,301.82,312.79,1366,24.45,77,No Failure,0
LOG_0007212,MCH_L3_01,2023-05-31 05:30:00,299.78,309.87,1613,37.54,151,No Failure,0
LOG_0007213,MCH_L3_03,2023-05-31 06:00:00,300.97,311.09,1680,35.76,101,No Failure,0
LOG_0007214,MCH_L1_01,2023-05-31 06:30:00,297.97,306.65,1550,41.3,115,Power Failure,1
LOG_0007215,MCH_L3_05,2023-05-31 07:00:00,301.77,311.29,1638,51.28,97,No Failure,0
LOG_0007216,MCH_L1_05,2023-05-31 07:30:00,298.36,308.55,1562,39.61,35,No Failure,0
LOG_0007217,MCH_L2_03,2023-05-31 08:00:00,296.45,304.17,1365,32.19,78,Overstrain,1
LOG_0007218,MCH_L1_03,2023-05-31 08:30:00,301.2,308.5,1612,49.87,34,No Failure,0
LOG_0007219,MCH_L3_02,2023-05-31 09:00:00,293.74,303.56,1546,43.16,28,No Failure,0
LOG_0007220,MCH_L2_01,2023-05-31 09:30:00,298.58,309.03,1377,46.56,35,No Failure,0
LOG_0007221,MCH_L1_05,2023-05-31 10:00:00,300.73,310.84,1431,48.59,67,No Failure,0
LOG_0007222,MCH_L2_01,2023-05-31 10:30:00,301.89,309.94,1549,37.12,206,No Failure,0
LOG_0007223,MCH_L2_05,2023-05-31 11:00:00,303.07,314.39,1787,29.96,138,No Failure,0
LOG_0007224,MCH_L1_01,2023-05-31 11:30:00,304.44,314.56,1715,41.85,54,No Failure,0
LOG_0007225,MCH_L2_02,2023-05-31 12:00:00,303.68,314.84,1260,37.08,48,No Failure,0
LOG_0007226,MCH_L2_04,2023-05-31 12:30:00,300.48,309.71,1500,40.62,206,No Failure,0
LOG_0007227,MCH_L1_02,2023-05-31 13:00:00,302.81,313.13,1678,52.04,56,No Failure,0
LOG_0007228,MCH_L2_05,2023-05-31 13:30:00,300.44,311.06,1451,41.7,212,No Failure,0
LOG_0007229,MCH_L3_05,2023-05-31 14:00:00,301.71,312.92,1439,55.64,98,No Failure,0
LOG_0007230,MCH_L1_05,2023-05-31 14:30:00,298.5,309.6,1435,42.5,86,No Failure,0
LOG_0007231,MCH_L2_05,2023-05-31 15:00:00,301.16,310.2,1601,37.57,54,No Failure,0
LOG_0007232,MCH_L1_04,2023-05-31 15:30:00,298.82,308.68,1546,29.29,55,No Failure,0
LOG_0007233,MCH_L2_01,2023-05-31 16:00:00,299.57,308.94,1563,41.9,73,No Failure,0
LOG_0007234,MCH_L2_01,2023-05-31 16:30:00,301.16,311.33,1476,32.21,3,No Failure,0
LOG_0007235,MCH_L3_01,2023-05-31 17:00:00,305.23,313.5,1709,44.54,108,No Failure,0
LOG_0007236,MCH_L1_02,2023-05-31 17:30:00,300.99,309.08,1462,39.04,152,No Failure,0
LOG_0007237,MCH_L1_02,2023-05-31 18:00:00,299.97,312.83,1605,38.76,129,No Failure,0
LOG_0007238,MCH_L1_04,2023-05-31 18:30:00,297.92,310.24,1250,40.72,229,Power Failure,1
LOG_0007239,MCH_L1_01,2023-05-31 19:00:00,302.24,313.64,1495,41.98,146,No Failure,0
LOG_0007240,MCH_L2_04,2023-05-31 19:30:00,299.16,309.74,1443,39.71,87,No Failure,0
LOG_0007241,MCH_L3_04,2023-05-31 20:00:00,300.94,311.87,1512,58.16,135,No Failure,0
LOG_0007242,MCH_L3_04,2023-05-31 20:30:00,301.75,312.68,1305,33.44,63,No Failure,0
LOG_0007243,MCH_L3_03,2023-05-31 21:00:00,303.16,315.15,1696,48.71,133,No Failure,0
LOG_0007244,MCH_L2_02,2023-05-31 21:30:00,302.11,311.52,1520,50.67,83,No Failure,0
LOG_0007245,MCH_L3_02,2023-05-31 22:00:00,296.94,306.03,1769,30.59,13,Heat Dissipation,1
LOG_0007246,MCH_L2_02,2023-05-31 22:30:00,295.71,305.69,1594,40.48,103,No Failure,0
LOG_0007247,MCH_L3_05,2023-05-31 23:00:00,301.75,312.46,1531,43.03,197,No Failure,0
LOG_0007248,MCH_L1_03,2023-05-31 23:30:00,300.22,309.91,1501,41.46,203,No Failure,0
LOG_0007249,MCH_L3_05,2023-06-01 00:00:00,300.98,310.32,1579,41.12,104,No Failure,0
LOG_0007250,MCH_L3_01,2023-06-01 00:30:00,304.3,316.02,1590,45.32,125,No Failure,0
LOG_0007251,MCH_L3_05,2023-06-01 01:00:00,298.46,307.46,1560,22.18,70,No Failure,0
LOG_0007252,MCH_L3_02,2023-06-01 01:30:00,303.23,314.99,1771,39.16,184,No Failure,0
LOG_0007253,MCH_L1_03,2023-06-01 02:00:00,298.48,309.64,1638,36.43,108,No Failure,0
LOG_0007254,MCH_L1_01,2023-06-01 02:30:00,303.91,316.2,1424,33.89,29,No Failure,0
LOG_0007255,MCH_L1_03,2023-06-01 03:00:00,301.88,314.5,1404,47.47,207,No Failure,0
LOG_0007256,MCH_L1_03,2023-06-01 03:30:00,296.23,306.67,1553,48.77,7,No Failure,0
LOG_0007257,MCH_L1_04,2023-06-01 04:00:00,298.96,311.45,1522,49.66,141,No Failure,0
LOG_0007258,MCH_L1_04,2023-06-01 04:30:00,304.79,315.4,1533,47.24,47,No Failure,0
LOG_0007259,MCH_L1_03,2023-06-01 05:00:00,304.48,314.96,1305,29.82,211,No Failure,0
LOG_0007260,MCH_L2_05,2023-06-01 05:30:00,301.51,311.74,1606,41.24,27,No Failure,0
LOG_0007261,MCH_L3_02,2023-06-01 06:00:00,300.89,310.37,1455,49.43,133,No Failure,0
LOG_0007262,MCH_L2_03,2023-06-01 06:30:00,300.6,311.51,1767,18.59,157,No Failure,0
LOG_0007263,MCH_L2_03,2023-06-01 07:00:00,301.09,312.47,1528,53.82,131,No Failure,0
LOG_0007264,MCH_L3_03,2023-06-01 07:30:00,299.65,307.97,1486,29.34,99,No Failure,0
LOG_0007265,MCH_L3_03,2023-06-01 08:00:00,303.03,316.1,1559,32.44,66,No Failure,0
LOG_0007266,MCH_L1_01,2023-06-01 08:30:00,301.44,313.39,1421,46.51,137,No Failure,0
LOG_0007267,MCH_L2_02,2023-06-01 09:00:00,297.59,306.89,1701,56.57,101,No Failure,0
LOG_0007268,MCH_L3_01,2023-06-01 09:30:00,301.64,312.31,1784,32.06,26,No Failure,0
LOG_0007269,MCH_L1_02,2023-06-01 10:00:00,300.41,310.36,1587,33.32,209,No Failure,0
LOG_0007270,MCH_L1_01,2023-06-01 10:30:00,299.22,309.62,1580,50.67,172,No Failure,0
LOG_0007271,MCH_L1_03,2023-06-01 11:00:00,304.75,314.59,1429,41.4,74,No Failure,0
LOG_0007272,MCH_L1_04,2023-06-01 11:30:00,300.26,310.89,1498,37.89,99,No Failure,0
LOG_0007273,MCH_L3_03,2023-06-01 12:00:00,295.11,303.83,1565,41.78,231,No Failure,0
LOG_0007274,MCH_L2_01,2023-06-01 12:30:00,299.4,312.03,1362,58.57,34,No Failure,0
LOG_0007275,MCH_L2_05,2023-06-01 13:00:00,302.48,311.29,1689,46.54,235,No Failure,0
LOG_0007276,MCH_L3_04,2023-06-01 13:30:00,297.68,308.34,1315,43.02,12,No Failure,0
LOG_0007277,MCH_L1_05,2023-06-01 14:00:00,302.4,311.59,1251,44.93,119,No Failure,0
LOG_0007278,MCH_L3_05,2023-06-01 14:30:00,297.51,307.32,1709,43.53,54,No Failure,0
LOG_0007279,MCH_L3_05,2023-06-01 15:00:00,303.34,313.89,1593,47.76,214,No Failure,0
LOG_0007280,MCH_L3_04,2023-06-01 15:30:00,298.57,308.69,1386,34.57,42,No Failure,0
LOG_0007281,MCH_L1_04,2023-06-01 16:00:00,299.12,309.28,1518,39.42,72,No Failure,0
LOG_0007282,MCH_L2_03,2023-06-01 16:30:00,298.94,308.5,1528,39.83,67,No Failure,0
LOG_0007283,MCH_L3_01,2023-06-01 17:00:00,301.49,310.66,1512,32.12,42,No Failure,0
LOG_0007284,MCH_L3_02,2023-06-01 17:30:00,304.61,315.41,1376,30.66,39,No Failure,0
LOG_0007285,MCH_L3_04,2023-06-01 18:00:00,300.04,309.01,1537,51.87,113,No Failure,0
LOG_0007286,MCH_L1_04,2023-06-01 18:30:00,299.97,309.19,1639,46.02,158,No Failure,0
LOG_0007287,MCH_L3_03,2023-06-01 19:00:00,298.57,307.8,1292,55.03,2,No Failure,0
LOG_0007288,MCH_L2_05,2023-06-01 19:30:00,295.93,305.53,1441,44.29,227,No Failure,0
LOG_0007289,MCH_L3_02,2023-06-01 20:00:00,298.82,307.12,1360,42.72,120,Overstrain,1
LOG_0007290,MCH_L3_03,2023-06-01 20:30:00,296.85,305.16,1408,38.27,144,No Failure,0
LOG_0007291,MCH_L1_02,2023-06-01 21:00:00,295.28,305.93,1545,48.57,79,No Failure,0
LOG_0007292,MCH_L3_05,2023-06-01 21:30:00,299.81,310.48,1344,29.18,38,No Failure,0
LOG_0007293,MCH_L1_03,2023-06-01 22:00:00,298.64,309.01,1708,42.59,193,No Failure,0
LOG_0007294,MCH_L2_01,2023-06-01 22:30:00,303.44,315.09,1508,47.86,196,No Failure,0
LOG_0007295,MCH_L2_03,2023-06-01 23:00:00,297.86,306.8,1453,39.28,96,No Failure,0
LOG_0007296,MCH_L2_03,2023-06-01 23:30:00,301.68,309.61,1272,43.75,76,No Failure,0
LOG_0007297,MCH_L3_05,2023-06-02 00:00:00,301.63,312.57,1517,53.47,75,No Failure,0
LOG_0007298,MCH_L3_01,2023-06-02 00:30:00,303.34,311.24,1506,38.05,146,No Failure,0
LOG_0007299,MCH_L3_05,2023-06-02 01:00:00,299.54,309.38,1341,43.57,21,No Failure,0
LOG_0007300,MCH_L2_04,2023-06-02 01:30:00,303.3,313.63,1380,48.7,231,No Failure,0
LOG_0007301,MCH_L2_02,2023-06-02 02:00:00,301.4,313.87,1706,37.29,7,No Failure,0
LOG_0007302,MCH_L3_03,2023-06-02 02:30:00,302.85,312.19,1453,30.83,107,No Failure,0
LOG_0007303,MCH_L1_02,2023-06-02 03:00:00,305.99,315.42,1505,46.2,195,No Failure,0
LOG_0007304,MCH_L2_03,2023-06-02 03:30:00,299.69,310.48,1566,40.98,198,No Failure,0
LOG_0007305,MCH_L2_02,2023-06-02 04:00:00,300.43,311.15,1481,39.77,239,No Failure,0
LOG_0007306,MCH_L2_03,2023-06-02 04:30:00,299.1,308.69,1662,41.44,127,No Failure,0
LOG_0007307,MCH_L3_02,2023-06-02 05:00:00,303.86,314.08,1412,29.95,213,No Failure,0
LOG_0007308,MCH_L1_03,2023-06-02 05:30:00,306.51,315.63,1448,37.88,17,No Failure,0
LOG_0007309,MCH_L2_02,2023-06-02 06:00:00,301.84,312.38,1450,46.07,133,No Failure,0
LOG_0007310,MCH_L2_05,2023-06-02 06:30:00,295.97,304.06,1404,39.98,3,Heat Dissipation,1
LOG_0007311,MCH_L3_03,2023-06-02 07:00:00,297.79,311.28,1394,35.61,116,No Failure,0
LOG_0007312,MCH_L2_04,2023-06-02 07:30:00,302.9,313.77,1503,33.72,168,No Failure,0
LOG_0007313,MCH_L1_03,2023-06-02 08:00:00,297.14,305.82,1661,42.31,236,Power Failure,1
LOG_0007314,MCH_L3_04,2023-06-02 08:30:00,298.5,308.18,1358,47.15,178,No Failure,0
LOG_0007315,MCH_L2_05,2023-06-02 09:00:00,298.41,307.15,1477,48.72,11,No Failure,0
LOG_0007316,MCH_L2_01,2023-06-02 09:30:00,299.81,308.83,1591,35.27,111,No Failure,0
LOG_0007317,MCH_L1_02,2023-06-02 10:00:00,300.64,310.89,1737,53.81,36,No Failure,0
LOG_0007318,MCH_L1_02,2023-06-02 10:30:00,295.28,306.95,1612,40.97,1,No Failure,0
LOG_0007319,MCH_L1_05,2023-06-02 11:00:00,296.18,306.06,1475,26.06,2,No Failure,0
LOG_0007320,MCH_L1_05,2023-06-02 11:30:00,296.24,303.97,1432,41.01,172,No Failure,0
LOG_0007321,MCH_L3_03,2023-06-02 12:00:00,296.54,305.8,1635,31.47,84,No Failure,0
LOG_0007322,MCH_L2_02,2023-06-02 12:30:00,300.04,309.38,1605,43.48,38,No Failure,0
LOG_0007323,MCH_L3_02,2023-06-02 13:00:00,300.49,310.6,1501,42.36,76,No Failure,0
LOG_0007324,MCH_L1_02,2023-06-02 13:30:00,302.53,312.36,1475,27.05,111,No Failure,0
LOG_0007325,MCH_L3_01,2023-06-02 14:00:00,301.39,308.75,1742,52.22,181,No Failure,0
LOG_0007326,MCH_L3_04,2023-06-02 14:30:00,298.54,307.43,1723,34.52,205,No Failure,0
LOG_0007327,MCH_L3_03,2023-06-02 15:00:00,300.57,309.24,1547,24.54,221,No Failure,0
LOG_0007328,MCH_L2_02,2023-06-02 15:30:00,302.64,313.72,1524,50.89,17,No Failure,0
LOG_0007329,MCH_L1_05,2023-06-02 16:00:00,299.43,309.09,1362,45.19,12,No Failure,0
LOG_0007330,MCH_L3_04,2023-06-02 16:30:00,299.22,306.82,1505,37.82,13,No Failure,0
LOG_0007331,MCH_L2_01,2023-06-02 17:00:00,297.64,306.6,1644,40.41,40,No Failure,0
LOG_0007332,MCH_L2_03,2023-06-02 17:30:00,297.99,309.4,1268,39.01,39,No Failure,0
LOG_0007333,MCH_L2_05,2023-06-02 18:00:00,301.71,310.99,1572,26.52,88,No Failure,0
LOG_0007334,MCH_L3_03,2023-06-02 18:30:00,299.99,309.17,1582,28.11,100,No Failure,0
LOG_0007335,MCH_L3_04,2023-06-02 19:00:00,304.9,314.7,1582,48.09,218,No Failure,0
LOG_0007336,MCH_L3_02,2023-06-02 19:30:00,298.31,308.58,1421,43.51,214,No Failure,0
LOG_0007337,MCH_L1_04,2023-06-02 20:00:00,301.9,311.73,1461,47.78,198,No Failure,0
LOG_0007338,MCH_L3_03,2023-06-02 20:30:00,300.97,312.2,1425,50.27,47,No Failure,0
LOG_0007339,MCH_L2_02,2023-06-02 21:00:00,299.78,309.61,1738,11.87,9,No Failure,0
LOG_0007340,MCH_L2_01,2023-06-02 21:30:00,298.91,309.72,1686,36.53,216,No Failure,0
LOG_0007341,MCH_L2_05,2023-06-02 22:00:00,301.5,311.74,1544,30.18,120,No Failure,0
LOG_0007342,MCH_L1_02,2023-06-02 22:30:00,301.36,309.81,1503,38.91,53,No Failure,0
LOG_0007343,MCH_L3_05,2023-06-02 23:00:00,300.5,312.64,1499,24.25,162,No Failure,0
LOG_0007344,MCH_L2_03,2023-06-02 23:30:00,301.06,312.45,1462,45.08,151,No Failure,0
LOG_0007345,MCH_L2_05,2023-06-03 00:00:00,300.09,309.41,1274,45.61,48,No Failure,0
LOG_0007346,MCH_L2_04,2023-06-03 00:30:00,295.9,305.77,1504,59.33,169,No Failure,0
LOG_0007347,MCH_L1_05,2023-06-03 01:00:00,300.21,310.95,1743,39.15,202,Tool Wear,1
LOG_0007348,MCH_L2_05,2023-06-03 01:30:00,299.33,309.55,1535,45.76,83,No Failure,0
LOG_0007349,MCH_L1_04,2023-06-03 02:00:00,304.87,315.0,1425,48.25,201,No Failure,0
LOG_0007350,MCH_L2_01,2023-06-03 02:30:00,301.58,312.19,1531,54.61,49,No Failure,0
LOG_0007351,MCH_L2_03,2023-06-03 03:00:00,300.5,310.92,1473,30.38,148,No Failure,0
LOG_0007352,MCH_L3_01,2023-06-03 03:30:00,301.16,311.59,1380,47.61,155,No Failure,0
LOG_0007353,MCH_L3_05,2023-06-03 04:00:00,297.44,307.55,1365,43.38,219,No Failure,0
LOG_0007354,MCH_L1_03,2023-06-03 04:30:00,298.48,309.25,1504,26.25,182,No Failure,0
LOG_0007355,MCH_L2_05,2023-06-03 05:00:00,299.16,309.41,1324,43.97,154,No Failure,0
LOG_0007356,MCH_L3_01,2023-06-03 05:30:00,300.97,311.25,1502,46.3,96,No Failure,0
LOG_0007357,MCH_L3_01,2023-06-03 06:00:00,298.91,310.56,1489,25.66,67,No Failure,0
LOG_0007358,MCH_L1_01,2023-06-03 06:30:00,298.75,309.27,1586,39.35,98,No Failure,0
LOG_0007359,MCH_L1_04,2023-06-03 07:00:00,297.33,307.73,1480,40.67,83,No Failure,0
LOG_0007360,MCH_L3_05,2023-06-03 07:30:00,300.06,308.99,1373,40.41,133,No Failure,0
LOG_0007361,MCH_L1_04,2023-06-03 08:00:00,300.41,309.4,1518,45.31,185,No Failure,0
LOG_0007362,MCH_L1_01,2023-06-03 08:30:00,301.07,312.44,1625,34.9,133,Overstrain,1
LOG_0007363,MCH_L2_04,2023-06-03 09:00:00,298.26,308.94,1436,30.7,59,No Failure,0
LOG_0007364,MCH_L1_03,2023-06-03 09:30:00,300.93,312.03,1692,44.14,80,No Failure,0
LOG_0007365,MCH_L1_05,2023-06-03 10:00:00,297.4,307.64,1513,53.36,146,No Failure,0
LOG_0007366,MCH_L2_01,2023-06-03 10:30:00,299.45,309.93,1457,52.74,112,No Failure,0
LOG_0007367,MCH_L2_03,2023-06-03 11:00:00,300.75,310.58,1424,60.32,188,No Failure,0
LOG_0007368,MCH_L2_01,2023-06-03 11:30:00,299.35,309.32,1523,36.85,16,No Failure,0
LOG_0007369,MCH_L1_03,2023-06-03 12:00:00,296.1,305.6,1488,38.57,176,No Failure,0
LOG_0007370,MCH_L2_01,2023-06-03 12:30:00,296.39,307.99,1345,21.71,130,No Failure,0
LOG_0007371,MCH_L1_01,2023-06-03 13:00:00,300.55,309.7,1691,34.77,109,No Failure,0
LOG_0007372,MCH_L1_04,2023-06-03 13:30:00,301.45,311.82,1459,26.57,33,No Failure,0
LOG_0007373,MCH_L2_01,2023-06-03 14:00:00,300.85,310.66,1689,37.07,61,No Failure,0
LOG_0007374,MCH_L2_02,2023-06-03 14:30:00,301.51,312.65,1369,51.58,187,No Failure,0
LOG_0007375,MCH_L3_01,2023-06-03 15:00:00,299.3,309.57,1615,49.05,195,No Failure,0
LOG_0007376,MCH_L3_03,2023-06-03 15:30:00,301.85,312.4,1662,37.2,86,No Failure,0
LOG_0007377,MCH_L3_01,2023-06-03 16:00:00,300.84,311.09,1652,35.11,122,No Failure,0
LOG_0007378,MCH_L2_05,2023-06-03 16:30:00,298.4,307.21,1548,33.09,122,No Failure,0
LOG_0007379,MCH_L1_03,2023-06-03 17:00:00,301.29,311.95,1619,47.33,126,No Failure,0
LOG_0007380,MCH_L2_04,2023-06-03 17:30:00,300.74,310.62,1556,37.33,81,No Failure,0
LOG_0007381,MCH_L3_02,2023-06-03 18:00:00,304.18,313.27,1376,42.24,161,No Failure,0
LOG_0007382,MCH_L3_02,2023-06-03 18:30:00,303.45,311.76,1549,45.69,156,Tool Wear,1
LOG_0007383,MCH_L2_02,2023-06-03 19:00:00,299.77,308.79,1369,46.3,59,No Failure,0
LOG_0007384,MCH_L3_04,2023-06-03 19:30:00,298.96,309.88,1352,16.33,171,Power Failure,1
LOG_0007385,MCH_L1_01,2023-06-03 20:00:00,303.9,316.01,1533,44.77,142,No Failure,0
LOG_0007386,MCH_L1_02,2023-06-03 20:30:00,301.38,311.52,1429,40.84,44,No Failure,0
LOG_0007387,MCH_L1_01,2023-06-03 21:00:00,299.56,308.36,1690,24.67,74,No Failure,0
LOG_0007388,MCH_L3_01,2023-06-03 21:30:00,295.03,305.53,1702,51.74,102,No Failure,0
LOG_0007389,MCH_L2_04,2023-06-03 22:00:00,298.11,309.4,1828,41.68,8,No Failure,0
LOG_0007390,MCH_L2_04,2023-06-03 22:30:00,297.94,310.25,1336,26.84,238,No Failure,0
LOG_0007391,MCH_L2_02,2023-06-03 23:00:00,299.63,311.15,1364,35.05,34,No Failure,0
LOG_0007392,MCH_L2_05,2023-06-03 23:30:00,301.55,311.82,1604,38.21,9,No Failure,0
LOG_0007393,MCH_L1_03,2023-06-04 00:00:00,301.93,312.62,1462,62.21,103,No Failure,0
LOG_0007394,MCH_L3_03,2023-06-04 00:30:00,303.75,312.88,1413,32.57,165,No Failure,0
LOG_0007395,MCH_L3_05,2023-06-04 01:00:00,302.33,313.29,1454,34.14,126,No Failure,0
LOG_0007396,MCH_L1_05,2023-06-04 01:30:00,296.75,307.87,1491,41.53,156,No Failure,0
LOG_0007397,MCH_L3_05,2023-06-04 02:00:00,302.58,309.58,1579,58.2,173,No Failure,0
LOG_0007398,MCH_L1_04,2023-06-04 02:30:00,304.33,314.5,1282,38.03,197,No Failure,0
LOG_0007399,MCH_L2_02,2023-06-04 03:00:00,304.21,316.0,1548,36.2,210,No Failure,0
LOG_0007400,MCH_L3_04,2023-06-04 03:30:00,296.97,306.16,1476,41.53,217,No Failure,0
LOG_0007401,MCH_L2_04,2023-06-04 04:00:00,299.52,306.97,1404,37.2,200,No Failure,0
LOG_0007402,MCH_L3_02,2023-06-04 04:30:00,302.4,312.37,1666,37.07,232,No Failure,0
LOG_0007403,MCH_L1_02,2023-06-04 05:00:00,297.1,308.39,1448,48.18,115,No Failure,0
LOG_0007404,MCH_L3_03,2023-06-04 05:30:00,295.69,306.17,1458,35.77,239,No Failure,0
LOG_0007405,MCH_L2_03,2023-06-04 06:00:00,300.78,310.81,1466,37.02,44,No Failure,0
LOG_0007406,MCH_L3_05,2023-06-04 06:30:00,298.31,307.2,1687,48.5,76,No Failure,0
LOG_0007407,MCH_L2_04,2023-06-04 07:00:00,295.92,304.6,1513,27.85,217,No Failure,0
LOG_0007408,MCH_L2_05,2023-06-04 07:30:00,303.07,313.29,1491,37.05,235,No Failure,0
LOG_0007409,MCH_L3_04,2023-06-04 08:00:00,300.41,310.34,1606,25.85,117,No Failure,0
LOG_0007410,MCH_L2_05,2023-06-04 08:30:00,298.7,309.72,1231,35.76,52,No Failure,0
LOG_0007411,MCH_L2_04,2023-06-04 09:00:00,297.59,308.12,1524,37.02,83,No Failure,0
LOG_0007412,MCH_L3_04,2023-06-04 09:30:00,300.44,309.55,1526,37.16,1,No Failure,0
LOG_0007413,MCH_L2_05,2023-06-04 10:00:00,301.29,311.6,1599,36.68,131,No Failure,0
LOG_0007414,MCH_L3_04,2023-06-04 10:30:00,300.81,310.92,1535,42.39,198,No Failure,0
LOG_0007415,MCH_L2_02,2023-06-04 11:00:00,296.2,304.2,1364,30.5,18,No Failure,0
LOG_0007416,MCH_L3_05,2023-06-04 11:30:00,301.19,310.69,1300,43.32,98,No Failure,0
LOG_0007417,MCH_L2_04,2023-06-04 12:00:00,301.74,311.81,1576,35.7,138,No Failure,0
LOG_0007418,MCH_L2_04,2023-06-04 12:30:00,299.14,309.0,1441,46.44,82,No Failure,0
LOG_0007419,MCH_L3_04,2023-06-04 13:00:00,302.6,312.98,1460,39.47,159,No Failure,0
LOG_0007420,MCH_L1_03,2023-06-04 13:30:00,297.87,307.96,1397,34.97,141,No Failure,0
LOG_0007421,MCH_L1_04,2023-06-04 14:00:00,303.23,313.64,1501,28.86,176,No Failure,0
LOG_0007422,MCH_L1_02,2023-06-04 14:30:00,300.33,310.53,1491,42.52,68,No Failure,0
LOG_0007423,MCH_L2_05,2023-06-04 15:00:00,298.76,308.73,1353,38.37,152,No Failure,0
LOG_0007424,MCH_L1_03,2023-06-04 15:30:00,299.2,309.39,1592,52.43,141,Heat Dissipation,1
LOG_0007425,MCH_L3_01,2023-06-04 16:00:00,302.5,312.07,1414,53.08,166,No Failure,0
LOG_0007426,MCH_L3_01,2023-06-04 16:30:00,300.59,310.09,1671,35.87,139,No Failure,0
LOG_0007427,MCH_L1_05,2023-06-04 17:00:00,301.61,311.73,1525,19.96,123,No Failure,0
LOG_0007428,MCH_L1_05,2023-06-04 17:30:00,302.69,310.28,1489,47.54,176,No Failure,0
LOG_0007429,MCH_L2_01,2023-06-04 18:00:00,298.69,308.24,1318,35.48,83,No Failure,0
LOG_0007430,MCH_L3_03,2023-06-04 18:30:00,300.32,309.47,1564,37.02,117,No Failure,0
LOG_0007431,MCH_L2_02,2023-06-04 19:00:00,299.44,308.44,1495,50.15,116,No Failure,0
LOG_0007432,MCH_L2_02,2023-06-04 19:30:00,302.54,312.16,1520,42.95,17,No Failure,0
LOG_0007433,MCH_L1_01,2023-06-04 20:00:00,299.04,307.43,1658,47.21,0,No Failure,0
LOG_0007434,MCH_L3_04,2023-06-04 20:30:00,300.12,309.75,1604,49.04,106,No Failure,0
LOG_0007435,MCH_L1_02,2023-06-04 21:00:00,305.74,316.02,1633,38.57,3,No Failure,0
LOG_0007436,MCH_L3_02,2023-06-04 21:30:00,303.21,314.47,1210,45.82,11,No Failure,0
LOG_0007437,MCH_L2_04,2023-06-04 22:00:00,297.41,310.05,1474,40.9,153,No Failure,0
LOG_0007438,MCH_L2_05,2023-06-04 22:30:00,302.25,310.06,1308,44.59,159,No Failure,0
LOG_0007439,MCH_L1_02,2023-06-04 23:00:00,301.72,310.6,1556,41.32,100,No Failure,0
LOG_0007440,MCH_L2_01,2023-06-04 23:30:00,297.25,306.88,1274,51.57,78,No Failure,0
LOG_0007441,MCH_L3_01,2023-06-05 00:00:00,299.72,309.89,1626,29.11,51,No Failure,0
LOG_0007442,MCH_L3_01,2023-06-05 00:30:00,297.63,308.07,1688,36.31,98,No Failure,0
LOG_0007443,MCH_L1_01,2023-06-05 01:00:00,294.02,303.29,1477,39.24,89,No Failure,0
LOG_0007444,MCH_L1_03,2023-06-05 01:30:00,299.64,306.61,1541,41.03,14,No Failure,0
LOG_0007445,MCH_L1_02,2023-06-05 02:00:00,298.73,309.97,1686,29.1,135,No Failure,0
LOG_0007446,MCH_L1_03,2023-06-05 02:30:00,297.25,307.85,1750,33.68,219,No Failure,0
LOG_0007447,MCH_L1_05,2023-06-05 03:00:00,299.98,310.84,1702,40.31,29,No Failure,0
LOG_0007448,MCH_L3_01,2023-06-05 03:30:00,294.7,304.44,1564,35.38,181,No Failure,0
LOG_0007449,MCH_L2_05,2023-06-05 04:00:00,300.1,310.52,1693,25.42,234,No Failure,0
LOG_0007450,MCH_L2_01,2023-06-05 04:30:00,300.04,307.64,1384,36.9,126,No Failure,0
LOG_0007451,MCH_L2_04,2023-06-05 05:00:00,301.7,310.42,1417,29.69,125,No Failure,0
LOG_0007452,MCH_L3_02,2023-06-05 05:30:00,295.99,307.42,1612,45.11,235,Heat Dissipation,1
LOG_0007453,MCH_L3_01,2023-06-05 06:00:00,305.35,315.39,1503,42.5,194,No Failure,0
LOG_0007454,MCH_L3_05,2023-06-05 06:30:00,304.39,316.63,1580,47.66,197,No Failure,0
LOG_0007455,MCH_L3_05,2023-06-05 07:00:00,298.07,306.9,1609,41.77,94,No Failure,0
LOG_0007456,MCH_L2_05,2023-06-05 07:30:00,303.65,316.71,1611,30.87,217,No Failure,0
LOG_0007457,MCH_L3_02,2023-06-05 08:00:00,302.14,315.37,1277,13.26,7,No Failure,0
LOG_0007458,MCH_L3_02,2023-06-05 08:30:00,298.9,308.13,1581,49.72,230,No Failure,0
LOG_0007459,MCH_L3_03,2023-06-05 09:00:00,298.48,307.93,1424,36.38,190,No Failure,0
LOG_0007460,MCH_L1_04,2023-06-05 09:30:00,298.67,310.17,1530,21.03,92,Overstrain,1
LOG_0007461,MCH_L2_02,2023-06-05 10:00:00,307.07,316.39,1446,53.32,144,No Failure,0
LOG_0007462,MCH_L2_01,2023-06-05 10:30:00,303.4,313.08,1449,44.91,15,No Failure,0
LOG_0007463,MCH_L1_02,2023-06-05 11:00:00,299.49,308.61,1425,53.2,112,No Failure,0
LOG_0007464,MCH_L2_05,2023-06-05 11:30:00,299.71,308.86,1591,43.63,44,No Failure,0
LOG_0007465,MCH_L3_01,2023-06-05 12:00:00,302.12,312.26,1479,45.65,195,No Failure,0
LOG_0007466,MCH_L3_01,2023-06-05 12:30:00,302.01,311.68,1470,35.68,137,No Failure,0
LOG_0007467,MCH_L3_01,2023-06-05 13:00:00,297.61,305.1,1460,46.05,207,No Failure,0
LOG_0007468,MCH_L3_05,2023-06-05 13:30:00,300.74,312.47,1570,56.46,146,No Failure,0
LOG_0007469,MCH_L3_05,2023-06-05 14:00:00,298.62,310.54,1397,47.05,166,No Failure,0
LOG_0007470,MCH_L2_03,2023-06-05 14:30:00,300.38,310.99,1690,36.97,49,No Failure,0
LOG_0007471,MCH_L2_02,2023-06-05 15:00:00,299.88,310.03,1421,28.86,204,No Failure,0
LOG_0007472,MCH_L3_05,2023-06-05 15:30:00,302.54,311.42,1447,49.73,59,No Failure,0
LOG_0007473,MCH_L3_05,2023-06-05 16:00:00,299.33,308.78,1502,40.5,67,No Failure,0
LOG_0007474,MCH_L2_02,2023-06-05 16:30:00,300.3,311.61,1556,40.87,126,No Failure,0
LOG_0007475,MCH_L3_04,2023-06-05 17:00:00,295.3,306.02,1477,23.18,159,No Failure,0
LOG_0007476,MCH_L3_05,2023-06-05 17:30:00,300.81,311.36,1471,22.56,209,No Failure,0
LOG_0007477,MCH_L2_03,2023-06-05 18:00:00,298.05,308.65,1629,40.73,79,No Failure,0
LOG_0007478,MCH_L3_02,2023-06-05 18:30:00,296.21,307.48,1227,32.36,88,No Failure,0
LOG_0007479,MCH_L3_02,2023-06-05 19:00:00,302.82,313.91,1430,41.78,191,No Failure,0
LOG_0007480,MCH_L3_03,2023-06-05 19:30:00,299.9,310.73,1400,48.1,207,No Failure,0
LOG_0007481,MCH_L3_04,2023-06-05 20:00:00,294.81,304.39,1451,35.18,85,No Failure,0
LOG_0007482,MCH_L3_01,2023-06-05 20:30:00,298.04,310.06,1667,41.99,151,Tool Wear,1
LOG_0007483,MCH_L1_01,2023-06-05 21:00:00,300.01,309.43,1418,39.01,27,No Failure,0
LOG_0007484,MCH_L3_05,2023-06-05 21:30:00,300.09,309.05,1488,65.09,150,No Failure,0
LOG_0007485,MCH_L3_03,2023-06-05 22:00:00,298.75,308.07,1565,35.51,62,No Failure,0
LOG_0007486,MCH_L1_01,2023-06-05 22:30:00,291.59,300.16,1405,34.07,117,No Failure,0
LOG_0007487,MCH_L2_03,2023-06-05 23:00:00,298.62,309.32,1225,36.13,126,No Failure,0
LOG_0007488,MCH_L1_04,2023-06-05 23:30:00,302.68,312.66,1192,49.9,183,No Failure,0
LOG_0007489,MCH_L1_05,2023-06-06 00:00:00,303.51,314.86,1659,35.79,212,No Failure,0
LOG_0007490,MCH_L2_03,2023-06-06 00:30:00,298.48,305.54,1554,46.29,72,No Failure,0
LOG_0007491,MCH_L1_05,2023-06-06 01:00:00,304.71,314.96,1460,40.3,65,No Failure,0
LOG_0007492,MCH_L2_05,2023-06-06 01:30:00,295.96,305.65,1458,40.53,165,No Failure,0
LOG_0007493,MCH_L1_04,2023-06-06 02:00:00,297.97,307.56,1397,53.6,27,No Failure,0
LOG_0007494,MCH_L3_02,2023-06-06 02:30:00,302.23,310.98,1519,24.65,153,Heat Dissipation,1
LOG_0007495,MCH_L2_01,2023-06-06 03:00:00,301.84,311.89,1586,41.13,187,No Failure,0
LOG_0007496,MCH_L3_03,2023-06-06 03:30:00,299.98,309.06,1392,45.93,59,No Failure,0
LOG_0007497,MCH_L3_05,2023-06-06 04:00:00,297.2,309.02,1531,43.35,218,No Failure,0
LOG_0007498,MCH_L3_02,2023-06-06 04:30:00,297.2,307.95,1396,27.54,182,No Failure,0
LOG_0007499,MCH_L1_05,2023-06-06 05:00:00,298.19,309.37,1489,30.31,127,Tool Wear,1
LOG_0007500,MCH_L3_04,2023-06-06 05:30:00,297.3,305.21,1432,42.37,24,No Failure,0
LOG_0007501,MCH_L2_02,2023-06-06 06:00:00,300.33,311.39,1609,20.15,148,No Failure,0
LOG_0007502,MCH_L3_04,2023-06-06 06:30:00,299.77,310.72,1500,35.5,229,No Failure,0
LOG_0007503,MCH_L2_05,2023-06-06 07:00:00,297.1,306.61,1361,29.54,24,Heat Dissipation,1
LOG_0007504,MCH_L2_02,2023-06-06 07:30:00,299.11,308.89,1490,41.64,57,No Failure,0
LOG_0007505,MCH_L3_03,2023-06-06 08:00:00,293.38,302.2,1618,38.66,37,No Failure,0
LOG_0007506,MCH_L1_04,2023-06-06 08:30:00,300.85,310.48,1355,43.22,45,Overstrain,1
LOG_0007507,MCH_L3_02,2023-06-06 09:00:00,301.79,312.47,1466,32.63,202,No Failure,0
LOG_0007508,MCH_L3_03,2023-06-06 09:30:00,297.72,306.92,1452,42.26,219,No Failure,0
LOG_0007509,MCH_L1_05,2023-06-06 10:00:00,298.03,308.07,1525,40.03,112,No Failure,0
LOG_0007510,MCH_L3_03,2023-06-06 10:30:00,300.64,313.69,1474,32.7,99,No Failure,0
LOG_0007511,MCH_L1_03,2023-06-06 11:00:00,300.27,309.1,1543,49.31,131,No Failure,0
LOG_0007512,MCH_L3_05,2023-06-06 11:30:00,301.93,312.33,1414,45.94,146,No Failure,0
LOG_0007513,MCH_L1_04,2023-06-06 12:00:00,298.06,306.82,1479,34.58,189,No Failure,0
LOG_0007514,MCH_L3_05,2023-06-06 12:30:00,298.35,306.57,1475,33.3,23,No Failure,0
LOG_0007515,MCH_L3_04,2023-06-06 13:00:00,299.45,310.41,1714,47.89,213,No Failure,0
LOG_0007516,MCH_L1_04,2023-06-06 13:30:00,297.33,306.84,1537,26.3,54,No Failure,0
LOG_0007517,MCH_L1_03,2023-06-06 14:00:00,299.39,311.31,1601,29.01,239,No Failure,0
LOG_0007518,MCH_L3_03,2023-06-06 14:30:00,297.38,308.06,1720,44.08,152,No Failure,0
LOG_0007519,MCH_L2_05,2023-06-06 15:00:00,301.04,310.1,1530,55.43,71,No Failure,0
LOG_0007520,MCH_L1_05,2023-06-06 15:30:00,297.66,306.61,1472,34.86,126,No Failure,0
LOG_0007521,MCH_L1_05,2023-06-06 16:00:00,300.63,311.49,1381,35.84,211,No Failure,0
LOG_0007522,MCH_L3_01,2023-06-06 16:30:00,303.64,312.38,1352,38.13,64,No Failure,0
LOG_0007523,MCH_L2_02,2023-06-06 17:00:00,301.07,309.77,1241,35.97,67,No Failure,0
LOG_0007524,MCH_L1_04,2023-06-06 17:30:00,300.44,308.38,1606,36.37,139,No Failure,0
LOG_0007525,MCH_L3_03,2023-06-06 18:00:00,296.59,307.34,1554,34.79,152,No Failure,0
LOG_0007526,MCH_L1_04,2023-06-06 18:30:00,303.47,312.5,1472,41.59,148,No Failure,0
LOG_0007527,MCH_L2_04,2023-06-06 19:00:00,302.79,313.22,1469,45.9,146,No Failure,0
LOG_0007528,MCH_L2_01,2023-06-06 19:30:00,299.61,308.05,1379,41.34,225,No Failure,0
LOG_0007529,MCH_L3_05,2023-06-06 20:00:00,299.04,307.07,1559,38.62,69,No Failure,0
LOG_0007530,MCH_L1_04,2023-06-06 20:30:00,297.97,308.83,1427,34.84,179,No Failure,0
LOG_0007531,MCH_L1_02,2023-06-06 21:00:00,304.47,314.28,1468,30.0,53,No Failure,0
LOG_0007532,MCH_L2_01,2023-06-06 21:30:00,301.96,311.15,1366,28.96,162,No Failure,0
LOG_0007533,MCH_L1_02,2023-06-06 22:00:00,298.1,307.52,1387,27.27,2,Overstrain,1
LOG_0007534,MCH_L1_05,2023-06-06 22:30:00,302.75,312.17,1611,45.37,32,No Failure,0
LOG_0007535,MCH_L2_01,2023-06-06 23:00:00,303.35,315.79,1633,35.05,200,No Failure,0
LOG_0007536,MCH_L1_04,2023-06-06 23:30:00,299.95,310.27,1351,43.37,6,No Failure,0
LOG_0007537,MCH_L3_04,2023-06-07 00:00:00,299.14,309.31,1571,33.93,104,No Failure,0
LOG_0007538,MCH_L3_03,2023-06-07 00:30:00,297.52,306.62,1411,39.38,154,No Failure,0
LOG_0007539,MCH_L1_03,2023-06-07 01:00:00,301.77,312.71,1440,37.12,0,No Failure,0
LOG_0007540,MCH_L2_02,2023-06-07 01:30:00,298.93,307.55,1644,53.37,167,No Failure,0
LOG_0007541,MCH_L1_02,2023-06-07 02:00:00,298.83,309.45,1465,35.95,145,No Failure,0
LOG_0007542,MCH_L3_03,2023-06-07 02:30:00,299.97,310.6,1464,47.16,162,No Failure,0
LOG_0007543,MCH_L3_01,2023-06-07 03:00:00,297.95,309.17,1303,28.13,80,Tool Wear,1
LOG_0007544,MCH_L3_04,2023-06-07 03:30:00,303.82,311.46,1459,51.51,38,No Failure,0
LOG_0007545,MCH_L2_01,2023-06-07 04:00:00,302.42,313.77,1424,47.05,123,No Failure,0
LOG_0007546,MCH_L3_03,2023-06-07 04:30:00,300.19,310.61,1555,35.01,10,No Failure,0
LOG_0007547,MCH_L1_04,2023-06-07 05:00:00,297.87,306.96,1434,34.87,100,No Failure,0
LOG_0007548,MCH_L2_01,2023-06-07 05:30:00,298.01,305.42,1646,50.14,44,Power Failure,1
LOG_0007549,MCH_L1_04,2023-06-07 06:00:00,297.9,307.41,1547,47.91,202,No Failure,0
LOG_0007550,MCH_L1_04,2023-06-07 06:30:00,296.92,307.14,1523,37.99,130,No Failure,0
LOG_0007551,MCH_L3_05,2023-06-07 07:00:00,300.81,308.99,1584,32.69,204,No Failure,0
LOG_0007552,MCH_L1_04,2023-06-07 07:30:00,298.39,307.37,1524,49.15,179,No Failure,0
LOG_0007553,MCH_L2_04,2023-06-07 08:00:00,298.25,306.73,1587,35.99,59,Tool Wear,1
LOG_0007554,MCH_L2_02,2023-06-07 08:30:00,297.97,307.45,1482,42.85,91,No Failure,0
LOG_0007555,MCH_L1_03,2023-06-07 09:00:00,302.51,311.2,1489,35.16,57,No Failure,0
LOG_0007556,MCH_L1_03,2023-06-07 09:30:00,298.1,310.7,1403,38.13,229,No Failure,0
LOG_0007557,MCH_L2_01,2023-06-07 10:00:00,303.17,314.21,1414,56.19,181,No Failure,0
LOG_0007558,MCH_L2_01,2023-06-07 10:30:00,299.28,307.95,1656,39.35,110,No Failure,0
LOG_0007559,MCH_L1_04,2023-06-07 11:00:00,296.89,305.74,1555,52.23,33,No Failure,0
LOG_0007560,MCH_L3_05,2023-06-07 11:30:00,301.17,309.39,1315,27.06,155,No Failure,0
LOG_0007561,MCH_L3_05,2023-06-07 12:00:00,302.22,312.04,1626,25.27,60,No Failure,0
LOG_0007562,MCH_L2_04,2023-06-07 12:30:00,297.85,309.98,1515,44.96,193,Overstrain,1
LOG_0007563,MCH_L1_04,2023-06-07 13:00:00,300.16,311.6,1404,33.46,120,No Failure,0
LOG_0007564,MCH_L2_04,2023-06-07 13:30:00,300.8,311.04,1714,39.8,109,No Failure,0
LOG_0007565,MCH_L1_04,2023-06-07 14:00:00,300.24,309.89,1651,21.98,193,No Failure,0
LOG_0007566,MCH_L1_02,2023-06-07 14:30:00,298.85,309.51,1590,22.73,164,No Failure,0
LOG_0007567,MCH_L1_02,2023-06-07 15:00:00,302.2,312.54,1519,40.12,143,No Failure,0
LOG_0007568,MCH_L1_05,2023-06-07 15:30:00,299.37,309.89,1540,35.88,199,No Failure,0
LOG_0007569,MCH_L1_04,2023-06-07 16:00:00,298.49,308.73,1239,37.15,231,No Failure,0
LOG_0007570,MCH_L2_02,2023-06-07 16:30:00,295.59,306.12,1589,54.18,124,No Failure,0
LOG_0007571,MCH_L3_04,2023-06-07 17:00:00,295.61,303.91,1521,44.05,202,No Failure,0
LOG_0007572,MCH_L3_01,2023-06-07 17:30:00,300.54,310.4,1529,58.23,172,No Failure,0
LOG_0007573,MCH_L1_05,2023-06-07 18:00:00,299.81,310.09,1526,40.64,14,No Failure,0
LOG_0007574,MCH_L2_01,2023-06-07 18:30:00,302.22,311.7,1443,52.71,3,No Failure,0
LOG_0007575,MCH_L2_05,2023-06-07 19:00:00,302.83,311.33,1386,48.36,22,No Failure,0
LOG_0007576,MCH_L1_04,2023-06-07 19:30:00,299.39,309.4,1511,35.7,199,No Failure,0
LOG_0007577,MCH_L3_03,2023-06-07 20:00:00,302.37,317.35,1339,38.53,79,No Failure,0
LOG_0007578,MCH_L3_02,2023-06-07 20:30:00,298.6,307.61,1533,36.98,15,No Failure,0
LOG_0007579,MCH_L1_02,2023-06-07 21:00:00,299.63,309.46,1376,49.13,87,No Failure,0
LOG_0007580,MCH_L3_03,2023-06-07 21:30:00,299.55,311.06,1615,42.35,52,Power Failure,1
LOG_0007581,MCH_L2_05,2023-06-07 22:00:00,303.95,316.08,1328,32.18,9,No Failure,0
LOG_0007582,MCH_L2_04,2023-06-07 22:30:00,296.8,306.1,1494,29.06,161,No Failure,0
LOG_0007583,MCH_L2_05,2023-06-07 23:00:00,300.15,311.31,1508,29.35,145,No Failure,0
LOG_0007584,MCH_L3_05,2023-06-07 23:30:00,298.26,309.21,1646,32.39,52,Overstrain,1
LOG_0007585,MCH_L2_02,2023-06-08 00:00:00,299.25,308.64,1530,31.94,15,No Failure,0
LOG_0007586,MCH_L1_04,2023-06-08 00:30:00,299.15,309.9,1402,29.74,127,No Failure,0
LOG_0007587,MCH_L1_03,2023-06-08 01:00:00,300.18,309.97,1392,49.53,227,No Failure,0
LOG_0007588,MCH_L2_05,2023-06-08 01:30:00,303.37,312.62,1673,26.99,189,Heat Dissipation,1
LOG_0007589,MCH_L3_04,2023-06-08 02:00:00,304.76,316.82,1495,43.45,179,No Failure,0
LOG_0007590,MCH_L3_05,2023-06-08 02:30:00,301.64,312.42,1476,59.38,114,No Failure,0
LOG_0007591,MCH_L1_03,2023-06-08 03:00:00,297.55,305.53,1416,40.74,56,No Failure,0
LOG_0007592,MCH_L2_04,2023-06-08 03:30:00,299.56,309.41,1354,40.77,199,No Failure,0
LOG_0007593,MCH_L1_05,2023-06-08 04:00:00,300.65,310.03,1728,41.94,191,No Failure,0
LOG_0007594,MCH_L3_03,2023-06-08 04:30:00,298.98,308.73,1507,27.45,211,No Failure,0
LOG_0007595,MCH_L3_05,2023-06-08 05:00:00,299.31,309.93,1367,43.68,22,No Failure,0
LOG_0007596,MCH_L1_03,2023-06-08 05:30:00,299.82,310.17,1589,42.85,39,No Failure,0
LOG_0007597,MCH_L3_05,2023-06-08 06:00:00,301.93,313.65,1571,39.65,141,No Failure,0
LOG_0007598,MCH_L1_05,2023-06-08 06:30:00,301.33,312.8,1350,25.64,79,Heat Dissipation,1
LOG_0007599,MCH_L1_02,2023-06-08 07:00:00,298.47,307.01,1429,56.09,229,No Failure,0
LOG_0007600,MCH_L3_01,2023-06-08 07:30:00,301.48,311.36,1555,42.02,17,No Failure,0
LOG_0007601,MCH_L1_04,2023-06-08 08:00:00,304.31,311.97,1587,29.61,231,No Failure,0
LOG_0007602,MCH_L2_05,2023-06-08 08:30:00,296.22,305.02,1408,31.46,221,No Failure,0
LOG_0007603,MCH_L1_02,2023-06-08 09:00:00,298.91,306.4,1276,33.39,163,No Failure,0
LOG_0007604,MCH_L1_02,2023-06-08 09:30:00,298.72,306.84,1529,53.5,227,No Failure,0
LOG_0007605,MCH_L3_02,2023-06-08 10:00:00,300.2,311.88,1602,38.95,166,No Failure,0
LOG_0007606,MCH_L2_03,2023-06-08 10:30:00,295.44,306.34,1493,38.95,103,No Failure,0
LOG_0007607,MCH_L1_01,2023-06-08 11:00:00,303.4,314.14,1463,35.5,168,No Failure,0
LOG_0007608,MCH_L3_04,2023-06-08 11:30:00,300.12,311.53,1690,48.72,0,No Failure,0
LOG_0007609,MCH_L2_02,2023-06-08 12:00:00,300.75,311.49,1258,49.16,80,No Failure,0
LOG_0007610,MCH_L1_05,2023-06-08 12:30:00,300.46,310.36,1586,27.14,91,No Failure,0
LOG_0007611,MCH_L3_05,2023-06-08 13:00:00,298.71,308.0,1594,39.15,198,No Failure,0
LOG_0007612,MCH_L3_01,2023-06-08 13:30:00,301.75,313.78,1407,38.17,211,No Failure,0
LOG_0007613,MCH_L2_03,2023-06-08 14:00:00,300.01,311.58,1222,31.89,169,No Failure,0
LOG_0007614,MCH_L1_01,2023-06-08 14:30:00,294.79,304.53,1590,35.05,151,No Failure,0
LOG_0007615,MCH_L3_01,2023-06-08 15:00:00,299.73,310.65,1538,37.52,116,No Failure,0
LOG_0007616,MCH_L2_02,2023-06-08 15:30:00,299.31,305.96,1670,31.43,64,Heat Dissipation,1
LOG_0007617,MCH_L1_05,2023-06-08 16:00:00,301.74,312.72,1432,42.49,17,No Failure,0
LOG_0007618,MCH_L1_04,2023-06-08 16:30:00,306.75,316.15,1520,42.3,89,No Failure,0
LOG_0007619,MCH_L2_02,2023-06-08 17:00:00,300.94,314.19,1298,44.4,13,No Failure,0
LOG_0007620,MCH_L2_05,2023-06-08 17:30:00,305.3,316.68,1586,36.02,18,No Failure,0
LOG_0007621,MCH_L3_05,2023-06-08 18:00:00,298.28,305.91,1316,21.73,81,No Failure,0
LOG_0007622,MCH_L1_02,2023-06-08 18:30:00,298.44,307.59,1495,33.93,108,No Failure,0
LOG_0007623,MCH_L3_02,2023-06-08 19:00:00,299.38,309.45,1375,31.06,6,No Failure,0
LOG_0007624,MCH_L3_05,2023-06-08 19:30:00,301.06,311.01,1540,38.56,63,No Failure,0
LOG_0007625,MCH_L1_01,2023-06-08 20:00:00,298.4,308.29,1477,44.87,1,No Failure,0
LOG_0007626,MCH_L1_01,2023-06-08 20:30:00,295.97,307.15,1472,56.06,6,No Failure,0
LOG_0007627,MCH_L3_01,2023-06-08 21:00:00,300.06,309.41,1492,32.3,27,No Failure,0
LOG_0007628,MCH_L3_02,2023-06-08 21:30:00,297.14,307.05,1503,41.09,91,No Failure,0
LOG_0007629,MCH_L1_01,2023-06-08 22:00:00,302.79,314.62,1668,41.48,233,No Failure,0
LOG_0007630,MCH_L3_05,2023-06-08 22:30:00,301.61,313.46,1556,52.24,80,No Failure,0
LOG_0007631,MCH_L3_02,2023-06-08 23:00:00,298.1,309.27,1417,41.87,29,No Failure,0
LOG_0007632,MCH_L1_05,2023-06-08 23:30:00,301.14,310.72,1427,36.91,84,No Failure,0
LOG_0007633,MCH_L2_05,2023-06-09 00:00:00,298.63,307.78,1621,39.64,228,No Failure,0
LOG_0007634,MCH_L2_02,2023-06-09 00:30:00,299.87,309.82,1371,42.96,200,No Failure,0
LOG_0007635,MCH_L1_02,2023-06-09 01:00:00,299.9,309.93,1501,46.28,35,No Failure,0
LOG_0007636,MCH_L2_05,2023-06-09 01:30:00,299.16,309.12,1297,54.46,115,No Failure,0
LOG_0007637,MCH_L2_03,2023-06-09 02:00:00,302.08,312.75,1485,53.6,21,No Failure,0
LOG_0007638,MCH_L1_04,2023-06-09 02:30:00,297.2,307.63,1367,33.52,78,No Failure,0
LOG_0007639,MCH_L3_02,2023-06-09 03:00:00,301.34,311.72,1422,27.21,77,No Failure,0
LOG_0007640,MCH_L1_03,2023-06-09 03:30:00,300.76,310.2,1522,29.38,154,No Failure,0
LOG_0007641,MCH_L2_05,2023-06-09 04:00:00,296.49,305.05,1572,42.04,209,No Failure,0
LOG_0007642,MCH_L3_01,2023-06-09 04:30:00,298.01,308.84,1414,49.58,125,No Failure,0
LOG_0007643,MCH_L2_03,2023-06-09 05:00:00,297.27,307.34,1634,37.93,9,No Failure,0
LOG_0007644,MCH_L1_02,2023-06-09 05:30:00,299.08,309.57,1357,31.85,239,No Failure,0
LOG_0007645,MCH_L3_01,2023-06-09 06:00:00,300.12,310.64,1593,27.54,21,No Failure,0
LOG_0007646,MCH_L3_01,2023-06-09 06:30:00,297.68,305.25,1449,53.48,150,No Failure,0
LOG_0007647,MCH_L3_03,2023-06-09 07:00:00,302.42,314.49,1614,35.88,51,No Failure,0
LOG_0007648,MCH_L1_03,2023-06-09 07:30:00,302.64,311.96,1449,26.89,169,Overstrain,1
LOG_0007649,MCH_L3_02,2023-06-09 08:00:00,303.09,314.74,1416,39.78,168,No Failure,0
LOG_0007650,MCH_L1_03,2023-06-09 08:30:00,293.2,303.71,1573,40.03,47,No Failure,0
LOG_0007651,MCH_L2_05,2023-06-09 09:00:00,304.87,313.58,1552,47.52,68,No Failure,0
LOG_0007652,MCH_L3_01,2023-06-09 09:30:00,300.42,309.57,1435,29.86,178,No Failure,0
LOG_0007653,MCH_L1_01,2023-06-09 10:00:00,300.12,309.29,1565,49.89,216,No Failure,0
LOG_0007654,MCH_L2_01,2023-06-09 10:30:00,299.75,308.99,1484,51.19,0,No Failure,0
LOG_0007655,MCH_L1_02,2023-06-09 11:00:00,296.7,304.58,1517,40.79,215,No Failure,0
LOG_0007656,MCH_L1_01,2023-06-09 11:30:00,300.9,309.94,1540,45.15,96,No Failure,0
LOG_0007657,MCH_L1_02,2023-06-09 12:00:00,304.03,315.19,1331,46.9,183,No Failure,0
LOG_0007658,MCH_L3_02,2023-06-09 12:30:00,300.39,311.67,1500,34.9,228,No Failure,0
LOG_0007659,MCH_L2_01,2023-06-09 13:00:00,297.21,306.4,1324,28.2,70,No Failure,0
LOG_0007660,MCH_L3_04,2023-06-09 13:30:00,296.19,303.94,1374,34.99,151,No Failure,0
LOG_0007661,MCH_L1_04,2023-06-09 14:00:00,299.26,310.02,1486,25.06,142,No Failure,0
LOG_0007662,MCH_L2_01,2023-06-09 14:30:00,298.14,306.85,1617,44.02,202,No Failure,0
LOG_0007663,MCH_L3_02,2023-06-09 15:00:00,301.76,310.56,1471,53.59,171,No Failure,0
LOG_0007664,MCH_L2_04,2023-06-09 15:30:00,303.43,313.09,1457,32.69,80,Overstrain,1
LOG_0007665,MCH_L3_03,2023-06-09 16:00:00,301.17,310.72,1445,36.07,48,No Failure,0
LOG_0007666,MCH_L2_05,2023-06-09 16:30:00,299.79,308.84,1547,37.86,214,No Failure,0
LOG_0007667,MCH_L3_02,2023-06-09 17:00:00,299.67,308.83,1365,57.54,176,No Failure,0
LOG_0007668,MCH_L2_05,2023-06-09 17:30:00,300.18,309.58,1331,36.14,195,No Failure,0
LOG_0007669,MCH_L2_03,2023-06-09 18:00:00,297.1,306.24,1662,49.51,94,No Failure,0
LOG_0007670,MCH_L1_01,2023-06-09 18:30:00,301.51,310.73,1549,40.31,117,No Failure,0
LOG_0007671,MCH_L3_03,2023-06-09 19:00:00,297.3,306.93,1415,13.06,97,No Failure,0
LOG_0007672,MCH_L2_03,2023-06-09 19:30:00,302.79,313.21,1422,35.74,73,No Failure,0
LOG_0007673,MCH_L2_04,2023-06-09 20:00:00,299.09,309.39,1433,47.47,36,No Failure,0
LOG_0007674,MCH_L2_01,2023-06-09 20:30:00,302.08,311.43,1343,35.79,73,Tool Wear,1
LOG_0007675,MCH_L2_05,2023-06-09 21:00:00,296.32,305.94,1462,44.35,169,No Failure,0
LOG_0007676,MCH_L3_05,2023-06-09 21:30:00,302.06,313.67,1502,54.73,186,No Failure,0
LOG_0007677,MCH_L1_05,2023-06-09 22:00:00,303.41,314.59,1662,44.4,127,No Failure,0
LOG_0007678,MCH_L2_01,2023-06-09 22:30:00,296.8,307.46,1512,34.6,202,No Failure,0
LOG_0007679,MCH_L3_03,2023-06-09 23:00:00,299.72,307.59,1589,46.04,222,No Failure,0
LOG_0007680,MCH_L2_01,2023-06-09 23:30:00,300.84,310.97,1465,44.15,9,Heat Dissipation,1
LOG_0007681,MCH_L2_04,2023-06-10 00:00:00,300.96,310.15,1444,48.25,234,No Failure,0
LOG_0007682,MCH_L1_04,2023-06-10 00:30:00,299.15,308.0,1499,39.21,101,No Failure,0
LOG_0007683,MCH_L1_02,2023-06-10 01:00:00,298.71,308.28,1602,33.12,52,No Failure,0
LOG_0007684,MCH_L3_01,2023-06-10 01:30:00,300.63,311.89,1428,44.57,169,No Failure,0
LOG_0007685,MCH_L3_01,2023-06-10 02:00:00,300.88,311.95,1526,44.84,135,No Failure,0
LOG_0007686,MCH_L2_04,2023-06-10 02:30:00,298.43,307.69,1523,35.49,74,No Failure,0
LOG_0007687,MCH_L1_02,2023-06-10 03:00:00,297.94,308.04,1497,26.89,83,No Failure,0
LOG_0007688,MCH_L2_05,2023-06-10 03:30:00,303.03,312.52,1603,36.12,151,No Failure,0
LOG_0007689,MCH_L2_04,2023-06-10 04:00:00,300.27,309.98,1505,30.0,50,No Failure,0
LOG_0007690,MCH_L1_02,2023-06-10 04:30:00,294.32,305.52,1483,37.71,70,No Failure,0
LOG_0007691,MCH_L3_02,2023-06-10 05:00:00,303.04,312.96,1493,46.61,187,Overstrain,1
LOG_0007692,MCH_L2_03,2023-06-10 05:30:00,298.51,306.4,1245,22.96,148,No Failure,0
LOG_0007693,MCH_L2_04,2023-06-10 06:00:00,300.17,310.34,1480,42.64,107,No Failure,0
LOG_0007694,MCH_L3_02,2023-06-10 06:30:00,300.94,313.12,1372,43.5,180,No Failure,0
LOG_0007695,MCH_L2_05,2023-06-10 07:00:00,296.29,305.45,1475,32.14,5,No Failure,0
LOG_0007696,MCH_L2_04,2023-06-10 07:30:00,299.28,311.14,1497,42.96,30,No Failure,0
LOG_0007697,MCH_L2_05,2023-06-10 08:00:00,303.29,314.03,1555,49.94,139,Power Failure,1
LOG_0007698,MCH_L2_04,2023-06-10 08:30:00,302.72,314.13,1741,43.67,100,Heat Dissipation,1
LOG_0007699,MCH_L1_02,2023-06-10 09:00:00,299.27,310.32,1661,57.49,140,No Failure,0
LOG_0007700,MCH_L1_04,2023-06-10 09:30:00,301.79,312.0,1498,40.71,48,No Failure,0
LOG_0007701,MCH_L2_02,2023-06-10 10:00:00,302.12,311.38,1567,48.53,30,No Failure,0
LOG_0007702,MCH_L3_02,2023-06-10 10:30:00,301.99,312.2,1451,57.28,8,No Failure,0
LOG_0007703,MCH_L1_02,2023-06-10 11:00:00,297.13,307.41,1522,44.32,154,No Failure,0
LOG_0007704,MCH_L1_01,2023-06-10 11:30:00,304.1,315.27,1525,54.9,115,No Failure,0
LOG_0007705,MCH_L1_03,2023-06-10 12:00:00,298.84,306.14,1382,43.88,180,No Failure,0
LOG_0007706,MCH_L3_02,2023-06-10 12:30:00,300.27,308.55,1444,52.38,208,No Failure,0
LOG_0007707,MCH_L1_04,2023-06-10 13:00:00,299.12,309.4,1296,30.5,114,Power Failure,1
LOG_0007708,MCH_L2_03,2023-06-10 13:30:00,300.57,310.97,1478,40.52,50,No Failure,0
LOG_0007709,MCH_L2_01,2023-06-10 14:00:00,297.84,306.8,1495,61.0,71,Overstrain,1
LOG_0007710,MCH_L3_01,2023-06-10 14:30:00,299.44,309.87,1491,24.53,154,No Failure,0
LOG_0007711,MCH_L1_02,2023-06-10 15:00:00,300.46,311.27,1379,33.45,127,No Failure,0
LOG_0007712,MCH_L3_05,2023-06-10 15:30:00,303.06,312.83,1490,58.49,167,No Failure,0
LOG_0007713,MCH_L2_04,2023-06-10 16:00:00,302.76,314.48,1519,39.09,61,No Failure,0
LOG_0007714,MCH_L3_04,2023-06-10 16:30:00,302.89,314.83,1555,39.08,57,No Failure,0
LOG_0007715,MCH_L1_02,2023-06-10 17:00:00,302.17,312.32,1532,47.79,142,No Failure,0
LOG_0007716,MCH_L3_03,2023-06-10 17:30:00,304.62,315.63,1462,50.66,166,No Failure,0
LOG_0007717,MCH_L3_05,2023-06-10 18:00:00,299.27,307.23,1482,36.86,69,No Failure,0
LOG_0007718,MCH_L3_02,2023-06-10 18:30:00,299.61,310.9,1530,26.05,223,No Failure,0
LOG_0007719,MCH_L1_05,2023-06-10 19:00:00,299.5,311.26,1449,32.12,239,No Failure,0
LOG_0007720,MCH_L3_02,2023-06-10 19:30:00,299.85,308.63,1397,35.23,7,No Failure,0
LOG_0007721,MCH_L1_04,2023-06-10 20:00:00,296.41,307.15,1454,30.01,162,No Failure,0
LOG_0007722,MCH_L3_03,2023-06-10 20:30:00,300.66,308.41,1546,32.68,62,No Failure,0
LOG_0007723,MCH_L2_02,2023-06-10 21:00:00,301.24,310.3,1586,40.08,30,No Failure,0
LOG_0007724,MCH_L2_03,2023-06-10 21:30:00,299.36,308.74,1611,32.79,233,No Failure,0
LOG_0007725,MCH_L1_05,2023-06-10 22:00:00,295.61,303.84,1398,55.01,217,No Failure,0
LOG_0007726,MCH_L2_05,2023-06-10 22:30:00,300.05,309.76,1731,36.57,169,No Failure,0
LOG_0007727,MCH_L3_04,2023-06-10 23:00:00,296.76,306.4,1415,27.01,87,Heat Dissipation,1
LOG_0007728,MCH_L3_04,2023-06-10 23:30:00,301.07,311.81,1472,49.98,114,No Failure,0
LOG_0007729,MCH_L1_05,2023-06-11 00:00:00,300.3,308.48,1642,67.39,193,No Failure,0
LOG_0007730,MCH_L1_02,2023-06-11 00:30:00,300.54,311.29,1300,37.19,40,No Failure,0
LOG_0007731,MCH_L2_03,2023-06-11 01:00:00,297.35,306.4,1515,42.18,0,No Failure,0
LOG_0007732,MCH_L3_04,2023-06-11 01:30:00,303.15,311.62,1465,51.08,73,No Failure,0
LOG_0007733,MCH_L1_02,2023-06-11 02:00:00,300.43,310.19,1332,36.79,214,No Failure,0
LOG_0007734,MCH_L2_05,2023-06-11 02:30:00,297.71,308.61,1334,55.93,32,No Failure,0
LOG_0007735,MCH_L3_02,2023-06-11 03:00:00,301.45,310.87,1634,26.36,107,No Failure,0
LOG_0007736,MCH_L2_01,2023-06-11 03:30:00,300.24,310.86,1561,38.99,36,No Failure,0
LOG_0007737,MCH_L2_03,2023-06-11 04:00:00,304.59,314.92,1613,33.07,123,No Failure,0
LOG_0007738,MCH_L2_01,2023-06-11 04:30:00,298.62,312.38,1375,30.38,56,No Failure,0
LOG_0007739,MCH_L1_04,2023-06-11 05:00:00,296.88,306.5,1534,33.29,10,No Failure,0
LOG_0007740,MCH_L3_03,2023-06-11 05:30:00,300.72,310.52,1770,44.36,83,No Failure,0
LOG_0007741,MCH_L1_04,2023-06-11 06:00:00,302.53,313.86,1471,47.83,217,No Failure,0
LOG_0007742,MCH_L2_01,2023-06-11 06:30:00,305.81,315.75,1506,46.02,237,No Failure,0
LOG_0007743,MCH_L3_04,2023-06-11 07:00:00,308.55,318.85,1501,27.48,46,No Failure,0
LOG_0007744,MCH_L3_05,2023-06-11 07:30:00,296.12,304.01,1486,44.68,193,No Failure,0
LOG_0007745,MCH_L3_03,2023-06-11 08:00:00,299.66,309.51,1406,38.99,88,No Failure,0
LOG_0007746,MCH_L1_04,2023-06-11 08:30:00,296.89,306.04,1505,35.06,122,No Failure,0
LOG_0007747,MCH_L2_03,2023-06-11 09:00:00,299.38,308.8,1695,38.14,131,No Failure,0
LOG_0007748,MCH_L2_04,2023-06-11 09:30:00,306.19,316.5,1493,54.16,210,No Failure,0
LOG_0007749,MCH_L1_01,2023-06-11 10:00:00,297.95,307.88,1646,37.66,204,No Failure,0
LOG_0007750,MCH_L3_03,2023-06-11 10:30:00,299.95,310.88,1842,46.5,82,No Failure,0
LOG_0007751,MCH_L1_04,2023-06-11 11:00:00,298.55,309.69,1402,48.78,76,No Failure,0
LOG_0007752,MCH_L1_04,2023-06-11 11:30:00,297.49,307.28,1564,47.48,182,No Failure,0
LOG_0007753,MCH_L1_02,2023-06-11 12:00:00,304.48,314.84,1360,36.11,139,No Failure,0
LOG_0007754,MCH_L2_01,2023-06-11 12:30:00,296.15,303.71,1483,36.57,127,No Failure,0
LOG_0007755,MCH_L1_03,2023-06-11 13:00:00,299.79,310.17,1799,42.33,65,No Failure,0
LOG_0007756,MCH_L2_02,2023-06-11 13:30:00,300.22,311.48,1577,35.29,164,Overstrain,1
LOG_0007757,MCH_L3_03,2023-06-11 14:00:00,299.92,308.83,1536,32.76,150,No Failure,0
LOG_0007758,MCH_L3_01,2023-06-11 14:30:00,299.21,310.12,1358,40.84,54,No Failure,0
LOG_0007759,MCH_L3_01,2023-06-11 15:00:00,304.04,313.5,1427,33.15,146,No Failure,0
LOG_0007760,MCH_L1_05,2023-06-11 15:30:00,294.72,304.03,1399,36.33,66,No Failure,0
LOG_0007761,MCH_L1_04,2023-06-11 16:00:00,301.09,312.8,1376,37.67,215,No Failure,0
LOG_0007762,MCH_L1_05,2023-06-11 16:30:00,301.2,311.16,1599,35.28,150,No Failure,0
LOG_0007763,MCH_L2_03,2023-06-11 17:00:00,300.72,311.76,1582,37.82,3,No Failure,0
LOG_0007764,MCH_L1_03,2023-06-11 17:30:00,297.92,305.58,1480,36.34,17,No Failure,0
LOG_0007765,MCH_L3_04,2023-06-11 18:00:00,303.01,312.28,1434,57.37,11,No Failure,0
LOG_0007766,MCH_L2_02,2023-06-11 18:30:00,302.89,313.74,1587,55.03,34,No Failure,0
LOG_0007767,MCH_L3_05,2023-06-11 19:00:00,297.83,307.98,1702,36.38,154,No Failure,0
LOG_0007768,MCH_L3_04,2023-06-11 19:30:00,297.01,306.79,1618,36.11,42,No Failure,0
LOG_0007769,MCH_L2_01,2023-06-11 20:00:00,296.52,307.24,1513,38.09,77,No Failure,0
LOG_0007770,MCH_L3_02,2023-06-11 20:30:00,300.56,309.56,1610,42.03,94,No Failure,0
LOG_0007771,MCH_L1_01,2023-06-11 21:00:00,300.12,311.58,1616,39.13,66,No Failure,0
LOG_0007772,MCH_L3_03,2023-06-11 21:30:00,299.1,308.84,1518,40.13,196,No Failure,0
LOG_0007773,MCH_L2_02,2023-06-11 22:00:00,305.2,314.22,1518,46.72,63,No Failure,0
LOG_0007774,MCH_L3_04,2023-06-11 22:30:00,298.85,307.95,1436,32.62,92,No Failure,0
LOG_0007775,MCH_L3_03,2023-06-11 23:00:00,300.47,310.37,1599,34.95,102,No Failure,0
LOG_0007776,MCH_L2_02,2023-06-11 23:30:00,299.51,309.0,1479,27.75,51,Overstrain,1
LOG_0007777,MCH_L3_04,2023-06-12 00:00:00,304.91,315.54,1382,36.59,16,No Failure,0
LOG_0007778,MCH_L3_05,2023-06-12 00:30:00,295.03,304.97,1386,40.31,210,No Failure,0
LOG_0007779,MCH_L3_02,2023-06-12 01:00:00,299.23,308.8,1495,40.38,226,No Failure,0
LOG_0007780,MCH_L1_01,2023-06-12 01:30:00,301.54,311.96,1386,50.65,32,No Failure,0
LOG_0007781,MCH_L2_04,2023-06-12 02:00:00,299.44,308.8,1826,32.57,71,No Failure,0
LOG_0007782,MCH_L2_01,2023-06-12 02:30:00,296.74,307.33,1558,26.13,179,No Failure,0
LOG_0007783,MCH_L3_05,2023-06-12 03:00:00,300.44,310.83,1440,40.77,228,No Failure,0
LOG_0007784,MCH_L3_02,2023-06-12 03:30:00,295.95,306.29,1522,38.44,162,No Failure,0
LOG_0007785,MCH_L1_02,2023-06-12 04:00:00,301.68,311.25,1588,47.26,147,Heat Dissipation,1
LOG_0007786,MCH_L1_05,2023-06-12 04:30:00,298.97,308.21,1526,40.69,80,No Failure,0
LOG_0007787,MCH_L3_03,2023-06-12 05:00:00,298.55,309.52,1384,50.88,44,No Failure,0
LOG_0007788,MCH_L3_01,2023-06-12 05:30:00,302.62,313.36,1486,38.81,76,No Failure,0
LOG_0007789,MCH_L1_04,2023-06-12 06:00:00,297.49,306.28,1471,35.61,67,No Failure,0
LOG_0007790,MCH_L2_02,2023-06-12 06:30:00,296.14,305.62,1445,46.03,49,No Failure,0
LOG_0007791,MCH_L2_03,2023-06-12 07:00:00,297.72,309.33,1400,44.1,185,No Failure,0
LOG_0007792,MCH_L3_01,2023-06-12 07:30:00,305.12,316.3,1605,33.93,157,No Failure,0
LOG_0007793,MCH_L3_04,2023-06-12 08:00:00,297.49,306.09,1556,44.63,197,No Failure,0
LOG_0007794,MCH_L3_05,2023-06-12 08:30:00,300.91,310.92,1555,43.75,1,No Failure,0
LOG_0007795,MCH_L3_01,2023-06-12 09:00:00,302.11,312.61,1277,39.56,206,No Failure,0
LOG_0007796,MCH_L1_01,2023-06-12 09:30:00,297.65,308.84,1452,49.52,120,No Failure,0
LOG_0007797,MCH_L1_05,2023-06-12 10:00:00,297.65,307.8,1649,52.4,33,Power Failure,1
LOG_0007798,MCH_L3_05,2023-06-12 10:30:00,300.45,311.03,1547,35.07,179,Heat Dissipation,1
LOG_0007799,MCH_L1_03,2023-06-12 11:00:00,300.56,311.68,1360,44.15,211,No Failure,0
LOG_0007800,MCH_L1_01,2023-06-12 11:30:00,303.37,314.65,1700,40.62,15,No Failure,0
LOG_0007801,MCH_L3_02,2023-06-12 12:00:00,298.08,307.86,1209,36.19,123,Heat Dissipation,1
LOG_0007802,MCH_L1_03,2023-06-12 12:30:00,299.06,309.11,1515,38.96,170,No Failure,0
LOG_0007803,MCH_L3_04,2023-06-12 13:00:00,307.1,316.19,1705,24.99,63,No Failure,0
LOG_0007804,MCH_L2_01,2023-06-12 13:30:00,295.52,305.19,1311,49.15,220,No Failure,0
LOG_0007805,MCH_L3_04,2023-06-12 14:00:00,295.01,304.52,1442,46.7,154,No Failure,0
LOG_0007806,MCH_L2_02,2023-06-12 14:30:00,296.54,306.31,1331,23.67,64,No Failure,0
LOG_0007807,MCH_L2_03,2023-06-12 15:00:00,302.75,312.64,1669,38.42,12,No Failure,0
LOG_0007808,MCH_L3_03,2023-06-12 15:30:00,298.9,309.88,1401,42.86,39,No Failure,0
LOG_0007809,MCH_L3_01,2023-06-12 16:00:00,298.9,309.32,1619,47.27,159,No Failure,0
LOG_0007810,MCH_L1_04,2023-06-12 16:30:00,297.59,306.05,1666,37.76,66,No Failure,0
LOG_0007811,MCH_L1_03,2023-06-12 17:00:00,302.3,312.96,1345,37.9,13,No Failure,0
LOG_0007812,MCH_L1_05,2023-06-12 17:30:00,296.58,305.92,1320,43.13,119,No Failure,0
LOG_0007813,MCH_L2_04,2023-06-12 18:00:00,298.55,307.24,1557,34.21,119,No Failure,0
LOG_0007814,MCH_L3_03,2023-06-12 18:30:00,297.69,306.32,1593,54.14,57,No Failure,0
LOG_0007815,MCH_L2_01,2023-06-12 19:00:00,293.32,303.52,1491,40.88,91,No Failure,0
LOG_0007816,MCH_L3_05,2023-06-12 19:30:00,298.8,310.07,1503,41.65,45,No Failure,0
LOG_0007817,MCH_L2_04,2023-06-12 20:00:00,299.85,309.6,1677,51.46,89,No Failure,0
LOG_0007818,MCH_L3_05,2023-06-12 20:30:00,298.06,309.18,1471,39.8,212,No Failure,0
LOG_0007819,MCH_L2_01,2023-06-12 21:00:00,299.33,309.43,1665,51.54,125,No Failure,0
LOG_0007820,MCH_L1_02,2023-06-12 21:30:00,299.39,306.8,1430,26.36,109,No Failure,0
LOG_0007821,MCH_L3_03,2023-06-12 22:00:00,299.67,310.4,1787,49.81,114,No Failure,0
LOG_0007822,MCH_L1_05,2023-06-12 22:30:00,297.36,306.71,1393,48.78,202,No Failure,0
LOG_0007823,MCH_L3_02,2023-06-12 23:00:00,297.22,306.25,1642,22.55,218,No Failure,0
LOG_0007824,MCH_L3_01,2023-06-12 23:30:00,300.12,310.86,1384,37.25,235,No Failure,0
LOG_0007825,MCH_L2_04,2023-06-13 00:00:00,296.31,306.47,1594,43.45,186,No Failure,0
LOG_0007826,MCH_L2_03,2023-06-13 00:30:00,299.46,309.38,1499,46.89,120,No Failure,0
LOG_0007827,MCH_L2_02,2023-06-13 01:00:00,304.09,314.21,1533,51.14,192,No Failure,0
LOG_0007828,MCH_L1_01,2023-06-13 01:30:00,299.9,308.88,1579,27.28,32,No Failure,0
LOG_0007829,MCH_L1_04,2023-06-13 02:00:00,295.43,307.55,1529,40.68,45,No Failure,0
LOG_0007830,MCH_L3_02,2023-06-13 02:30:00,300.45,310.66,1518,32.01,81,No Failure,0
LOG_0007831,MCH_L2_02,2023-06-13 03:00:00,302.05,312.24,1277,33.97,124,No Failure,0
LOG_0007832,MCH_L3_01,2023-06-13 03:30:00,298.01,307.91,1665,46.81,53,No Failure,0
LOG_0007833,MCH_L2_02,2023-06-13 04:00:00,299.25,307.31,1683,33.23,65,Power Failure,1
LOG_0007834,MCH_L3_05,2023-06-13 04:30:00,297.81,307.0,1487,40.02,131,No Failure,0
LOG_0007835,MCH_L2_01,2023-06-13 05:00:00,298.84,307.37,1566,36.23,53,No Failure,0
LOG_0007836,MCH_L2_03,2023-06-13 05:30:00,298.34,306.76,1663,48.52,113,Heat Dissipation,1
LOG_0007837,MCH_L3_01,2023-06-13 06:00:00,301.09,309.24,1572,24.41,3,No Failure,0
LOG_0007838,MCH_L3_03,2023-06-13 06:30:00,304.15,313.39,1436,50.55,144,Power Failure,1
LOG_0007839,MCH_L2_01,2023-06-13 07:00:00,300.14,310.16,1355,52.65,239,No Failure,0
LOG_0007840,MCH_L2_05,2023-06-13 07:30:00,296.15,304.44,1576,45.06,79,No Failure,0
LOG_0007841,MCH_L1_03,2023-06-13 08:00:00,306.32,317.16,1516,41.93,200,No Failure,0
LOG_0007842,MCH_L1_04,2023-06-13 08:30:00,301.46,311.82,1499,22.65,217,No Failure,0
LOG_0007843,MCH_L3_04,2023-06-13 09:00:00,301.97,311.69,1408,45.46,201,No Failure,0
LOG_0007844,MCH_L1_03,2023-06-13 09:30:00,299.84,312.43,1459,48.58,198,No Failure,0
LOG_0007845,MCH_L1_01,2023-06-13 10:00:00,300.58,310.29,1540,40.86,72,No Failure,0
LOG_0007846,MCH_L3_05,2023-06-13 10:30:00,299.15,310.11,1464,34.45,182,Power Failure,1
LOG_0007847,MCH_L2_05,2023-06-13 11:00:00,302.26,312.51,1503,52.44,175,No Failure,0
LOG_0007848,MCH_L1_05,2023-06-13 11:30:00,298.81,310.54,1496,32.63,218,No Failure,0
LOG_0007849,MCH_L3_05,2023-06-13 12:00:00,301.22,312.52,1578,49.6,223,No Failure,0
LOG_0007850,MCH_L1_01,2023-06-13 12:30:00,302.42,312.06,1327,44.49,176,No Failure,0
LOG_0007851,MCH_L1_01,2023-06-13 13:00:00,303.11,312.79,1457,38.53,150,No Failure,0
LOG_0007852,MCH_L1_02,2023-06-13 13:30:00,302.58,310.97,1367,60.73,26,No Failure,0
LOG_0007853,MCH_L3_03,2023-06-13 14:00:00,297.44,307.58,1518,44.1,24,No Failure,0
LOG_0007854,MCH_L1_04,2023-06-13 14:30:00,303.93,314.72,1402,44.96,92,No Failure,0
LOG_0007855,MCH_L2_01,2023-06-13 15:00:00,301.66,311.59,1612,44.34,151,No Failure,0
LOG_0007856,MCH_L2_03,2023-06-13 15:30:00,300.76,312.44,1450,42.57,79,No Failure,0
LOG_0007857,MCH_L3_03,2023-06-13 16:00:00,301.05,311.22,1430,39.18,207,No Failure,0
LOG_0007858,MCH_L1_03,2023-06-13 16:30:00,299.6,311.1,1400,46.44,91,No Failure,0
LOG_0007859,MCH_L1_01,2023-06-13 17:00:00,298.83,308.63,1530,40.84,19,No Failure,0
LOG_0007860,MCH_L1_03,2023-06-13 17:30:00,299.08,307.69,1347,24.51,52,No Failure,0
LOG_0007861,MCH_L3_02,2023-06-13 18:00:00,303.22,312.47,1488,32.99,82,No Failure,0
LOG_0007862,MCH_L1_03,2023-06-13 18:30:00,300.2,310.16,1486,49.79,73,No Failure,0
LOG_0007863,MCH_L1_05,2023-06-13 19:00:00,300.7,309.8,1437,47.51,153,No Failure,0
LOG_0007864,MCH_L3_01,2023-06-13 19:30:00,300.15,308.16,1526,31.18,187,No Failure,0
LOG_0007865,MCH_L3_02,2023-06-13 20:00:00,298.33,305.93,1444,35.38,129,No Failure,0
LOG_0007866,MCH_L3_02,2023-06-13 20:30:00,294.63,305.85,1534,34.78,2,No Failure,0
LOG_0007867,MCH_L1_04,2023-06-13 21:00:00,301.92,312.38,1434,52.38,102,No Failure,0
LOG_0007868,MCH_L3_03,2023-06-13 21:30:00,301.66,311.99,1410,26.9,183,Power Failure,1
LOG_0007869,MCH_L1_04,2023-06-13 22:00:00,299.97,310.17,1530,34.78,65,Overstrain,1
LOG_0007870,MCH_L2_04,2023-06-13 22:30:00,297.27,306.61,1596,40.67,152,No Failure,0
LOG_0007871,MCH_L2_02,2023-06-13 23:00:00,304.55,315.5,1842,27.73,108,No Failure,0
LOG_0007872,MCH_L1_04,2023-06-13 23:30:00,299.15,307.06,1459,40.7,195,No Failure,0
LOG_0007873,MCH_L1_03,2023-06-14 00:00:00,300.62,308.12,1592,31.13,14,No Failure,0
LOG_0007874,MCH_L2_01,2023-06-14 00:30:00,298.24,308.0,1446,32.88,209,No Failure,0
LOG_0007875,MCH_L1_03,2023-06-14 01:00:00,296.63,306.79,1590,35.58,134,No Failure,0
LOG_0007876,MCH_L2_01,2023-06-14 01:30:00,301.47,310.41,1656,38.46,127,No Failure,0
LOG_0007877,MCH_L3_01,2023-06-14 02:00:00,296.25,304.34,1515,35.2,218,No Failure,0
LOG_0007878,MCH_L3_03,2023-06-14 02:30:00,300.57,311.28,1585,40.81,81,No Failure,0
LOG_0007879,MCH_L3_01,2023-06-14 03:00:00,300.58,310.09,1553,50.59,70,No Failure,0
LOG_0007880,MCH_L3_03,2023-06-14 03:30:00,297.2,308.03,1501,47.37,220,No Failure,0
LOG_0007881,MCH_L3_03,2023-06-14 04:00:00,296.76,308.33,1448,52.87,40,No Failure,0
LOG_0007882,MCH_L3_02,2023-06-14 04:30:00,298.07,306.15,1457,39.36,125,No Failure,0
LOG_0007883,MCH_L2_04,2023-06-14 05:00:00,298.43,308.69,1341,39.4,187,No Failure,0
LOG_0007884,MCH_L2_01,2023-06-14 05:30:00,296.18,306.48,1624,41.77,171,No Failure,0
LOG_0007885,MCH_L3_02,2023-06-14 06:00:00,297.19,308.08,1724,26.97,122,No Failure,0
LOG_0007886,MCH_L1_04,2023-06-14 06:30:00,300.19,309.55,1330,48.79,32,No Failure,0
LOG_0007887,MCH_L3_05,2023-06-14 07:00:00,304.97,315.04,1624,36.81,193,No Failure,0
LOG_0007888,MCH_L1_05,2023-06-14 07:30:00,302.52,313.4,1494,39.62,209,No Failure,0
LOG_0007889,MCH_L3_03,2023-06-14 08:00:00,300.4,310.93,1423,43.63,237,No Failure,0
LOG_0007890,MCH_L2_01,2023-06-14 08:30:00,302.82,314.69,1517,33.43,150,Heat Dissipation,1
LOG_0007891,MCH_L3_01,2023-06-14 09:00:00,302.89,311.85,1403,33.7,63,No Failure,0
LOG_0007892,MCH_L1_03,2023-06-14 09:30:00,299.24,309.49,1528,43.32,133,No Failure,0
LOG_0007893,MCH_L2_03,2023-06-14 10:00:00,300.64,310.54,1464,43.71,62,No Failure,0
LOG_0007894,MCH_L1_04,2023-06-14 10:30:00,302.44,312.19,1458,59.45,125,No Failure,0
LOG_0007895,MCH_L2_03,2023-06-14 11:00:00,302.79,313.5,1641,42.07,170,No Failure,0
LOG_0007896,MCH_L2_05,2023-06-14 11:30:00,302.81,312.95,1290,44.54,152,No Failure,0
LOG_0007897,MCH_L2_05,2023-06-14 12:00:00,297.43,306.15,1431,59.76,210,No Failure,0
LOG_0007898,MCH_L1_03,2023-06-14 12:30:00,302.94,314.08,1262,42.94,7,No Failure,0
LOG_0007899,MCH_L2_05,2023-06-14 13:00:00,304.65,315.36,1515,43.68,164,No Failure,0
LOG_0007900,MCH_L2_02,2023-06-14 13:30:00,303.73,315.5,1440,15.24,217,No Failure,0
LOG_0007901,MCH_L3_01,2023-06-14 14:00:00,297.29,308.16,1413,36.71,92,No Failure,0
LOG_0007902,MCH_L3_03,2023-06-14 14:30:00,296.66,306.4,1533,41.73,186,No Failure,0
LOG_0007903,MCH_L3_02,2023-06-14 15:00:00,301.16,310.91,1573,33.53,27,No Failure,0
LOG_0007904,MCH_L2_04,2023-06-14 15:30:00,303.69,314.93,1641,41.81,52,No Failure,0
LOG_0007905,MCH_L1_04,2023-06-14 16:00:00,300.57,309.65,1851,46.11,119,Tool Wear,1
LOG_0007906,MCH_L2_03,2023-06-14 16:30:00,299.41,308.32,1431,47.85,198,No Failure,0
LOG_0007907,MCH_L1_03,2023-06-14 17:00:00,299.77,310.03,1419,39.07,123,No Failure,0
LOG_0007908,MCH_L2_02,2023-06-14 17:30:00,302.55,310.76,1500,26.76,54,No Failure,0
LOG_0007909,MCH_L1_03,2023-06-14 18:00:00,299.2,309.62,1510,40.73,163,No Failure,0
LOG_0007910,MCH_L3_02,2023-06-14 18:30:00,301.2,311.76,1708,36.43,189,No Failure,0
LOG_0007911,MCH_L3_05,2023-06-14 19:00:00,299.67,309.37,1562,33.48,142,No Failure,0
LOG_0007912,MCH_L3_05,2023-06-14 19:30:00,297.78,309.47,1386,37.6,53,No Failure,0
LOG_0007913,MCH_L2_02,2023-06-14 20:00:00,297.58,308.93,1379,37.05,60,No Failure,0
LOG_0007914,MCH_L3_04,2023-06-14 20:30:00,301.31,310.38,1581,38.15,96,No Failure,0
LOG_0007915,MCH_L3_01,2023-06-14 21:00:00,293.24,304.03,1475,36.11,53,No Failure,0
LOG_0007916,MCH_L2_05,2023-06-14 21:30:00,301.2,312.38,1669,52.22,196,No Failure,0
LOG_0007917,MCH_L2_05,2023-06-14 22:00:00,299.57,309.67,1561,42.26,28,No Failure,0
LOG_0007918,MCH_L3_01,2023-06-14 22:30:00,302.37,311.85,1374,42.3,80,No Failure,0
LOG_0007919,MCH_L3_01,2023-06-14 23:00:00,301.5,310.17,1358,43.53,108,Overstrain,1
LOG_0007920,MCH_L2_01,2023-06-14 23:30:00,300.11,309.44,1541,28.32,26,No Failure,0
LOG_0007921,MCH_L1_02,2023-06-15 00:00:00,297.33,306.03,1459,48.62,208,No Failure,0
LOG_0007922,MCH_L3_01,2023-06-15 00:30:00,297.47,308.56,1636,67.64,114,No Failure,0
LOG_0007923,MCH_L1_03,2023-06-15 01:00:00,298.39,308.08,1540,31.82,195,No Failure,0
LOG_0007924,MCH_L2_01,2023-06-15 01:30:00,302.17,312.8,1538,34.27,139,Heat Dissipation,1
LOG_0007925,MCH_L3_04,2023-06-15 02:00:00,304.42,315.93,1352,35.33,125,No Failure,0
LOG_0007926,MCH_L1_04,2023-06-15 02:30:00,300.82,311.07,1442,42.54,22,No Failure,0
LOG_0007927,MCH_L2_01,2023-06-15 03:00:00,298.53,309.94,1494,38.85,49,No Failure,0
LOG_0007928,MCH_L1_01,2023-06-15 03:30:00,298.79,308.37,1275,35.62,74,No Failure,0
LOG_0007929,MCH_L2_05,2023-06-15 04:00:00,298.9,309.36,1574,44.98,227,No Failure,0
LOG_0007930,MCH_L3_02,2023-06-15 04:30:00,302.6,312.85,1602,43.3,203,No Failure,0
LOG_0007931,MCH_L1_01,2023-06-15 05:00:00,298.85,308.01,1436,50.39,200,No Failure,0
LOG_0007932,MCH_L1_03,2023-06-15 05:30:00,299.89,309.52,1652,41.23,87,No Failure,0
LOG_0007933,MCH_L2_03,2023-06-15 06:00:00,303.36,315.06,1646,39.65,209,No Failure,0
LOG_0007934,MCH_L2_03,2023-06-15 06:30:00,298.58,308.17,1562,36.31,154,No Failure,0
LOG_0007935,MCH_L3_01,2023-06-15 07:00:00,301.39,309.39,1492,42.0,58,No Failure,0
LOG_0007936,MCH_L1_04,2023-06-15 07:30:00,302.25,311.83,1619,31.14,8,No Failure,0
LOG_0007937,MCH_L2_01,2023-06-15 08:00:00,300.16,309.26,1321,49.24,32,No Failure,0
LOG_0007938,MCH_L3_05,2023-06-15 08:30:00,304.89,315.44,1508,45.32,69,No Failure,0
LOG_0007939,MCH_L2_03,2023-06-15 09:00:00,304.16,314.9,1398,41.9,178,No Failure,0
LOG_0007940,MCH_L2_02,2023-06-15 09:30:00,300.66,311.09,1420,36.58,224,No Failure,0
LOG_0007941,MCH_L3_01,2023-06-15 10:00:00,297.99,307.5,1553,53.93,167,No Failure,0
LOG_0007942,MCH_L2_02,2023-06-15 10:30:00,298.11,308.18,1403,35.34,5,No Failure,0
LOG_0007943,MCH_L3_03,2023-06-15 11:00:00,300.53,310.15,1316,32.77,131,No Failure,0
LOG_0007944,MCH_L1_04,2023-06-15 11:30:00,297.27,305.53,1766,37.37,2,No Failure,0
LOG_0007945,MCH_L2_04,2023-06-15 12:00:00,300.67,310.54,1427,47.03,140,No Failure,0
LOG_0007946,MCH_L3_02,2023-06-15 12:30:00,304.22,317.38,1398,52.18,25,No Failure,0
LOG_0007947,MCH_L2_05,2023-06-15 13:00:00,300.16,308.92,1643,49.01,33,No Failure,0
LOG_0007948,MCH_L2_01,2023-06-15 13:30:00,299.95,307.72,1427,28.87,204,No Failure,0
LOG_0007949,MCH_L3_04,2023-06-15 14:00:00,302.13,313.84,1347,39.5,180,No Failure,0
LOG_0007950,MCH_L3_02,2023-06-15 14:30:00,301.31,311.85,1390,35.91,46,No Failure,0
LOG_0007951,MCH_L3_01,2023-06-15 15:00:00,297.13,307.49,1448,43.38,135,No Failure,0
LOG_0007952,MCH_L1_03,2023-06-15 15:30:00,298.86,308.43,1371,37.52,75,No Failure,0
LOG_0007953,MCH_L1_05,2023-06-15 16:00:00,304.73,315.0,1400,46.59,135,No Failure,0
LOG_0007954,MCH_L1_05,2023-06-15 16:30:00,300.81,310.87,1446,36.13,146,No Failure,0
LOG_0007955,MCH_L3_04,2023-06-15 17:00:00,297.48,309.05,1616,32.82,232,No Failure,0
LOG_0007956,MCH_L1_05,2023-06-15 17:30:00,299.52,310.62,1748,51.12,201,No Failure,0
LOG_0007957,MCH_L2_03,2023-06-15 18:00:00,295.54,306.26,1633,39.73,31,No Failure,0
LOG_0007958,MCH_L2_04,2023-06-15 18:30:00,295.36,304.54,1472,47.52,20,No Failure,0
LOG_0007959,MCH_L3_03,2023-06-15 19:00:00,302.46,312.73,1330,30.21,191,No Failure,0
LOG_0007960,MCH_L2_04,2023-06-15 19:30:00,299.99,309.25,1584,31.9,150,No Failure,0
LOG_0007961,MCH_L3_03,2023-06-15 20:00:00,301.3,312.77,1377,29.22,90,No Failure,0
LOG_0007962,MCH_L2_01,2023-06-15 20:30:00,302.89,312.03,1455,33.42,88,No Failure,0
LOG_0007963,MCH_L2_01,2023-06-15 21:00:00,300.85,310.69,1693,34.24,70,No Failure,0
LOG_0007964,MCH_L2_04,2023-06-15 21:30:00,301.83,310.53,1704,33.5,41,No Failure,0
LOG_0007965,MCH_L1_04,2023-06-15 22:00:00,300.64,310.04,1521,39.67,34,No Failure,0
LOG_0007966,MCH_L2_01,2023-06-15 22:30:00,303.22,312.61,1647,31.5,129,No Failure,0
LOG_0007967,MCH_L1_04,2023-06-15 23:00:00,304.43,314.25,1642,33.56,219,No Failure,0
LOG_0007968,MCH_L3_01,2023-06-15 23:30:00,300.5,309.42,1578,41.85,198,No Failure,0
LOG_0007969,MCH_L1_01,2023-06-16 00:00:00,300.39,311.85,1467,56.67,105,No Failure,0
LOG_0007970,MCH_L2_02,2023-06-16 00:30:00,300.8,310.58,1433,44.05,231,Heat Dissipation,1
LOG_0007971,MCH_L3_04,2023-06-16 01:00:00,299.74,309.1,1505,43.26,75,No Failure,0
LOG_0007972,MCH_L2_05,2023-06-16 01:30:00,299.0,309.92,1346,37.73,51,No Failure,0
LOG_0007973,MCH_L3_01,2023-06-16 02:00:00,302.62,315.21,1442,23.16,16,No Failure,0
LOG_0007974,MCH_L3_02,2023-06-16 02:30:00,299.0,308.51,1571,38.3,85,No Failure,0
LOG_0007975,MCH_L2_01,2023-06-16 03:00:00,298.86,308.57,1424,31.31,8,No Failure,0
LOG_0007976,MCH_L2_04,2023-06-16 03:30:00,302.25,311.36,1685,48.7,179,No Failure,0
LOG_0007977,MCH_L2_02,2023-06-16 04:00:00,302.44,313.23,1529,53.36,2,No Failure,0
LOG_0007978,MCH_L3_03,2023-06-16 04:30:00,305.83,316.98,1593,32.27,21,No Failure,0
LOG_0007979,MCH_L2_02,2023-06-16 05:00:00,303.05,312.99,1474,39.82,181,No Failure,0
LOG_0007980,MCH_L1_02,2023-06-16 05:30:00,302.07,311.54,1575,28.44,35,No Failure,0
LOG_0007981,MCH_L3_02,2023-06-16 06:00:00,302.43,313.07,1364,47.04,166,No Failure,0
LOG_0007982,MCH_L3_01,2023-06-16 06:30:00,299.63,310.52,1550,50.61,17,No Failure,0
LOG_0007983,MCH_L3_05,2023-06-16 07:00:00,301.41,313.27,1562,44.84,80,No Failure,0
LOG_0007984,MCH_L2_04,2023-06-16 07:30:00,301.52,310.82,1653,42.72,26,No Failure,0
LOG_0007985,MCH_L2_05,2023-06-16 08:00:00,298.64,309.66,1259,39.63,117,No Failure,0
LOG_0007986,MCH_L2_04,2023-06-16 08:30:00,299.88,310.01,1419,44.2,226,No Failure,0
LOG_0007987,MCH_L2_01,2023-06-16 09:00:00,302.38,310.3,1286,37.67,95,No Failure,0
LOG_0007988,MCH_L3_03,2023-06-16 09:30:00,299.95,311.78,1399,36.83,194,No Failure,0
LOG_0007989,MCH_L1_03,2023-06-16 10:00:00,301.53,311.89,1487,50.66,140,No Failure,0
LOG_0007990,MCH_L1_01,2023-06-16 10:30:00,302.24,312.97,1570,46.65,16,No Failure,0
LOG_0007991,MCH_L1_04,2023-06-16 11:00:00,302.13,313.27,1769,35.15,60,No Failure,0
LOG_0007992,MCH_L3_04,2023-06-16 11:30:00,304.33,315.05,1662,55.34,145,No Failure,0
LOG_0007993,MCH_L3_04,2023-06-16 12:00:00,298.55,307.39,1441,34.08,16,No Failure,0
LOG_0007994,MCH_L1_03,2023-06-16 12:30:00,304.11,314.92,1586,56.43,183,No Failure,0
LOG_0007995,MCH_L3_04,2023-06-16 13:00:00,301.19,311.79,1647,28.95,47,No Failure,0
LOG_0007996,MCH_L3_02,2023-06-16 13:30:00,302.09,310.09,1488,38.77,15,No Failure,0
LOG_0007997,MCH_L1_01,2023-06-16 14:00:00,301.74,313.74,1492,43.87,213,No Failure,0
LOG_0007998,MCH_L1_03,2023-06-16 14:30:00,301.62,311.17,1472,42.96,152,No Failure,0
LOG_0007999,MCH_L3_04,2023-06-16 15:00:00,298.41,309.6,1557,41.56,192,No Failure,0
LOG_0008000,MCH_L3_04,2023-06-16 15:30:00,301.99,311.59,1549,50.82,26,No Failure,0
