shift_log_id,machine_id,shift_start,shift_type,planned_time_min,operating_time_min,downtime_min,downtime_reason,total_units,good_units,defective_units
SFT_00000,MCH_L2_03,2023-01-01 00:00:00,Shift A (Morning),480,480,0,None,902,885,17
SFT_00001,MCH_L1_03,2023-01-01 08:00:00,Shift B (Evening),480,476,4,Calibration Lag,871,846,25
SFT_00002,MCH_L3_05,2023-01-01 16:00:00,Shift C (Night),480,480,0,None,877,852,25
SFT_00003,MCH_L1_04,2023-01-02 00:00:00,Shift A (Morning),480,480,0,None,893,860,33
SFT_00004,MCH_L2_04,2023-01-02 08:00:00,Shift B (Evening),480,470,10,Calibration Lag,902,863,39
SFT_00005,MCH_L1_02,2023-01-02 16:00:00,Shift C (Night),480,480,0,None,931,908,23
SFT_00006,MCH_L1_03,2023-01-03 00:00:00,Shift A (Morning),480,480,0,None,850,818,32
SFT_00007,MCH_L3_05,2023-01-03 08:00:00,Shift B (Evening),480,454,26,Tool Breakdown,885,863,22
SFT_00008,MCH_L3_03,2023-01-03 16:00:00,Shift C (Night),480,480,0,None,857,815,42
SFT_00009,MCH_L1_01,2023-01-04 00:00:00,Shift A (Morning),480,480,0,None,937,897,40
SFT_00010,MCH_L1_02,2023-01-04 08:00:00,Shift B (Evening),480,456,24,Tool Breakdown,854,838,16
SFT_00011,MCH_L2_03,2023-01-04 16:00:00,Shift C (Night),480,299,181,Tool Breakdown,528,516,12
SFT_00012,MCH_L3_02,2023-01-05 00:00:00,Shift A (Morning),480,473,7,Tool Breakdown,879,870,9
SFT_00013,MCH_L2_02,2023-01-05 08:00:00,Shift B (Evening),480,480,0,None,862,831,31
SFT_00014,MCH_L2_04,2023-01-05 16:00:00,Shift C (Night),480,480,0,None,887,878,9
SFT_00015,MCH_L1_02,2023-01-06 00:00:00,Shift A (Morning),480,459,21,Tool Breakdown,827,802,25
SFT_00016,MCH_L1_03,2023-01-06 08:00:00,Shift B (Evening),480,480,0,None,916,873,43
SFT_00017,MCH_L1_05,2023-01-06 16:00:00,Shift C (Night),480,480,0,None,875,853,22
SFT_00018,MCH_L2_02,2023-01-07 00:00:00,Shift A (Morning),480,480,0,None,866,846,20
SFT_00019,MCH_L1_02,2023-01-07 08:00:00,Shift B (Evening),480,480,0,None,848,835,13
SFT_00020,MCH_L3_02,2023-01-07 16:00:00,Shift C (Night),480,480,0,None,866,856,10
SFT_00021,MCH_L3_04,2023-01-08 00:00:00,Shift A (Morning),480,475,5,Calibration Lag,843,817,26
SFT_00022,MCH_L2_02,2023-01-08 08:00:00,Shift B (Evening),480,480,0,None,848,831,17
SFT_00023,MCH_L1_05,2023-01-08 16:00:00,Shift C (Night),480,480,0,None,925,886,39
SFT_00024,MCH_L1_02,2023-01-09 00:00:00,Shift A (Morning),480,480,0,None,906,864,42
SFT_00025,MCH_L1_01,2023-01-09 08:00:00,Shift B (Evening),480,480,0,None,849,815,34
SFT_00026,MCH_L2_05,2023-01-09 16:00:00,Shift C (Night),480,480,0,None,885,866,19
SFT_00027,MCH_L1_04,2023-01-10 00:00:00,Shift A (Morning),480,480,0,None,911,873,38
SFT_00028,MCH_L1_03,2023-01-10 08:00:00,Shift B (Evening),480,480,0,None,892,873,19
SFT_00029,MCH_L1_04,2023-01-10 16:00:00,Shift C (Night),480,480,0,None,885,858,27
SFT_00030,MCH_L1_05,2023-01-11 00:00:00,Shift A (Morning),480,458,22,Material Starvation,881,858,23
SFT_00031,MCH_L3_01,2023-01-11 08:00:00,Shift B (Evening),480,480,0,None,895,886,9
SFT_00032,MCH_L3_05,2023-01-11 16:00:00,Shift C (Night),480,439,41,Calibration Lag,846,819,27
SFT_00033,MCH_L3_02,2023-01-12 00:00:00,Shift A (Morning),480,480,0,None,885,875,10
SFT_00034,MCH_L2_02,2023-01-12 08:00:00,Shift B (Evening),480,480,0,None,891,855,36
SFT_00035,MCH_L1_03,2023-01-12 16:00:00,Shift C (Night),480,480,0,None,854,832,22
SFT_00036,MCH_L1_03,2023-01-13 00:00:00,Shift A (Morning),480,480,0,None,874,856,18
SFT_00037,MCH_L1_03,2023-01-13 08:00:00,Shift B (Evening),480,480,0,None,895,886,9
SFT_00038,MCH_L1_01,2023-01-13 16:00:00,Shift C (Night),480,405,75,Pressure Loss,770,747,23
SFT_00039,MCH_L2_02,2023-01-14 00:00:00,Shift A (Morning),480,480,0,None,890,871,19
SFT_00040,MCH_L3_02,2023-01-14 08:00:00,Shift B (Evening),480,462,18,Tool Breakdown,874,842,32
SFT_00041,MCH_L2_01,2023-01-14 16:00:00,Shift C (Night),480,480,0,None,932,894,38
SFT_00042,MCH_L1_04,2023-01-15 00:00:00,Shift A (Morning),480,480,0,None,890,860,30
SFT_00043,MCH_L1_03,2023-01-15 08:00:00,Shift B (Evening),480,480,0,None,846,806,40
SFT_00044,MCH_L2_03,2023-01-15 16:00:00,Shift C (Night),480,430,50,Material Starvation,832,822,10
SFT_00045,MCH_L2_01,2023-01-16 00:00:00,Shift A (Morning),480,480,0,None,850,830,20
SFT_00046,MCH_L2_05,2023-01-16 08:00:00,Shift B (Evening),480,480,0,None,851,827,24
SFT_00047,MCH_L3_04,2023-01-16 16:00:00,Shift C (Night),480,474,6,Material Starvation,889,868,21
SFT_00048,MCH_L2_03,2023-01-17 00:00:00,Shift A (Morning),480,480,0,None,866,833,33
SFT_00049,MCH_L2_03,2023-01-17 08:00:00,Shift B (Evening),480,480,0,None,899,857,42
SFT_00050,MCH_L1_03,2023-01-17 16:00:00,Shift C (Night),480,480,0,None,864,823,41
SFT_00051,MCH_L2_01,2023-01-18 00:00:00,Shift A (Morning),480,337,143,Pressure Loss,617,611,6
SFT_00052,MCH_L2_02,2023-01-18 08:00:00,Shift B (Evening),480,480,0,None,873,830,43
SFT_00053,MCH_L2_03,2023-01-18 16:00:00,Shift C (Night),480,480,0,None,845,832,13
SFT_00054,MCH_L3_01,2023-01-19 00:00:00,Shift A (Morning),480,480,0,None,868,829,39
SFT_00055,MCH_L1_04,2023-01-19 08:00:00,Shift B (Evening),480,480,0,None,922,891,31
SFT_00056,MCH_L3_04,2023-01-19 16:00:00,Shift C (Night),480,480,0,None,899,862,37
SFT_00057,MCH_L1_03,2023-01-20 00:00:00,Shift A (Morning),480,480,0,None,913,894,19
SFT_00058,MCH_L1_02,2023-01-20 08:00:00,Shift B (Evening),480,446,34,Calibration Lag,830,793,37
SFT_00059,MCH_L2_02,2023-01-20 16:00:00,Shift C (Night),480,480,0,None,888,845,43
SFT_00060,MCH_L1_02,2023-01-21 00:00:00,Shift A (Morning),480,455,25,Calibration Lag,875,852,23
SFT_00061,MCH_L3_02,2023-01-21 08:00:00,Shift B (Evening),480,480,0,None,917,904,13
SFT_00062,MCH_L3_02,2023-01-21 16:00:00,Shift C (Night),480,480,0,None,866,846,20
SFT_00063,MCH_L3_05,2023-01-22 00:00:00,Shift A (Morning),480,480,0,None,930,900,30
SFT_00064,MCH_L3_03,2023-01-22 08:00:00,Shift B (Evening),480,460,20,Pressure Loss,899,882,17
SFT_00065,MCH_L2_01,2023-01-22 16:00:00,Shift C (Night),480,480,0,None,936,922,14
SFT_00066,MCH_L3_03,2023-01-23 00:00:00,Shift A (Morning),480,480,0,None,901,873,28
SFT_00067,MCH_L2_03,2023-01-23 08:00:00,Shift B (Evening),480,480,0,None,889,880,9
SFT_00068,MCH_L2_04,2023-01-23 16:00:00,Shift C (Night),480,480,0,None,919,889,30
SFT_00069,MCH_L2_01,2023-01-24 00:00:00,Shift A (Morning),480,480,0,None,848,839,9
SFT_00070,MCH_L1_02,2023-01-24 08:00:00,Shift B (Evening),480,480,0,None,880,841,39
SFT_00071,MCH_L3_04,2023-01-24 16:00:00,Shift C (Night),480,451,29,Calibration Lag,844,805,39
SFT_00072,MCH_L1_04,2023-01-25 00:00:00,Shift A (Morning),480,440,40,Pressure Loss,845,811,34
SFT_00073,MCH_L2_04,2023-01-25 08:00:00,Shift B (Evening),480,480,0,None,852,814,38
SFT_00074,MCH_L2_02,2023-01-25 16:00:00,Shift C (Night),480,464,16,Tool Breakdown,896,857,39
SFT_00075,MCH_L2_05,2023-01-26 00:00:00,Shift A (Morning),480,480,0,None,936,896,40
SFT_00076,MCH_L2_01,2023-01-26 08:00:00,Shift B (Evening),480,480,0,None,930,897,33
SFT_00077,MCH_L1_02,2023-01-26 16:00:00,Shift C (Night),480,480,0,None,890,867,23
SFT_00078,MCH_L3_05,2023-01-27 00:00:00,Shift A (Morning),480,480,0,None,899,865,34
SFT_00079,MCH_L1_03,2023-01-27 08:00:00,Shift B (Evening),480,480,0,None,882,867,15
SFT_00080,MCH_L1_04,2023-01-27 16:00:00,Shift C (Night),480,480,0,None,882,856,26
SFT_00081,MCH_L1_01,2023-01-28 00:00:00,Shift A (Morning),480,480,0,None,863,830,33
SFT_00082,MCH_L3_05,2023-01-28 08:00:00,Shift B (Evening),480,480,0,None,871,849,22
SFT_00083,MCH_L3_02,2023-01-28 16:00:00,Shift C (Night),480,480,0,None,898,873,25
SFT_00084,MCH_L2_03,2023-01-29 00:00:00,Shift A (Morning),480,429,51,Calibration Lag,827,806,21
SFT_00085,MCH_L3_01,2023-01-29 08:00:00,Shift B (Evening),480,355,125,Material Starvation,688,666,22
SFT_00086,MCH_L3_05,2023-01-29 16:00:00,Shift C (Night),480,404,76,Pressure Loss,790,757,33
SFT_00087,MCH_L2_01,2023-01-30 00:00:00,Shift A (Morning),480,480,0,None,874,846,28
SFT_00088,MCH_L1_01,2023-01-30 08:00:00,Shift B (Evening),480,453,27,Tool Breakdown,824,800,24
SFT_00089,MCH_L2_02,2023-01-30 16:00:00,Shift C (Night),480,480,0,None,931,888,43
SFT_00090,MCH_L2_01,2023-01-31 00:00:00,Shift A (Morning),480,480,0,None,897,872,25
SFT_00091,MCH_L2_05,2023-01-31 08:00:00,Shift B (Evening),480,480,0,None,937,911,26
SFT_00092,MCH_L3_03,2023-01-31 16:00:00,Shift C (Night),480,480,0,None,857,823,34
SFT_00093,MCH_L3_03,2023-02-01 00:00:00,Shift A (Morning),480,480,0,None,935,900,35
SFT_00094,MCH_L1_01,2023-02-01 08:00:00,Shift B (Evening),480,480,0,None,912,900,12
SFT_00095,MCH_L2_04,2023-02-01 16:00:00,Shift C (Night),480,480,0,None,918,909,9
SFT_00096,MCH_L3_03,2023-02-02 00:00:00,Shift A (Morning),480,480,0,None,895,886,9
SFT_00097,MCH_L2_01,2023-02-02 08:00:00,Shift B (Evening),480,480,0,None,909,868,41
SFT_00098,MCH_L2_02,2023-02-02 16:00:00,Shift C (Night),480,390,90,Calibration Lag,705,692,13
SFT_00099,MCH_L3_03,2023-02-03 00:00:00,Shift A (Morning),480,480,0,None,927,905,22
SFT_00100,MCH_L2_05,2023-02-03 08:00:00,Shift B (Evening),480,480,0,None,857,826,31
SFT_00101,MCH_L3_05,2023-02-03 16:00:00,Shift C (Night),480,453,27,Material Starvation,815,806,9
SFT_00102,MCH_L3_01,2023-02-04 00:00:00,Shift A (Morning),480,452,28,Tool Breakdown,876,867,9
SFT_00103,MCH_L1_02,2023-02-04 08:00:00,Shift B (Evening),480,480,0,None,899,861,38
SFT_00104,MCH_L3_01,2023-02-04 16:00:00,Shift C (Night),480,480,0,None,875,841,34
SFT_00105,MCH_L3_01,2023-02-05 00:00:00,Shift A (Morning),480,446,34,Tool Breakdown,831,791,40
SFT_00106,MCH_L1_01,2023-02-05 08:00:00,Shift B (Evening),480,405,75,Material Starvation,773,745,28
SFT_00107,MCH_L2_01,2023-02-05 16:00:00,Shift C (Night),480,480,0,None,915,887,28
SFT_00108,MCH_L1_04,2023-02-06 00:00:00,Shift A (Morning),480,480,0,None,869,827,42
SFT_00109,MCH_L3_05,2023-02-06 08:00:00,Shift B (Evening),480,480,0,None,872,831,41
SFT_00110,MCH_L1_05,2023-02-06 16:00:00,Shift C (Night),480,480,0,None,866,848,18
SFT_00111,MCH_L2_01,2023-02-07 00:00:00,Shift A (Morning),480,480,0,None,913,886,27
SFT_00112,MCH_L1_04,2023-02-07 08:00:00,Shift B (Evening),480,480,0,None,880,863,17
SFT_00113,MCH_L2_04,2023-02-07 16:00:00,Shift C (Night),480,471,9,Material Starvation,909,865,44
SFT_00114,MCH_L1_02,2023-02-08 00:00:00,Shift A (Morning),480,480,0,None,871,835,36
SFT_00115,MCH_L1_02,2023-02-08 08:00:00,Shift B (Evening),480,480,0,None,902,874,28
SFT_00116,MCH_L3_05,2023-02-08 16:00:00,Shift C (Night),480,473,7,Tool Breakdown,913,873,40
SFT_00117,MCH_L3_02,2023-02-09 00:00:00,Shift A (Morning),480,480,0,None,885,864,21
SFT_00118,MCH_L1_02,2023-02-09 08:00:00,Shift B (Evening),480,453,27,Material Starvation,840,828,12
SFT_00119,MCH_L2_01,2023-02-09 16:00:00,Shift C (Night),480,480,0,None,880,865,15
SFT_00120,MCH_L1_02,2023-02-10 00:00:00,Shift A (Morning),480,480,0,None,922,910,12
SFT_00121,MCH_L2_03,2023-02-10 08:00:00,Shift B (Evening),480,480,0,None,900,880,20
SFT_00122,MCH_L1_04,2023-02-10 16:00:00,Shift C (Night),480,341,139,Tool Breakdown,667,635,32
SFT_00123,MCH_L1_01,2023-02-11 00:00:00,Shift A (Morning),480,480,0,None,853,842,11
SFT_00124,MCH_L1_03,2023-02-11 08:00:00,Shift B (Evening),480,480,0,None,931,904,27
SFT_00125,MCH_L3_04,2023-02-11 16:00:00,Shift C (Night),480,478,2,Calibration Lag,889,868,21
SFT_00126,MCH_L3_03,2023-02-12 00:00:00,Shift A (Morning),480,480,0,None,861,848,13
SFT_00127,MCH_L2_04,2023-02-12 08:00:00,Shift B (Evening),480,480,0,None,876,837,39
SFT_00128,MCH_L2_02,2023-02-12 16:00:00,Shift C (Night),480,480,0,None,898,855,43
SFT_00129,MCH_L1_04,2023-02-13 00:00:00,Shift A (Morning),480,480,0,None,881,862,19
SFT_00130,MCH_L3_03,2023-02-13 08:00:00,Shift B (Evening),480,480,0,None,921,912,9
SFT_00131,MCH_L3_01,2023-02-13 16:00:00,Shift C (Night),480,468,12,Calibration Lag,840,804,36
SFT_00132,MCH_L3_05,2023-02-14 00:00:00,Shift A (Morning),480,435,45,Material Starvation,768,754,14
SFT_00133,MCH_L1_01,2023-02-14 08:00:00,Shift B (Evening),480,480,0,None,844,833,11
SFT_00134,MCH_L2_02,2023-02-14 16:00:00,Shift C (Night),480,480,0,None,898,863,35
SFT_00135,MCH_L3_05,2023-02-15 00:00:00,Shift A (Morning),480,480,0,None,936,908,28
SFT_00136,MCH_L2_05,2023-02-15 08:00:00,Shift B (Evening),480,476,4,Tool Breakdown,927,897,30
SFT_00137,MCH_L1_03,2023-02-15 16:00:00,Shift C (Night),480,453,27,Calibration Lag,884,855,29
SFT_00138,MCH_L2_05,2023-02-16 00:00:00,Shift A (Morning),480,478,2,Tool Breakdown,882,870,12
SFT_00139,MCH_L3_02,2023-02-16 08:00:00,Shift B (Evening),480,465,15,Pressure Loss,850,839,11
SFT_00140,MCH_L2_03,2023-02-16 16:00:00,Shift C (Night),480,480,0,None,882,856,26
SFT_00141,MCH_L3_04,2023-02-17 00:00:00,Shift A (Morning),480,480,0,None,861,828,33
SFT_00142,MCH_L1_05,2023-02-17 08:00:00,Shift B (Evening),480,480,0,None,876,845,31
SFT_00143,MCH_L3_04,2023-02-17 16:00:00,Shift C (Night),480,480,0,None,899,860,39
SFT_00144,MCH_L1_03,2023-02-18 00:00:00,Shift A (Morning),480,469,11,Pressure Loss,884,859,25
SFT_00145,MCH_L3_01,2023-02-18 08:00:00,Shift B (Evening),480,446,34,Pressure Loss,831,813,18
SFT_00146,MCH_L1_02,2023-02-18 16:00:00,Shift C (Night),480,472,8,Pressure Loss,876,860,16
SFT_00147,MCH_L2_01,2023-02-19 00:00:00,Shift A (Morning),480,480,0,None,893,862,31
SFT_00148,MCH_L3_02,2023-02-19 08:00:00,Shift B (Evening),480,469,11,Pressure Loss,859,845,14
SFT_00149,MCH_L3_03,2023-02-19 16:00:00,Shift C (Night),480,480,0,None,862,836,26
SFT_00150,MCH_L1_02,2023-02-20 00:00:00,Shift A (Morning),480,334,146,Pressure Loss,653,637,16
SFT_00151,MCH_L2_01,2023-02-20 08:00:00,Shift B (Evening),480,480,0,None,860,829,31
SFT_00152,MCH_L3_04,2023-02-20 16:00:00,Shift C (Night),480,480,0,None,929,887,42
SFT_00153,MCH_L2_04,2023-02-21 00:00:00,Shift A (Morning),480,477,3,Calibration Lag,861,842,19
SFT_00154,MCH_L3_01,2023-02-21 08:00:00,Shift B (Evening),480,392,88,Pressure Loss,759,724,35
SFT_00155,MCH_L3_01,2023-02-21 16:00:00,Shift C (Night),480,480,0,None,903,860,43
SFT_00156,MCH_L2_03,2023-02-22 00:00:00,Shift A (Morning),480,480,0,None,894,860,34
SFT_00157,MCH_L3_01,2023-02-22 08:00:00,Shift B (Evening),480,480,0,None,852,833,19
SFT_00158,MCH_L2_01,2023-02-22 16:00:00,Shift C (Night),480,480,0,None,866,851,15
SFT_00159,MCH_L2_03,2023-02-23 00:00:00,Shift A (Morning),480,461,19,Material Starvation,820,788,32
SFT_00160,MCH_L3_02,2023-02-23 08:00:00,Shift B (Evening),480,455,25,Material Starvation,867,853,14
SFT_00161,MCH_L1_04,2023-02-23 16:00:00,Shift C (Night),480,480,0,None,874,831,43
SFT_00162,MCH_L2_03,2023-02-24 00:00:00,Shift A (Morning),480,462,18,Tool Breakdown,895,862,33
SFT_00163,MCH_L2_02,2023-02-24 08:00:00,Shift B (Evening),480,434,46,Tool Breakdown,804,780,24
SFT_00164,MCH_L1_05,2023-02-24 16:00:00,Shift C (Night),480,480,0,None,885,862,23
SFT_00165,MCH_L1_02,2023-02-25 00:00:00,Shift A (Morning),480,392,88,Tool Breakdown,750,716,34
SFT_00166,MCH_L2_05,2023-02-25 08:00:00,Shift B (Evening),480,474,6,Material Starvation,920,911,9
SFT_00167,MCH_L3_01,2023-02-25 16:00:00,Shift C (Night),480,480,0,None,940,911,29
SFT_00168,MCH_L2_04,2023-02-26 00:00:00,Shift A (Morning),480,422,58,Material Starvation,803,792,11
SFT_00169,MCH_L2_04,2023-02-26 08:00:00,Shift B (Evening),480,480,0,None,920,907,13
SFT_00170,MCH_L2_03,2023-02-26 16:00:00,Shift C (Night),480,480,0,None,936,895,41
SFT_00171,MCH_L2_04,2023-02-27 00:00:00,Shift A (Morning),480,457,23,Tool Breakdown,894,875,19
SFT_00172,MCH_L3_01,2023-02-27 08:00:00,Shift B (Evening),480,397,83,Tool Breakdown,768,739,29
SFT_00173,MCH_L3_05,2023-02-27 16:00:00,Shift C (Night),480,480,0,None,845,809,36
SFT_00174,MCH_L1_01,2023-02-28 00:00:00,Shift A (Morning),480,480,0,None,873,853,20
SFT_00175,MCH_L2_05,2023-02-28 08:00:00,Shift B (Evening),480,480,0,None,874,846,28
SFT_00176,MCH_L1_02,2023-02-28 16:00:00,Shift C (Night),480,476,4,Pressure Loss,855,829,26
SFT_00177,MCH_L3_03,2023-03-01 00:00:00,Shift A (Morning),480,480,0,None,878,851,27
SFT_00178,MCH_L2_05,2023-03-01 08:00:00,Shift B (Evening),480,480,0,None,890,872,18
SFT_00179,MCH_L3_02,2023-03-01 16:00:00,Shift C (Night),480,480,0,None,915,876,39
SFT_00180,MCH_L2_03,2023-03-02 00:00:00,Shift A (Morning),480,463,17,Pressure Loss,906,862,44
SFT_00181,MCH_L1_01,2023-03-02 08:00:00,Shift B (Evening),480,480,0,None,940,931,9
SFT_00182,MCH_L3_03,2023-03-02 16:00:00,Shift C (Night),480,480,0,None,897,866,31
SFT_00183,MCH_L1_02,2023-03-03 00:00:00,Shift A (Morning),480,421,59,Material Starvation,811,778,33
SFT_00184,MCH_L2_02,2023-03-03 08:00:00,Shift B (Evening),480,480,0,None,928,914,14
SFT_00185,MCH_L1_01,2023-03-03 16:00:00,Shift C (Night),480,473,7,Material Starvation,834,816,18
SFT_00186,MCH_L2_04,2023-03-04 00:00:00,Shift A (Morning),480,480,0,None,890,881,9
SFT_00187,MCH_L1_03,2023-03-04 08:00:00,Shift B (Evening),480,480,0,None,896,871,25
SFT_00188,MCH_L1_05,2023-03-04 16:00:00,Shift C (Night),480,480,0,None,924,902,22
SFT_00189,MCH_L3_05,2023-03-05 00:00:00,Shift A (Morning),480,430,50,Calibration Lag,823,795,28
SFT_00190,MCH_L3_01,2023-03-05 08:00:00,Shift B (Evening),480,454,26,Tool Breakdown,836,796,40
SFT_00191,MCH_L3_01,2023-03-05 16:00:00,Shift C (Night),480,468,12,Material Starvation,832,795,37
SFT_00192,MCH_L1_01,2023-03-06 00:00:00,Shift A (Morning),480,480,0,None,881,866,15
SFT_00193,MCH_L3_04,2023-03-06 08:00:00,Shift B (Evening),480,480,0,None,872,844,28
SFT_00194,MCH_L3_02,2023-03-06 16:00:00,Shift C (Night),480,480,0,None,848,821,27
SFT_00195,MCH_L2_05,2023-03-07 00:00:00,Shift A (Morning),480,480,0,None,940,912,28
SFT_00196,MCH_L3_01,2023-03-07 08:00:00,Shift B (Evening),480,480,0,None,909,878,31
SFT_00197,MCH_L3_05,2023-03-07 16:00:00,Shift C (Night),480,480,0,None,935,889,46
SFT_00198,MCH_L2_05,2023-03-08 00:00:00,Shift A (Morning),480,480,0,None,936,897,39
SFT_00199,MCH_L3_02,2023-03-08 08:00:00,Shift B (Evening),480,480,0,None,859,818,41
SFT_00200,MCH_L3_04,2023-03-08 16:00:00,Shift C (Night),480,480,0,None,860,840,20
SFT_00201,MCH_L2_02,2023-03-09 00:00:00,Shift A (Morning),480,480,0,None,937,927,10
SFT_00202,MCH_L3_01,2023-03-09 08:00:00,Shift B (Evening),480,479,1,Material Starvation,868,845,23
SFT_00203,MCH_L1_02,2023-03-09 16:00:00,Shift C (Night),480,480,0,None,883,857,26
SFT_00204,MCH_L3_02,2023-03-10 00:00:00,Shift A (Morning),480,480,0,None,937,892,45
SFT_00205,MCH_L1_01,2023-03-10 08:00:00,Shift B (Evening),480,480,0,None,897,887,10
SFT_00206,MCH_L1_02,2023-03-10 16:00:00,Shift C (Night),480,480,0,None,880,843,37
SFT_00207,MCH_L1_03,2023-03-11 00:00:00,Shift A (Morning),480,480,0,None,894,861,33
SFT_00208,MCH_L3_04,2023-03-11 08:00:00,Shift B (Evening),480,480,0,None,873,838,35
SFT_00209,MCH_L2_03,2023-03-11 16:00:00,Shift C (Night),480,460,20,Calibration Lag,885,851,34
SFT_00210,MCH_L3_05,2023-03-12 00:00:00,Shift A (Morning),480,470,10,Tool Breakdown,873,860,13
SFT_00211,MCH_L2_02,2023-03-12 08:00:00,Shift B (Evening),480,480,0,None,932,886,46
SFT_00212,MCH_L1_03,2023-03-12 16:00:00,Shift C (Night),480,402,78,Calibration Lag,752,742,10
SFT_00213,MCH_L3_04,2023-03-13 00:00:00,Shift A (Morning),480,444,36,Material Starvation,797,765,32
SFT_00214,MCH_L1_02,2023-03-13 08:00:00,Shift B (Evening),480,479,1,Tool Breakdown,883,844,39
SFT_00215,MCH_L3_02,2023-03-13 16:00:00,Shift C (Night),480,480,0,None,924,903,21
SFT_00216,MCH_L3_03,2023-03-14 00:00:00,Shift A (Morning),480,470,10,Pressure Loss,893,849,44
SFT_00217,MCH_L2_02,2023-03-14 08:00:00,Shift B (Evening),480,459,21,Calibration Lag,837,828,9
SFT_00218,MCH_L3_02,2023-03-14 16:00:00,Shift C (Night),480,467,13,Pressure Loss,824,800,24
SFT_00219,MCH_L1_05,2023-03-15 00:00:00,Shift A (Morning),480,480,0,None,894,865,29
SFT_00220,MCH_L2_02,2023-03-15 08:00:00,Shift B (Evening),480,480,0,None,869,849,20
SFT_00221,MCH_L2_05,2023-03-15 16:00:00,Shift C (Night),480,430,50,Pressure Loss,817,796,21
SFT_00222,MCH_L3_03,2023-03-16 00:00:00,Shift A (Morning),480,480,0,None,854,814,40
SFT_00223,MCH_L1_05,2023-03-16 08:00:00,Shift B (Evening),480,480,0,None,901,873,28
SFT_00224,MCH_L3_02,2023-03-16 16:00:00,Shift C (Night),480,480,0,None,860,824,36
SFT_00225,MCH_L3_01,2023-03-17 00:00:00,Shift A (Morning),480,449,31,Material Starvation,818,792,26
SFT_00226,MCH_L1_01,2023-03-17 08:00:00,Shift B (Evening),480,440,40,Material Starvation,794,778,16
SFT_00227,MCH_L3_01,2023-03-17 16:00:00,Shift C (Night),480,480,0,None,857,838,19
SFT_00228,MCH_L1_02,2023-03-18 00:00:00,Shift A (Morning),480,480,0,None,860,820,40
SFT_00229,MCH_L2_01,2023-03-18 08:00:00,Shift B (Evening),480,480,0,None,923,881,42
SFT_00230,MCH_L2_05,2023-03-18 16:00:00,Shift C (Night),480,472,8,Material Starvation,906,895,11
SFT_00231,MCH_L1_03,2023-03-19 00:00:00,Shift A (Morning),480,480,0,None,914,884,30
SFT_00232,MCH_L3_01,2023-03-19 08:00:00,Shift B (Evening),480,480,0,None,937,911,26
SFT_00233,MCH_L1_02,2023-03-19 16:00:00,Shift C (Night),480,413,67,Material Starvation,783,758,25
SFT_00234,MCH_L1_01,2023-03-20 00:00:00,Shift A (Morning),480,480,0,None,878,846,32
SFT_00235,MCH_L3_02,2023-03-20 08:00:00,Shift B (Evening),480,410,70,Tool Breakdown,727,692,35
SFT_00236,MCH_L2_04,2023-03-20 16:00:00,Shift C (Night),480,480,0,None,866,848,18
SFT_00237,MCH_L2_03,2023-03-21 00:00:00,Shift A (Morning),480,480,0,None,928,888,40
SFT_00238,MCH_L3_01,2023-03-21 08:00:00,Shift B (Evening),480,480,0,None,849,824,25
SFT_00239,MCH_L3_04,2023-03-21 16:00:00,Shift C (Night),480,480,0,None,914,891,23
SFT_00240,MCH_L1_04,2023-03-22 00:00:00,Shift A (Morning),480,473,7,Tool Breakdown,898,877,21
SFT_00241,MCH_L1_04,2023-03-22 08:00:00,Shift B (Evening),480,480,0,None,929,900,29
SFT_00242,MCH_L1_01,2023-03-22 16:00:00,Shift C (Night),480,470,10,Tool Breakdown,917,900,17
SFT_00243,MCH_L1_05,2023-03-23 00:00:00,Shift A (Morning),480,480,0,None,885,861,24
SFT_00244,MCH_L3_05,2023-03-23 08:00:00,Shift B (Evening),480,480,0,None,919,900,19
SFT_00245,MCH_L2_05,2023-03-23 16:00:00,Shift C (Night),480,480,0,None,849,833,16
SFT_00246,MCH_L3_02,2023-03-24 00:00:00,Shift A (Morning),480,480,0,None,862,848,14
SFT_00247,MCH_L1_04,2023-03-24 08:00:00,Shift B (Evening),480,480,0,None,848,811,37
SFT_00248,MCH_L2_05,2023-03-24 16:00:00,Shift C (Night),480,480,0,None,867,826,41
SFT_00249,MCH_L3_05,2023-03-25 00:00:00,Shift A (Morning),480,480,0,None,907,879,28
SFT_00250,MCH_L2_02,2023-03-25 08:00:00,Shift B (Evening),480,445,35,Tool Breakdown,833,807,26
SFT_00251,MCH_L1_01,2023-03-25 16:00:00,Shift C (Night),480,480,0,None,917,903,14
SFT_00252,MCH_L3_03,2023-03-26 00:00:00,Shift A (Morning),480,461,19,Tool Breakdown,815,787,28
SFT_00253,MCH_L3_02,2023-03-26 08:00:00,Shift B (Evening),480,457,23,Tool Breakdown,853,817,36
SFT_00254,MCH_L3_04,2023-03-26 16:00:00,Shift C (Night),480,437,43,Calibration Lag,808,798,10
SFT_00255,MCH_L2_01,2023-03-27 00:00:00,Shift A (Morning),480,480,0,None,933,891,42
SFT_00256,MCH_L3_01,2023-03-27 08:00:00,Shift B (Evening),480,474,6,Material Starvation,883,874,9
SFT_00257,MCH_L1_01,2023-03-27 16:00:00,Shift C (Night),480,480,0,None,927,898,29
SFT_00258,MCH_L1_01,2023-03-28 00:00:00,Shift A (Morning),480,480,0,None,906,894,12
SFT_00259,MCH_L2_03,2023-03-28 08:00:00,Shift B (Evening),480,219,261,Pressure Loss,423,411,12
SFT_00260,MCH_L3_04,2023-03-28 16:00:00,Shift C (Night),480,440,40,Material Starvation,799,781,18
SFT_00261,MCH_L3_01,2023-03-29 00:00:00,Shift A (Morning),480,235,245,Tool Breakdown,416,399,17
SFT_00262,MCH_L2_03,2023-03-29 08:00:00,Shift B (Evening),480,480,0,None,938,910,28
SFT_00263,MCH_L1_04,2023-03-29 16:00:00,Shift C (Night),480,412,68,Tool Breakdown,755,730,25
SFT_00264,MCH_L3_03,2023-03-30 00:00:00,Shift A (Morning),480,480,0,None,912,894,18
SFT_00265,MCH_L3_03,2023-03-30 08:00:00,Shift B (Evening),480,480,0,None,931,898,33
SFT_00266,MCH_L2_01,2023-03-30 16:00:00,Shift C (Night),480,480,0,None,899,890,9
SFT_00267,MCH_L3_03,2023-03-31 00:00:00,Shift A (Morning),480,480,0,None,897,884,13
SFT_00268,MCH_L1_02,2023-03-31 08:00:00,Shift B (Evening),480,344,136,Material Starvation,606,592,14
SFT_00269,MCH_L3_05,2023-03-31 16:00:00,Shift C (Night),480,478,2,Tool Breakdown,907,878,29
SFT_00270,MCH_L1_01,2023-04-01 00:00:00,Shift A (Morning),480,412,68,Pressure Loss,742,731,11
SFT_00271,MCH_L1_05,2023-04-01 08:00:00,Shift B (Evening),480,480,0,None,860,821,39
SFT_00272,MCH_L3_05,2023-04-01 16:00:00,Shift C (Night),480,480,0,None,874,859,15
SFT_00273,MCH_L3_02,2023-04-02 00:00:00,Shift A (Morning),480,480,0,None,904,890,14
SFT_00274,MCH_L3_05,2023-04-02 08:00:00,Shift B (Evening),480,456,24,Material Starvation,813,786,27
SFT_00275,MCH_L2_02,2023-04-02 16:00:00,Shift C (Night),480,480,0,None,862,853,9
SFT_00276,MCH_L2_04,2023-04-03 00:00:00,Shift A (Morning),480,480,0,None,886,844,42
SFT_00277,MCH_L1_05,2023-04-03 08:00:00,Shift B (Evening),480,480,0,None,902,880,22
SFT_00278,MCH_L1_02,2023-04-03 16:00:00,Shift C (Night),480,480,0,None,885,845,40
SFT_00279,MCH_L1_03,2023-04-04 00:00:00,Shift A (Morning),480,480,0,None,921,884,37
SFT_00280,MCH_L1_05,2023-04-04 08:00:00,Shift B (Evening),480,480,0,None,919,884,35
SFT_00281,MCH_L3_04,2023-04-04 16:00:00,Shift C (Night),480,480,0,None,927,891,36
SFT_00282,MCH_L1_03,2023-04-05 00:00:00,Shift A (Morning),480,371,109,Tool Breakdown,711,694,17
SFT_00283,MCH_L3_02,2023-04-05 08:00:00,Shift B (Evening),480,480,0,None,931,894,37
SFT_00284,MCH_L3_02,2023-04-05 16:00:00,Shift C (Night),480,480,0,None,905,863,42
SFT_00285,MCH_L2_02,2023-04-06 00:00:00,Shift A (Morning),480,480,0,None,850,834,16
SFT_00286,MCH_L2_03,2023-04-06 08:00:00,Shift B (Evening),480,480,0,None,880,843,37
SFT_00287,MCH_L1_02,2023-04-06 16:00:00,Shift C (Night),480,319,161,Calibration Lag,610,582,28
SFT_00288,MCH_L3_04,2023-04-07 00:00:00,Shift A (Morning),480,480,0,None,850,809,41
SFT_00289,MCH_L3_05,2023-04-07 08:00:00,Shift B (Evening),480,480,0,None,894,865,29
SFT_00290,MCH_L2_01,2023-04-07 16:00:00,Shift C (Night),480,480,0,None,905,882,23
SFT_00291,MCH_L2_03,2023-04-08 00:00:00,Shift A (Morning),480,480,0,None,905,876,29
SFT_00292,MCH_L3_01,2023-04-08 08:00:00,Shift B (Evening),480,480,0,None,889,849,40
SFT_00293,MCH_L3_03,2023-04-08 16:00:00,Shift C (Night),480,480,0,None,855,824,31
SFT_00294,MCH_L2_03,2023-04-09 00:00:00,Shift A (Morning),480,480,0,None,929,919,10
SFT_00295,MCH_L1_05,2023-04-09 08:00:00,Shift B (Evening),480,480,0,None,930,896,34
SFT_00296,MCH_L3_03,2023-04-09 16:00:00,Shift C (Night),480,480,0,None,864,826,38
SFT_00297,MCH_L2_01,2023-04-10 00:00:00,Shift A (Morning),480,480,0,None,863,842,21
SFT_00298,MCH_L1_02,2023-04-10 08:00:00,Shift B (Evening),480,480,0,None,922,907,15
SFT_00299,MCH_L3_04,2023-04-10 16:00:00,Shift C (Night),480,480,0,None,938,916,22
SFT_00300,MCH_L2_05,2023-04-11 00:00:00,Shift A (Morning),480,480,0,None,874,861,13
SFT_00301,MCH_L1_03,2023-04-11 08:00:00,Shift B (Evening),480,480,0,None,908,870,38
SFT_00302,MCH_L1_01,2023-04-11 16:00:00,Shift C (Night),480,480,0,None,845,820,25
SFT_00303,MCH_L2_02,2023-04-12 00:00:00,Shift A (Morning),480,383,97,Material Starvation,707,687,20
SFT_00304,MCH_L3_04,2023-04-12 08:00:00,Shift B (Evening),480,446,34,Tool Breakdown,815,795,20
SFT_00305,MCH_L1_03,2023-04-12 16:00:00,Shift C (Night),480,463,17,Pressure Loss,832,805,27
SFT_00306,MCH_L2_03,2023-04-13 00:00:00,Shift A (Morning),480,461,19,Tool Breakdown,816,800,16
SFT_00307,MCH_L3_03,2023-04-13 08:00:00,Shift B (Evening),480,480,0,None,875,839,36
SFT_00308,MCH_L2_01,2023-04-13 16:00:00,Shift C (Night),480,428,52,Calibration Lag,763,754,9
SFT_00309,MCH_L3_03,2023-04-14 00:00:00,Shift A (Morning),480,480,0,None,910,868,42
SFT_00310,MCH_L2_03,2023-04-14 08:00:00,Shift B (Evening),480,480,0,None,903,881,22
SFT_00311,MCH_L3_02,2023-04-14 16:00:00,Shift C (Night),480,480,0,None,928,890,38
SFT_00312,MCH_L1_05,2023-04-15 00:00:00,Shift A (Morning),480,468,12,Tool Breakdown,825,811,14
SFT_00313,MCH_L1_05,2023-04-15 08:00:00,Shift B (Evening),480,480,0,None,873,858,15
SFT_00314,MCH_L2_02,2023-04-15 16:00:00,Shift C (Night),480,480,0,None,919,897,22
SFT_00315,MCH_L2_03,2023-04-16 00:00:00,Shift A (Morning),480,444,36,Material Starvation,858,835,23
SFT_00316,MCH_L3_02,2023-04-16 08:00:00,Shift B (Evening),480,480,0,None,903,869,34
SFT_00317,MCH_L3_03,2023-04-16 16:00:00,Shift C (Night),480,480,0,None,868,834,34
SFT_00318,MCH_L3_04,2023-04-17 00:00:00,Shift A (Morning),480,423,57,Tool Breakdown,755,737,18
SFT_00319,MCH_L3_05,2023-04-17 08:00:00,Shift B (Evening),480,480,0,None,848,834,14
SFT_00320,MCH_L2_01,2023-04-17 16:00:00,Shift C (Night),480,480,0,None,868,833,35
SFT_00321,MCH_L1_05,2023-04-18 00:00:00,Shift A (Morning),480,480,0,None,847,805,42
SFT_00322,MCH_L1_04,2023-04-18 08:00:00,Shift B (Evening),480,480,0,None,845,834,11
SFT_00323,MCH_L1_01,2023-04-18 16:00:00,Shift C (Night),480,480,0,None,917,899,18
SFT_00324,MCH_L3_01,2023-04-19 00:00:00,Shift A (Morning),480,480,0,None,912,900,12
SFT_00325,MCH_L1_02,2023-04-19 08:00:00,Shift B (Evening),480,480,0,None,904,894,10
SFT_00326,MCH_L1_04,2023-04-19 16:00:00,Shift C (Night),480,480,0,None,876,858,18
SFT_00327,MCH_L3_05,2023-04-20 00:00:00,Shift A (Morning),480,468,12,Tool Breakdown,878,859,19
SFT_00328,MCH_L2_05,2023-04-20 08:00:00,Shift B (Evening),480,480,0,None,850,836,14
SFT_00329,MCH_L1_03,2023-04-20 16:00:00,Shift C (Night),480,478,2,Tool Breakdown,909,900,9
SFT_00330,MCH_L2_04,2023-04-21 00:00:00,Shift A (Morning),480,399,81,Material Starvation,742,719,23
SFT_00331,MCH_L1_04,2023-04-21 08:00:00,Shift B (Evening),480,480,0,None,867,839,28
SFT_00332,MCH_L2_04,2023-04-21 16:00:00,Shift C (Night),480,388,92,Tool Breakdown,746,730,16
SFT_00333,MCH_L2_04,2023-04-22 00:00:00,Shift A (Morning),480,480,0,None,854,829,25
SFT_00334,MCH_L3_01,2023-04-22 08:00:00,Shift B (Evening),480,354,126,Pressure Loss,629,612,17
SFT_00335,MCH_L3_02,2023-04-22 16:00:00,Shift C (Night),480,480,0,None,923,912,11
SFT_00336,MCH_L2_03,2023-04-23 00:00:00,Shift A (Morning),480,480,0,None,908,877,31
SFT_00337,MCH_L3_04,2023-04-23 08:00:00,Shift B (Evening),480,480,0,None,888,877,11
SFT_00338,MCH_L2_05,2023-04-23 16:00:00,Shift C (Night),480,480,0,None,919,896,23
SFT_00339,MCH_L1_03,2023-04-24 00:00:00,Shift A (Morning),480,480,0,None,877,841,36
SFT_00340,MCH_L2_04,2023-04-24 08:00:00,Shift B (Evening),480,480,0,None,858,842,16
SFT_00341,MCH_L1_03,2023-04-24 16:00:00,Shift C (Night),480,480,0,None,858,841,17
SFT_00342,MCH_L2_04,2023-04-25 00:00:00,Shift A (Morning),480,480,0,None,887,853,34
SFT_00343,MCH_L1_03,2023-04-25 08:00:00,Shift B (Evening),480,480,0,None,853,845,8
SFT_00344,MCH_L3_02,2023-04-25 16:00:00,Shift C (Night),480,480,0,None,902,885,17
SFT_00345,MCH_L3_02,2023-04-26 00:00:00,Shift A (Morning),480,398,82,Pressure Loss,702,678,24
SFT_00346,MCH_L1_03,2023-04-26 08:00:00,Shift B (Evening),480,480,0,None,929,910,19
SFT_00347,MCH_L3_03,2023-04-26 16:00:00,Shift C (Night),480,480,0,None,893,881,12
SFT_00348,MCH_L3_05,2023-04-27 00:00:00,Shift A (Morning),480,480,0,None,903,862,41
SFT_00349,MCH_L1_04,2023-04-27 08:00:00,Shift B (Evening),480,480,0,None,903,875,28
SFT_00350,MCH_L2_03,2023-04-27 16:00:00,Shift C (Night),480,480,0,None,911,882,29
SFT_00351,MCH_L2_02,2023-04-28 00:00:00,Shift A (Morning),480,480,0,None,884,872,12
SFT_00352,MCH_L3_04,2023-04-28 08:00:00,Shift B (Evening),480,452,28,Material Starvation,863,849,14
SFT_00353,MCH_L1_01,2023-04-28 16:00:00,Shift C (Night),480,480,0,None,875,850,25
SFT_00354,MCH_L1_01,2023-04-29 00:00:00,Shift A (Morning),480,480,0,None,902,879,23
SFT_00355,MCH_L2_03,2023-04-29 08:00:00,Shift B (Evening),480,480,0,None,877,842,35
SFT_00356,MCH_L1_02,2023-04-29 16:00:00,Shift C (Night),480,480,0,None,898,887,11
SFT_00357,MCH_L1_05,2023-04-30 00:00:00,Shift A (Morning),480,463,17,Calibration Lag,835,815,20
SFT_00358,MCH_L1_01,2023-04-30 08:00:00,Shift B (Evening),480,382,98,Tool Breakdown,717,686,31
SFT_00359,MCH_L3_05,2023-04-30 16:00:00,Shift C (Night),480,409,71,Pressure Loss,728,709,19
SFT_00360,MCH_L2_04,2023-05-01 00:00:00,Shift A (Morning),480,439,41,Tool Breakdown,789,760,29
SFT_00361,MCH_L3_03,2023-05-01 08:00:00,Shift B (Evening),480,480,0,None,887,865,22
SFT_00362,MCH_L2_02,2023-05-01 16:00:00,Shift C (Night),480,480,0,None,923,879,44
SFT_00363,MCH_L1_04,2023-05-02 00:00:00,Shift A (Morning),480,480,0,None,863,841,22
SFT_00364,MCH_L2_03,2023-05-02 08:00:00,Shift B (Evening),480,445,35,Tool Breakdown,797,782,15
SFT_00365,MCH_L1_02,2023-05-02 16:00:00,Shift C (Night),480,480,0,None,889,848,41
SFT_00366,MCH_L2_04,2023-05-03 00:00:00,Shift A (Morning),480,480,0,None,886,878,8
SFT_00367,MCH_L2_03,2023-05-03 08:00:00,Shift B (Evening),480,459,21,Tool Breakdown,880,852,28
SFT_00368,MCH_L2_02,2023-05-03 16:00:00,Shift C (Night),480,429,51,Tool Breakdown,811,781,30
SFT_00369,MCH_L2_04,2023-05-04 00:00:00,Shift A (Morning),480,480,0,None,851,842,9
SFT_00370,MCH_L1_04,2023-05-04 08:00:00,Shift B (Evening),480,480,0,None,913,878,35
SFT_00371,MCH_L2_04,2023-05-04 16:00:00,Shift C (Night),480,453,27,Material Starvation,852,810,42
SFT_00372,MCH_L2_03,2023-05-05 00:00:00,Shift A (Morning),480,404,76,Pressure Loss,739,722,17
SFT_00373,MCH_L3_01,2023-05-05 08:00:00,Shift B (Evening),480,480,0,None,885,841,44
SFT_00374,MCH_L2_05,2023-05-05 16:00:00,Shift C (Night),480,480,0,None,925,880,45
SFT_00375,MCH_L2_03,2023-05-06 00:00:00,Shift A (Morning),480,480,0,None,887,873,14
SFT_00376,MCH_L3_05,2023-05-06 08:00:00,Shift B (Evening),480,480,0,None,871,835,36
SFT_00377,MCH_L1_01,2023-05-06 16:00:00,Shift C (Night),480,480,0,None,913,884,29
SFT_00378,MCH_L1_05,2023-05-07 00:00:00,Shift A (Morning),480,480,0,None,919,896,23
SFT_00379,MCH_L1_03,2023-05-07 08:00:00,Shift B (Evening),480,480,0,None,880,842,38
SFT_00380,MCH_L3_02,2023-05-07 16:00:00,Shift C (Night),480,480,0,None,927,916,11
SFT_00381,MCH_L1_01,2023-05-08 00:00:00,Shift A (Morning),480,480,0,None,858,847,11
SFT_00382,MCH_L1_01,2023-05-08 08:00:00,Shift B (Evening),480,475,5,Pressure Loss,911,896,15
SFT_00383,MCH_L1_04,2023-05-08 16:00:00,Shift C (Night),480,473,7,Tool Breakdown,916,904,12
SFT_00384,MCH_L2_05,2023-05-09 00:00:00,Shift A (Morning),480,442,38,Tool Breakdown,804,769,35
SFT_00385,MCH_L2_04,2023-05-09 08:00:00,Shift B (Evening),480,316,164,Material Starvation,580,571,9
SFT_00386,MCH_L1_02,2023-05-09 16:00:00,Shift C (Night),480,346,134,Tool Breakdown,627,611,16
SFT_00387,MCH_L1_05,2023-05-10 00:00:00,Shift A (Morning),480,480,0,None,868,843,25
SFT_00388,MCH_L3_02,2023-05-10 08:00:00,Shift B (Evening),480,480,0,None,861,826,35
SFT_00389,MCH_L1_03,2023-05-10 16:00:00,Shift C (Night),480,460,20,Tool Breakdown,898,864,34
SFT_00390,MCH_L3_04,2023-05-11 00:00:00,Shift A (Morning),480,480,0,None,851,818,33
SFT_00391,MCH_L1_01,2023-05-11 08:00:00,Shift B (Evening),480,480,0,None,847,832,15
SFT_00392,MCH_L3_01,2023-05-11 16:00:00,Shift C (Night),480,394,86,Material Starvation,694,670,24
SFT_00393,MCH_L2_01,2023-05-12 00:00:00,Shift A (Morning),480,480,0,None,898,871,27
SFT_00394,MCH_L3_01,2023-05-12 08:00:00,Shift B (Evening),480,480,0,None,919,882,37
SFT_00395,MCH_L2_03,2023-05-12 16:00:00,Shift C (Night),480,480,0,None,914,886,28
SFT_00396,MCH_L2_02,2023-05-13 00:00:00,Shift A (Morning),480,480,0,None,890,853,37
SFT_00397,MCH_L2_02,2023-05-13 08:00:00,Shift B (Evening),480,480,0,None,862,835,27
SFT_00398,MCH_L1_01,2023-05-13 16:00:00,Shift C (Night),480,470,10,Tool Breakdown,882,839,43
SFT_00399,MCH_L1_03,2023-05-14 00:00:00,Shift A (Morning),480,480,0,None,878,841,37
SFT_00400,MCH_L3_03,2023-05-14 08:00:00,Shift B (Evening),480,473,7,Calibration Lag,867,834,33
SFT_00401,MCH_L3_03,2023-05-14 16:00:00,Shift C (Night),480,480,0,None,849,822,27
SFT_00402,MCH_L2_05,2023-05-15 00:00:00,Shift A (Morning),480,480,0,None,876,854,22
SFT_00403,MCH_L1_02,2023-05-15 08:00:00,Shift B (Evening),480,444,36,Material Starvation,812,789,23
SFT_00404,MCH_L3_05,2023-05-15 16:00:00,Shift C (Night),480,477,3,Material Starvation,915,899,16
SFT_00405,MCH_L2_03,2023-05-16 00:00:00,Shift A (Morning),480,480,0,None,870,833,37
SFT_00406,MCH_L1_05,2023-05-16 08:00:00,Shift B (Evening),480,480,0,None,879,842,37
SFT_00407,MCH_L3_05,2023-05-16 16:00:00,Shift C (Night),480,480,0,None,908,888,20
SFT_00408,MCH_L2_03,2023-05-17 00:00:00,Shift A (Morning),480,480,0,None,930,887,43
SFT_00409,MCH_L1_01,2023-05-17 08:00:00,Shift B (Evening),480,480,0,None,872,841,31
SFT_00410,MCH_L3_01,2023-05-17 16:00:00,Shift C (Night),480,464,16,Calibration Lag,846,813,33
SFT_00411,MCH_L3_01,2023-05-18 00:00:00,Shift A (Morning),480,480,0,None,896,864,32
SFT_00412,MCH_L2_04,2023-05-18 08:00:00,Shift B (Evening),480,480,0,None,899,883,16
SFT_00413,MCH_L3_05,2023-05-18 16:00:00,Shift C (Night),480,480,0,None,927,902,25
SFT_00414,MCH_L1_04,2023-05-19 00:00:00,Shift A (Morning),480,480,0,None,869,852,17
SFT_00415,MCH_L3_05,2023-05-19 08:00:00,Shift B (Evening),480,480,0,None,895,870,25
SFT_00416,MCH_L1_02,2023-05-19 16:00:00,Shift C (Night),480,433,47,Calibration Lag,807,768,39
SFT_00417,MCH_L2_03,2023-05-20 00:00:00,Shift A (Morning),480,480,0,None,891,852,39
SFT_00418,MCH_L3_02,2023-05-20 08:00:00,Shift B (Evening),480,480,0,None,876,838,38
SFT_00419,MCH_L1_04,2023-05-20 16:00:00,Shift C (Night),480,450,30,Calibration Lag,846,809,37
SFT_00420,MCH_L3_01,2023-05-21 00:00:00,Shift A (Morning),480,409,71,Material Starvation,720,704,16
SFT_00421,MCH_L1_01,2023-05-21 08:00:00,Shift B (Evening),480,480,0,None,917,900,17
SFT_00422,MCH_L3_01,2023-05-21 16:00:00,Shift C (Night),480,458,22,Tool Breakdown,818,810,8
SFT_00423,MCH_L3_01,2023-05-22 00:00:00,Shift A (Morning),480,480,0,None,882,870,12
SFT_00424,MCH_L1_02,2023-05-22 08:00:00,Shift B (Evening),480,478,2,Pressure Loss,877,846,31
SFT_00425,MCH_L1_01,2023-05-22 16:00:00,Shift C (Night),480,480,0,None,902,883,19
SFT_00426,MCH_L1_03,2023-05-23 00:00:00,Shift A (Morning),480,461,19,Pressure Loss,811,798,13
SFT_00427,MCH_L1_02,2023-05-23 08:00:00,Shift B (Evening),480,480,0,None,870,847,23
SFT_00428,MCH_L2_03,2023-05-23 16:00:00,Shift C (Night),480,480,0,None,851,839,12
SFT_00429,MCH_L3_04,2023-05-24 00:00:00,Shift A (Morning),480,480,0,None,880,849,31
SFT_00430,MCH_L2_02,2023-05-24 08:00:00,Shift B (Evening),480,480,0,None,869,838,31
SFT_00431,MCH_L3_05,2023-05-24 16:00:00,Shift C (Night),480,480,0,None,900,873,27
SFT_00432,MCH_L2_03,2023-05-25 00:00:00,Shift A (Morning),480,435,45,Tool Breakdown,806,784,22
SFT_00433,MCH_L3_01,2023-05-25 08:00:00,Shift B (Evening),480,480,0,None,926,910,16
SFT_00434,MCH_L2_04,2023-05-25 16:00:00,Shift C (Night),480,480,0,None,924,882,42
SFT_00435,MCH_L1_02,2023-05-26 00:00:00,Shift A (Morning),480,480,0,None,890,847,43
SFT_00436,MCH_L2_05,2023-05-26 08:00:00,Shift B (Evening),480,477,3,Material Starvation,844,834,10
SFT_00437,MCH_L2_01,2023-05-26 16:00:00,Shift C (Night),480,480,0,None,880,871,9
SFT_00438,MCH_L1_04,2023-05-27 00:00:00,Shift A (Morning),480,471,9,Tool Breakdown,884,849,35
SFT_00439,MCH_L1_02,2023-05-27 08:00:00,Shift B (Evening),480,414,66,Tool Breakdown,780,748,32
SFT_00440,MCH_L1_02,2023-05-27 16:00:00,Shift C (Night),480,479,1,Material Starvation,898,873,25
SFT_00441,MCH_L1_03,2023-05-28 00:00:00,Shift A (Morning),480,480,0,None,923,884,39
SFT_00442,MCH_L2_01,2023-05-28 08:00:00,Shift B (Evening),480,480,0,None,852,837,15
SFT_00443,MCH_L3_01,2023-05-28 16:00:00,Shift C (Night),480,480,0,None,896,882,14
SFT_00444,MCH_L3_05,2023-05-29 00:00:00,Shift A (Morning),480,472,8,Material Starvation,864,853,11
SFT_00445,MCH_L2_03,2023-05-29 08:00:00,Shift B (Evening),480,480,0,None,878,868,10
SFT_00446,MCH_L1_02,2023-05-29 16:00:00,Shift C (Night),480,333,147,Tool Breakdown,589,565,24
SFT_00447,MCH_L3_05,2023-05-30 00:00:00,Shift A (Morning),480,480,0,None,865,838,27
SFT_00448,MCH_L2_05,2023-05-30 08:00:00,Shift B (Evening),480,480,0,None,935,922,13
SFT_00449,MCH_L3_05,2023-05-30 16:00:00,Shift C (Night),480,480,0,None,928,891,37
SFT_00450,MCH_L2_03,2023-05-31 00:00:00,Shift A (Morning),480,381,99,Tool Breakdown,671,657,14
SFT_00451,MCH_L1_04,2023-05-31 08:00:00,Shift B (Evening),480,480,0,None,936,907,29
SFT_00452,MCH_L3_05,2023-05-31 16:00:00,Shift C (Night),480,480,0,None,911,874,37
SFT_00453,MCH_L1_01,2023-06-01 00:00:00,Shift A (Morning),480,480,0,None,933,906,27
SFT_00454,MCH_L1_01,2023-06-01 08:00:00,Shift B (Evening),480,480,0,None,914,903,11
SFT_00455,MCH_L3_01,2023-06-01 16:00:00,Shift C (Night),480,480,0,None,894,857,37
SFT_00456,MCH_L3_01,2023-06-02 00:00:00,Shift A (Morning),480,480,0,None,915,871,44
SFT_00457,MCH_L1_02,2023-06-02 08:00:00,Shift B (Evening),480,480,0,None,881,848,33
SFT_00458,MCH_L1_04,2023-06-02 16:00:00,Shift C (Night),480,431,49,Calibration Lag,771,761,10
SFT_00459,MCH_L1_04,2023-06-03 00:00:00,Shift A (Morning),480,480,0,None,896,859,37
SFT_00460,MCH_L3_04,2023-06-03 08:00:00,Shift B (Evening),480,395,85,Material Starvation,713,681,32
SFT_00461,MCH_L2_04,2023-06-03 16:00:00,Shift C (Night),480,480,0,None,855,839,16
SFT_00462,MCH_L3_02,2023-06-04 00:00:00,Shift A (Morning),480,446,34,Tool Breakdown,865,846,19
SFT_00463,MCH_L3_02,2023-06-04 08:00:00,Shift B (Evening),480,444,36,Tool Breakdown,842,823,19
SFT_00464,MCH_L3_01,2023-06-04 16:00:00,Shift C (Night),480,364,116,Tool Breakdown,704,692,12
SFT_00465,MCH_L2_02,2023-06-05 00:00:00,Shift A (Morning),480,480,0,None,887,844,43
SFT_00466,MCH_L1_01,2023-06-05 08:00:00,Shift B (Evening),480,480,0,None,909,865,44
SFT_00467,MCH_L1_01,2023-06-05 16:00:00,Shift C (Night),480,480,0,None,857,840,17
SFT_00468,MCH_L1_05,2023-06-06 00:00:00,Shift A (Morning),480,471,9,Tool Breakdown,835,800,35
SFT_00469,MCH_L1_04,2023-06-06 08:00:00,Shift B (Evening),480,480,0,None,875,857,18
SFT_00470,MCH_L2_01,2023-06-06 16:00:00,Shift C (Night),480,480,0,None,904,885,19
SFT_00471,MCH_L1_01,2023-06-07 00:00:00,Shift A (Morning),480,480,0,None,901,861,40
SFT_00472,MCH_L2_03,2023-06-07 08:00:00,Shift B (Evening),480,480,0,None,893,873,20
SFT_00473,MCH_L1_02,2023-06-07 16:00:00,Shift C (Night),480,453,27,Material Starvation,839,800,39
SFT_00474,MCH_L3_03,2023-06-08 00:00:00,Shift A (Morning),480,480,0,None,916,872,44
SFT_00475,MCH_L2_03,2023-06-08 08:00:00,Shift B (Evening),480,467,13,Tool Breakdown,885,859,26
SFT_00476,MCH_L2_04,2023-06-08 16:00:00,Shift C (Night),480,480,0,None,920,897,23
SFT_00477,MCH_L3_03,2023-06-09 00:00:00,Shift A (Morning),480,480,0,None,869,859,10
SFT_00478,MCH_L3_01,2023-06-09 08:00:00,Shift B (Evening),480,480,0,None,913,887,26
SFT_00479,MCH_L2_04,2023-06-09 16:00:00,Shift C (Night),480,453,27,Tool Breakdown,842,834,8
SFT_00480,MCH_L2_05,2023-06-10 00:00:00,Shift A (Morning),480,480,0,None,877,836,41
SFT_00481,MCH_L2_02,2023-06-10 08:00:00,Shift B (Evening),480,480,0,None,853,824,29
SFT_00482,MCH_L3_04,2023-06-10 16:00:00,Shift C (Night),480,399,81,Tool Breakdown,750,726,24
SFT_00483,MCH_L2_03,2023-06-11 00:00:00,Shift A (Morning),480,480,0,None,910,884,26
SFT_00484,MCH_L2_05,2023-06-11 08:00:00,Shift B (Evening),480,480,0,None,883,874,9
SFT_00485,MCH_L1_04,2023-06-11 16:00:00,Shift C (Night),480,480,0,None,913,898,15
SFT_00486,MCH_L1_01,2023-06-12 00:00:00,Shift A (Morning),480,480,0,None,856,831,25
SFT_00487,MCH_L1_01,2023-06-12 08:00:00,Shift B (Evening),480,473,7,Tool Breakdown,920,909,11
SFT_00488,MCH_L3_03,2023-06-12 16:00:00,Shift C (Night),480,480,0,None,927,908,19
SFT_00489,MCH_L1_02,2023-06-13 00:00:00,Shift A (Morning),480,444,36,Calibration Lag,802,776,26
SFT_00490,MCH_L2_04,2023-06-13 08:00:00,Shift B (Evening),480,436,44,Pressure Loss,798,776,22
SFT_00491,MCH_L3_02,2023-06-13 16:00:00,Shift C (Night),480,333,147,Calibration Lag,606,586,20
SFT_00492,MCH_L1_04,2023-06-14 00:00:00,Shift A (Morning),480,451,29,Pressure Loss,880,838,42
SFT_00493,MCH_L1_02,2023-06-14 08:00:00,Shift B (Evening),480,480,0,None,938,922,16
SFT_00494,MCH_L1_01,2023-06-14 16:00:00,Shift C (Night),480,480,0,None,896,864,32
SFT_00495,MCH_L2_01,2023-06-15 00:00:00,Shift A (Morning),480,480,0,None,896,853,43
SFT_00496,MCH_L3_03,2023-06-15 08:00:00,Shift B (Evening),480,480,0,None,864,839,25
SFT_00497,MCH_L2_05,2023-06-15 16:00:00,Shift C (Night),480,480,0,None,855,828,27
SFT_00498,MCH_L1_04,2023-06-16 00:00:00,Shift A (Morning),480,480,0,None,886,875,11
SFT_00499,MCH_L2_01,2023-06-16 08:00:00,Shift B (Evening),480,402,78,Tool Breakdown,721,692,29
SFT_00500,MCH_L3_05,2023-06-16 16:00:00,Shift C (Night),480,480,0,None,905,888,17
SFT_00501,MCH_L1_02,2023-06-17 00:00:00,Shift A (Morning),480,480,0,None,867,855,12
SFT_00502,MCH_L3_01,2023-06-17 08:00:00,Shift B (Evening),480,378,102,Material Starvation,683,660,23
SFT_00503,MCH_L3_05,2023-06-17 16:00:00,Shift C (Night),480,475,5,Material Starvation,842,805,37
SFT_00504,MCH_L1_05,2023-06-18 00:00:00,Shift A (Morning),480,480,0,None,923,894,29
SFT_00505,MCH_L3_03,2023-06-18 08:00:00,Shift B (Evening),480,480,0,None,860,827,33
SFT_00506,MCH_L2_05,2023-06-18 16:00:00,Shift C (Night),480,480,0,None,882,859,23
SFT_00507,MCH_L3_02,2023-06-19 00:00:00,Shift A (Morning),480,480,0,None,875,854,21
SFT_00508,MCH_L3_01,2023-06-19 08:00:00,Shift B (Evening),480,427,53,Calibration Lag,757,731,26
SFT_00509,MCH_L2_02,2023-06-19 16:00:00,Shift C (Night),480,480,0,None,901,873,28
SFT_00510,MCH_L1_01,2023-06-20 00:00:00,Shift A (Morning),480,480,0,None,845,837,8
SFT_00511,MCH_L1_05,2023-06-20 08:00:00,Shift B (Evening),480,480,0,None,862,852,10
SFT_00512,MCH_L3_01,2023-06-20 16:00:00,Shift C (Night),480,471,9,Calibration Lag,898,876,22
SFT_00513,MCH_L2_05,2023-06-21 00:00:00,Shift A (Morning),480,480,0,None,912,868,44
SFT_00514,MCH_L2_01,2023-06-21 08:00:00,Shift B (Evening),480,480,0,None,909,873,36
SFT_00515,MCH_L1_02,2023-06-21 16:00:00,Shift C (Night),480,477,3,Calibration Lag,894,857,37
SFT_00516,MCH_L2_03,2023-06-22 00:00:00,Shift A (Morning),480,480,0,None,876,841,35
SFT_00517,MCH_L2_01,2023-06-22 08:00:00,Shift B (Evening),480,480,0,None,925,905,20
SFT_00518,MCH_L2_01,2023-06-22 16:00:00,Shift C (Night),480,480,0,None,903,872,31
SFT_00519,MCH_L3_02,2023-06-23 00:00:00,Shift A (Morning),480,480,0,None,910,865,45
SFT_00520,MCH_L1_02,2023-06-23 08:00:00,Shift B (Evening),480,480,0,None,847,833,14
SFT_00521,MCH_L2_03,2023-06-23 16:00:00,Shift C (Night),480,480,0,None,861,822,39
SFT_00522,MCH_L3_04,2023-06-24 00:00:00,Shift A (Morning),480,427,53,Calibration Lag,754,733,21
SFT_00523,MCH_L2_04,2023-06-24 08:00:00,Shift B (Evening),480,442,38,Pressure Loss,810,792,18
SFT_00524,MCH_L2_03,2023-06-24 16:00:00,Shift C (Night),480,475,5,Pressure Loss,916,905,11
SFT_00525,MCH_L2_03,2023-06-25 00:00:00,Shift A (Morning),480,477,3,Pressure Loss,854,832,22
SFT_00526,MCH_L1_01,2023-06-25 08:00:00,Shift B (Evening),480,452,28,Tool Breakdown,884,868,16
SFT_00527,MCH_L1_02,2023-06-25 16:00:00,Shift C (Night),480,480,0,None,864,824,40
SFT_00528,MCH_L1_02,2023-06-26 00:00:00,Shift A (Morning),480,480,0,None,916,900,16
SFT_00529,MCH_L2_04,2023-06-26 08:00:00,Shift B (Evening),480,480,0,None,876,840,36
SFT_00530,MCH_L2_03,2023-06-26 16:00:00,Shift C (Night),480,480,0,None,851,823,28
SFT_00531,MCH_L3_04,2023-06-27 00:00:00,Shift A (Morning),480,480,0,None,922,900,22
SFT_00532,MCH_L2_02,2023-06-27 08:00:00,Shift B (Evening),480,480,0,None,851,816,35
SFT_00533,MCH_L3_04,2023-06-27 16:00:00,Shift C (Night),480,480,0,None,858,833,25
SFT_00534,MCH_L2_04,2023-06-28 00:00:00,Shift A (Morning),480,480,0,None,913,886,27
SFT_00535,MCH_L3_01,2023-06-28 08:00:00,Shift B (Evening),480,480,0,None,874,838,36
SFT_00536,MCH_L1_03,2023-06-28 16:00:00,Shift C (Night),480,480,0,None,878,865,13
SFT_00537,MCH_L1_04,2023-06-29 00:00:00,Shift A (Morning),480,480,0,None,850,836,14
SFT_00538,MCH_L3_02,2023-06-29 08:00:00,Shift B (Evening),480,443,37,Tool Breakdown,808,789,19
SFT_00539,MCH_L3_05,2023-06-29 16:00:00,Shift C (Night),480,480,0,None,883,843,40
SFT_00540,MCH_L3_05,2023-06-30 00:00:00,Shift A (Morning),480,390,90,Calibration Lag,740,707,33
SFT_00541,MCH_L1_04,2023-06-30 08:00:00,Shift B (Evening),480,472,8,Tool Breakdown,877,855,22
SFT_00542,MCH_L2_03,2023-06-30 16:00:00,Shift C (Night),480,467,13,Tool Breakdown,897,877,20
SFT_00543,MCH_L2_01,2023-07-01 00:00:00,Shift A (Morning),480,480,0,None,855,821,34
SFT_00544,MCH_L1_01,2023-07-01 08:00:00,Shift B (Evening),480,480,0,None,888,872,16
SFT_00545,MCH_L2_05,2023-07-01 16:00:00,Shift C (Night),480,467,13,Tool Breakdown,895,858,37
SFT_00546,MCH_L1_03,2023-07-02 00:00:00,Shift A (Morning),480,480,0,None,897,863,34
SFT_00547,MCH_L3_05,2023-07-02 08:00:00,Shift B (Evening),480,480,0,None,923,878,45
SFT_00548,MCH_L3_01,2023-07-02 16:00:00,Shift C (Night),480,467,13,Material Starvation,908,877,31
SFT_00549,MCH_L3_01,2023-07-03 00:00:00,Shift A (Morning),480,480,0,None,879,841,38
SFT_00550,MCH_L3_03,2023-07-03 08:00:00,Shift B (Evening),480,480,0,None,935,909,26
SFT_00551,MCH_L3_05,2023-07-03 16:00:00,Shift C (Night),480,480,0,None,885,861,24
SFT_00552,MCH_L2_04,2023-07-04 00:00:00,Shift A (Morning),480,480,0,None,857,836,21
SFT_00553,MCH_L2_03,2023-07-04 08:00:00,Shift B (Evening),480,480,0,None,921,887,34
SFT_00554,MCH_L2_01,2023-07-04 16:00:00,Shift C (Night),480,480,0,None,866,851,15
SFT_00555,MCH_L1_04,2023-07-05 00:00:00,Shift A (Morning),480,474,6,Tool Breakdown,850,812,38
SFT_00556,MCH_L2_05,2023-07-05 08:00:00,Shift B (Evening),480,480,0,None,892,857,35
SFT_00557,MCH_L3_02,2023-07-05 16:00:00,Shift C (Night),480,480,0,None,915,899,16
SFT_00558,MCH_L1_02,2023-07-06 00:00:00,Shift A (Morning),480,472,8,Tool Breakdown,850,818,32
SFT_00559,MCH_L3_05,2023-07-06 08:00:00,Shift B (Evening),480,480,0,None,877,858,19
SFT_00560,MCH_L2_03,2023-07-06 16:00:00,Shift C (Night),480,480,0,None,850,818,32
SFT_00561,MCH_L1_05,2023-07-07 00:00:00,Shift A (Morning),480,480,0,None,913,894,19
SFT_00562,MCH_L2_01,2023-07-07 08:00:00,Shift B (Evening),480,480,0,None,897,864,33
SFT_00563,MCH_L2_03,2023-07-07 16:00:00,Shift C (Night),480,461,19,Tool Breakdown,865,844,21
SFT_00564,MCH_L3_05,2023-07-08 00:00:00,Shift A (Morning),480,456,24,Tool Breakdown,836,822,14
SFT_00565,MCH_L2_05,2023-07-08 08:00:00,Shift B (Evening),480,418,62,Material Starvation,797,772,25
SFT_00566,MCH_L3_01,2023-07-08 16:00:00,Shift C (Night),480,480,0,None,921,887,34
SFT_00567,MCH_L2_02,2023-07-09 00:00:00,Shift A (Morning),480,480,0,None,896,869,27
SFT_00568,MCH_L1_01,2023-07-09 08:00:00,Shift B (Evening),480,480,0,None,911,881,30
SFT_00569,MCH_L1_02,2023-07-09 16:00:00,Shift C (Night),480,480,0,None,853,836,17
SFT_00570,MCH_L2_02,2023-07-10 00:00:00,Shift A (Morning),480,480,0,None,893,872,21
SFT_00571,MCH_L1_04,2023-07-10 08:00:00,Shift B (Evening),480,480,0,None,887,865,22
SFT_00572,MCH_L1_05,2023-07-10 16:00:00,Shift C (Night),480,472,8,Tool Breakdown,885,863,22
SFT_00573,MCH_L3_02,2023-07-11 00:00:00,Shift A (Morning),480,480,0,None,891,873,18
SFT_00574,MCH_L2_02,2023-07-11 08:00:00,Shift B (Evening),480,480,0,None,852,843,9
SFT_00575,MCH_L2_04,2023-07-11 16:00:00,Shift C (Night),480,480,0,None,870,834,36
SFT_00576,MCH_L2_01,2023-07-12 00:00:00,Shift A (Morning),480,480,0,None,870,832,38
SFT_00577,MCH_L1_03,2023-07-12 08:00:00,Shift B (Evening),480,480,0,None,861,835,26
SFT_00578,MCH_L3_05,2023-07-12 16:00:00,Shift C (Night),480,480,0,None,865,851,14
SFT_00579,MCH_L1_05,2023-07-13 00:00:00,Shift A (Morning),480,480,0,None,917,887,30
SFT_00580,MCH_L1_05,2023-07-13 08:00:00,Shift B (Evening),480,480,0,None,939,930,9
SFT_00581,MCH_L2_01,2023-07-13 16:00:00,Shift C (Night),480,480,0,None,852,814,38
SFT_00582,MCH_L3_02,2023-07-14 00:00:00,Shift A (Morning),480,480,0,None,889,878,11
SFT_00583,MCH_L1_02,2023-07-14 08:00:00,Shift B (Evening),480,452,28,Tool Breakdown,842,826,16
SFT_00584,MCH_L3_05,2023-07-14 16:00:00,Shift C (Night),480,480,0,None,872,863,9
SFT_00585,MCH_L3_02,2023-07-15 00:00:00,Shift A (Morning),480,458,22,Tool Breakdown,814,806,8
SFT_00586,MCH_L1_03,2023-07-15 08:00:00,Shift B (Evening),480,428,52,Pressure Loss,799,761,38
SFT_00587,MCH_L3_05,2023-07-15 16:00:00,Shift C (Night),480,480,0,None,912,899,13
SFT_00588,MCH_L3_01,2023-07-16 00:00:00,Shift A (Morning),480,480,0,None,921,887,34
SFT_00589,MCH_L2_03,2023-07-16 08:00:00,Shift B (Evening),480,480,0,None,858,835,23
SFT_00590,MCH_L3_01,2023-07-16 16:00:00,Shift C (Night),480,480,0,None,911,875,36
SFT_00591,MCH_L2_05,2023-07-17 00:00:00,Shift A (Morning),480,480,0,None,875,853,22
SFT_00592,MCH_L2_04,2023-07-17 08:00:00,Shift B (Evening),480,480,0,None,932,902,30
SFT_00593,MCH_L2_02,2023-07-17 16:00:00,Shift C (Night),480,480,0,None,856,840,16
SFT_00594,MCH_L3_05,2023-07-18 00:00:00,Shift A (Morning),480,480,0,None,939,923,16
SFT_00595,MCH_L1_03,2023-07-18 08:00:00,Shift B (Evening),480,480,0,None,905,879,26
SFT_00596,MCH_L3_03,2023-07-18 16:00:00,Shift C (Night),480,480,0,None,853,830,23
SFT_00597,MCH_L2_04,2023-07-19 00:00:00,Shift A (Morning),480,450,30,Material Starvation,842,806,36
SFT_00598,MCH_L2_01,2023-07-19 08:00:00,Shift B (Evening),480,469,11,Material Starvation,908,866,42
SFT_00599,MCH_L3_03,2023-07-19 16:00:00,Shift C (Night),480,461,19,Tool Breakdown,857,839,18
SFT_00600,MCH_L2_01,2023-07-20 00:00:00,Shift A (Morning),480,480,0,None,939,898,41
SFT_00601,MCH_L3_03,2023-07-20 08:00:00,Shift B (Evening),480,480,0,None,879,840,39
SFT_00602,MCH_L1_01,2023-07-20 16:00:00,Shift C (Night),480,359,121,Tool Breakdown,665,656,9
SFT_00603,MCH_L1_04,2023-07-21 00:00:00,Shift A (Morning),480,476,4,Calibration Lag,931,890,41
SFT_00604,MCH_L1_01,2023-07-21 08:00:00,Shift B (Evening),480,480,0,None,875,835,40
SFT_00605,MCH_L1_05,2023-07-21 16:00:00,Shift C (Night),480,480,0,None,881,839,42
SFT_00606,MCH_L1_04,2023-07-22 00:00:00,Shift A (Morning),480,480,0,None,863,825,38
SFT_00607,MCH_L3_03,2023-07-22 08:00:00,Shift B (Evening),480,480,0,None,935,916,19
SFT_00608,MCH_L2_02,2023-07-22 16:00:00,Shift C (Night),480,480,0,None,931,920,11
SFT_00609,MCH_L3_02,2023-07-23 00:00:00,Shift A (Morning),480,480,0,None,882,859,23
SFT_00610,MCH_L3_02,2023-07-23 08:00:00,Shift B (Evening),480,480,0,None,914,882,32
SFT_00611,MCH_L3_04,2023-07-23 16:00:00,Shift C (Night),480,480,0,None,906,868,38
SFT_00612,MCH_L1_03,2023-07-24 00:00:00,Shift A (Morning),480,480,0,None,909,880,29
SFT_00613,MCH_L3_01,2023-07-24 08:00:00,Shift B (Evening),480,448,32,Calibration Lag,816,799,17
SFT_00614,MCH_L1_04,2023-07-24 16:00:00,Shift C (Night),480,370,110,Tool Breakdown,691,669,22
SFT_00615,MCH_L1_01,2023-07-25 00:00:00,Shift A (Morning),480,480,0,None,851,830,21
SFT_00616,MCH_L1_04,2023-07-25 08:00:00,Shift B (Evening),480,476,4,Tool Breakdown,924,905,19
SFT_00617,MCH_L3_04,2023-07-25 16:00:00,Shift C (Night),480,447,33,Pressure Loss,836,819,17
SFT_00618,MCH_L1_02,2023-07-26 00:00:00,Shift A (Morning),480,472,8,Calibration Lag,850,833,17
SFT_00619,MCH_L3_05,2023-07-26 08:00:00,Shift B (Evening),480,352,128,Tool Breakdown,627,617,10
SFT_00620,MCH_L2_02,2023-07-26 16:00:00,Shift C (Night),480,429,51,Material Starvation,826,795,31
SFT_00621,MCH_L2_04,2023-07-27 00:00:00,Shift A (Morning),480,480,0,None,919,893,26
SFT_00622,MCH_L2_02,2023-07-27 08:00:00,Shift B (Evening),480,376,104,Tool Breakdown,734,710,24
SFT_00623,MCH_L2_04,2023-07-27 16:00:00,Shift C (Night),480,480,0,None,887,852,35
SFT_00624,MCH_L3_05,2023-07-28 00:00:00,Shift A (Morning),480,480,0,None,910,872,38
SFT_00625,MCH_L2_01,2023-07-28 08:00:00,Shift B (Evening),480,480,0,None,915,872,43
SFT_00626,MCH_L2_04,2023-07-28 16:00:00,Shift C (Night),480,480,0,None,892,859,33
SFT_00627,MCH_L3_03,2023-07-29 00:00:00,Shift A (Morning),480,480,0,None,895,861,34
SFT_00628,MCH_L1_04,2023-07-29 08:00:00,Shift B (Evening),480,480,0,None,900,857,43
SFT_00629,MCH_L3_02,2023-07-29 16:00:00,Shift C (Night),480,480,0,None,856,824,32
SFT_00630,MCH_L3_03,2023-07-30 00:00:00,Shift A (Morning),480,480,0,None,929,891,38
SFT_00631,MCH_L3_05,2023-07-30 08:00:00,Shift B (Evening),480,480,0,None,872,861,11
SFT_00632,MCH_L2_04,2023-07-30 16:00:00,Shift C (Night),480,480,0,None,928,882,46
SFT_00633,MCH_L1_01,2023-07-31 00:00:00,Shift A (Morning),480,480,0,None,904,861,43
SFT_00634,MCH_L1_03,2023-07-31 08:00:00,Shift B (Evening),480,480,0,None,873,859,14
SFT_00635,MCH_L2_03,2023-07-31 16:00:00,Shift C (Night),480,480,0,None,867,832,35
SFT_00636,MCH_L2_02,2023-08-01 00:00:00,Shift A (Morning),480,441,39,Material Starvation,784,763,21
SFT_00637,MCH_L3_05,2023-08-01 08:00:00,Shift B (Evening),480,480,0,None,864,848,16
SFT_00638,MCH_L1_03,2023-08-01 16:00:00,Shift C (Night),480,480,0,None,893,873,20
SFT_00639,MCH_L2_02,2023-08-02 00:00:00,Shift A (Morning),480,480,0,None,885,848,37
SFT_00640,MCH_L3_05,2023-08-02 08:00:00,Shift B (Evening),480,480,0,None,940,901,39
SFT_00641,MCH_L1_03,2023-08-02 16:00:00,Shift C (Night),480,416,64,Tool Breakdown,790,782,8
SFT_00642,MCH_L3_05,2023-08-03 00:00:00,Shift A (Morning),480,480,0,None,926,893,33
SFT_00643,MCH_L2_05,2023-08-03 08:00:00,Shift B (Evening),480,480,0,None,871,837,34
SFT_00644,MCH_L1_02,2023-08-03 16:00:00,Shift C (Night),480,475,5,Pressure Loss,877,843,34
SFT_00645,MCH_L3_05,2023-08-04 00:00:00,Shift A (Morning),480,480,0,None,845,820,25
SFT_00646,MCH_L2_02,2023-08-04 08:00:00,Shift B (Evening),480,480,0,None,929,917,12
SFT_00647,MCH_L2_04,2023-08-04 16:00:00,Shift C (Night),480,480,0,None,924,900,24
SFT_00648,MCH_L3_03,2023-08-05 00:00:00,Shift A (Morning),480,480,0,None,934,910,24
SFT_00649,MCH_L2_03,2023-08-05 08:00:00,Shift B (Evening),480,480,0,None,917,880,37
SFT_00650,MCH_L2_04,2023-08-05 16:00:00,Shift C (Night),480,480,0,None,925,903,22
SFT_00651,MCH_L3_05,2023-08-06 00:00:00,Shift A (Morning),480,480,0,None,911,878,33
SFT_00652,MCH_L3_01,2023-08-06 08:00:00,Shift B (Evening),480,480,0,None,857,832,25
SFT_00653,MCH_L3_04,2023-08-06 16:00:00,Shift C (Night),480,424,56,Material Starvation,814,777,37
SFT_00654,MCH_L1_04,2023-08-07 00:00:00,Shift A (Morning),480,480,0,None,933,917,16
SFT_00655,MCH_L3_05,2023-08-07 08:00:00,Shift B (Evening),480,480,0,None,864,846,18
SFT_00656,MCH_L3_04,2023-08-07 16:00:00,Shift C (Night),480,448,32,Tool Breakdown,793,771,22
SFT_00657,MCH_L2_05,2023-08-08 00:00:00,Shift A (Morning),480,480,0,None,927,897,30
SFT_00658,MCH_L3_01,2023-08-08 08:00:00,Shift B (Evening),480,474,6,Calibration Lag,884,875,9
SFT_00659,MCH_L1_03,2023-08-08 16:00:00,Shift C (Night),480,480,0,None,875,857,18
SFT_00660,MCH_L2_02,2023-08-09 00:00:00,Shift A (Morning),480,461,19,Material Starvation,902,876,26
SFT_00661,MCH_L2_05,2023-08-09 08:00:00,Shift B (Evening),480,480,0,None,878,857,21
SFT_00662,MCH_L2_04,2023-08-09 16:00:00,Shift C (Night),480,480,0,None,849,840,9
SFT_00663,MCH_L2_02,2023-08-10 00:00:00,Shift A (Morning),480,480,0,None,930,911,19
SFT_00664,MCH_L3_05,2023-08-10 08:00:00,Shift B (Evening),480,476,4,Material Starvation,915,873,42
SFT_00665,MCH_L1_02,2023-08-10 16:00:00,Shift C (Night),480,480,0,None,847,816,31
SFT_00666,MCH_L1_04,2023-08-11 00:00:00,Shift A (Morning),480,480,0,None,937,901,36
SFT_00667,MCH_L1_05,2023-08-11 08:00:00,Shift B (Evening),480,480,0,None,852,813,39
SFT_00668,MCH_L1_03,2023-08-11 16:00:00,Shift C (Night),480,480,0,None,904,867,37
SFT_00669,MCH_L1_02,2023-08-12 00:00:00,Shift A (Morning),480,480,0,None,854,822,32
SFT_00670,MCH_L1_03,2023-08-12 08:00:00,Shift B (Evening),480,408,72,Material Starvation,762,749,13
SFT_00671,MCH_L1_02,2023-08-12 16:00:00,Shift C (Night),480,473,7,Tool Breakdown,873,846,27
SFT_00672,MCH_L3_03,2023-08-13 00:00:00,Shift A (Morning),480,440,40,Calibration Lag,802,791,11
SFT_00673,MCH_L3_05,2023-08-13 08:00:00,Shift B (Evening),480,480,0,None,866,841,25
SFT_00674,MCH_L1_03,2023-08-13 16:00:00,Shift C (Night),480,406,74,Tool Breakdown,770,735,35
SFT_00675,MCH_L3_03,2023-08-14 00:00:00,Shift A (Morning),480,480,0,None,893,849,44
SFT_00676,MCH_L3_01,2023-08-14 08:00:00,Shift B (Evening),480,480,0,None,892,881,11
SFT_00677,MCH_L2_01,2023-08-14 16:00:00,Shift C (Night),480,480,0,None,917,907,10
SFT_00678,MCH_L1_04,2023-08-15 00:00:00,Shift A (Morning),480,480,0,None,866,856,10
SFT_00679,MCH_L3_03,2023-08-15 08:00:00,Shift B (Evening),480,480,0,None,878,847,31
SFT_00680,MCH_L3_04,2023-08-15 16:00:00,Shift C (Night),480,480,0,None,921,907,14
SFT_00681,MCH_L1_02,2023-08-16 00:00:00,Shift A (Morning),480,480,0,None,908,870,38
SFT_00682,MCH_L1_04,2023-08-16 08:00:00,Shift B (Evening),480,480,0,None,892,857,35
SFT_00683,MCH_L1_03,2023-08-16 16:00:00,Shift C (Night),480,480,0,None,896,878,18
SFT_00684,MCH_L3_02,2023-08-17 00:00:00,Shift A (Morning),480,470,10,Material Starvation,884,844,40
SFT_00685,MCH_L2_01,2023-08-17 08:00:00,Shift B (Evening),480,480,0,None,925,907,18
SFT_00686,MCH_L1_01,2023-08-17 16:00:00,Shift C (Night),480,480,0,None,861,841,20
SFT_00687,MCH_L2_05,2023-08-18 00:00:00,Shift A (Morning),480,480,0,None,854,824,30
SFT_00688,MCH_L1_05,2023-08-18 08:00:00,Shift B (Evening),480,240,240,Calibration Lag,459,441,18
SFT_00689,MCH_L3_02,2023-08-18 16:00:00,Shift C (Night),480,466,14,Tool Breakdown,827,801,26
SFT_00690,MCH_L2_03,2023-08-19 00:00:00,Shift A (Morning),480,480,0,None,927,912,15
SFT_00691,MCH_L1_02,2023-08-19 08:00:00,Shift B (Evening),480,480,0,None,932,910,22
SFT_00692,MCH_L2_05,2023-08-19 16:00:00,Shift C (Night),480,350,130,Calibration Lag,673,652,21
SFT_00693,MCH_L2_02,2023-08-20 00:00:00,Shift A (Morning),480,480,0,None,886,865,21
SFT_00694,MCH_L3_04,2023-08-20 08:00:00,Shift B (Evening),480,480,0,None,908,868,40
SFT_00695,MCH_L2_01,2023-08-20 16:00:00,Shift C (Night),480,480,0,None,864,834,30
SFT_00696,MCH_L1_05,2023-08-21 00:00:00,Shift A (Morning),480,480,0,None,937,904,33
SFT_00697,MCH_L3_04,2023-08-21 08:00:00,Shift B (Evening),480,480,0,None,875,850,25
SFT_00698,MCH_L3_01,2023-08-21 16:00:00,Shift C (Night),480,480,0,None,922,886,36
SFT_00699,MCH_L3_03,2023-08-22 00:00:00,Shift A (Morning),480,480,0,None,874,852,22
SFT_00700,MCH_L3_01,2023-08-22 08:00:00,Shift B (Evening),480,480,0,None,897,859,38
SFT_00701,MCH_L3_05,2023-08-22 16:00:00,Shift C (Night),480,480,0,None,875,842,33
SFT_00702,MCH_L2_04,2023-08-23 00:00:00,Shift A (Morning),480,364,116,Pressure Loss,651,636,15
SFT_00703,MCH_L3_03,2023-08-23 08:00:00,Shift B (Evening),480,480,0,None,896,871,25
SFT_00704,MCH_L3_01,2023-08-23 16:00:00,Shift C (Night),480,480,0,None,854,829,25
SFT_00705,MCH_L2_02,2023-08-24 00:00:00,Shift A (Morning),480,480,0,None,852,828,24
SFT_00706,MCH_L3_01,2023-08-24 08:00:00,Shift B (Evening),480,480,0,None,886,851,35
SFT_00707,MCH_L2_02,2023-08-24 16:00:00,Shift C (Night),480,480,0,None,871,849,22
SFT_00708,MCH_L2_02,2023-08-25 00:00:00,Shift A (Morning),480,427,53,Tool Breakdown,770,743,27
SFT_00709,MCH_L2_01,2023-08-25 08:00:00,Shift B (Evening),480,480,0,None,938,924,14
SFT_00710,MCH_L1_01,2023-08-25 16:00:00,Shift C (Night),480,480,0,None,856,847,9
SFT_00711,MCH_L2_02,2023-08-26 00:00:00,Shift A (Morning),480,480,0,None,878,862,16
SFT_00712,MCH_L2_04,2023-08-26 08:00:00,Shift B (Evening),480,480,0,None,928,902,26
SFT_00713,MCH_L2_02,2023-08-26 16:00:00,Shift C (Night),480,480,0,None,867,852,15
SFT_00714,MCH_L2_03,2023-08-27 00:00:00,Shift A (Morning),480,453,27,Material Starvation,802,777,25
SFT_00715,MCH_L3_02,2023-08-27 08:00:00,Shift B (Evening),480,480,0,None,917,877,40
SFT_00716,MCH_L1_01,2023-08-27 16:00:00,Shift C (Night),480,480,0,None,929,886,43
SFT_00717,MCH_L1_05,2023-08-28 00:00:00,Shift A (Morning),480,480,0,None,876,862,14
SFT_00718,MCH_L3_04,2023-08-28 08:00:00,Shift B (Evening),480,454,26,Calibration Lag,824,784,40
SFT_00719,MCH_L3_04,2023-08-28 16:00:00,Shift C (Night),480,480,0,None,927,906,21
SFT_00720,MCH_L2_05,2023-08-29 00:00:00,Shift A (Morning),480,338,142,Calibration Lag,612,594,18
SFT_00721,MCH_L1_02,2023-08-29 08:00:00,Shift B (Evening),480,480,0,None,850,833,17
SFT_00722,MCH_L2_05,2023-08-29 16:00:00,Shift C (Night),480,456,24,Tool Breakdown,826,789,37
SFT_00723,MCH_L2_02,2023-08-30 00:00:00,Shift A (Morning),480,480,0,None,886,876,10
SFT_00724,MCH_L1_03,2023-08-30 08:00:00,Shift B (Evening),480,480,0,None,885,871,14
SFT_00725,MCH_L1_05,2023-08-30 16:00:00,Shift C (Night),480,480,0,None,930,887,43
SFT_00726,MCH_L1_02,2023-08-31 00:00:00,Shift A (Morning),480,446,34,Material Starvation,800,770,30
SFT_00727,MCH_L2_05,2023-08-31 08:00:00,Shift B (Evening),480,425,55,Material Starvation,815,779,36
SFT_00728,MCH_L2_01,2023-08-31 16:00:00,Shift C (Night),480,480,0,None,879,841,38
SFT_00729,MCH_L1_05,2023-09-01 00:00:00,Shift A (Morning),480,353,127,Tool Breakdown,627,608,19
SFT_00730,MCH_L2_05,2023-09-01 08:00:00,Shift B (Evening),480,480,0,None,868,835,33
SFT_00731,MCH_L1_05,2023-09-01 16:00:00,Shift C (Night),480,480,0,None,846,818,28
SFT_00732,MCH_L2_05,2023-09-02 00:00:00,Shift A (Morning),480,480,0,None,866,849,17
SFT_00733,MCH_L1_02,2023-09-02 08:00:00,Shift B (Evening),480,480,0,None,870,827,43
SFT_00734,MCH_L2_01,2023-09-02 16:00:00,Shift C (Night),480,480,0,None,929,888,41
SFT_00735,MCH_L3_05,2023-09-03 00:00:00,Shift A (Morning),480,480,0,None,880,865,15
SFT_00736,MCH_L2_02,2023-09-03 08:00:00,Shift B (Evening),480,466,14,Pressure Loss,860,848,12
SFT_00737,MCH_L1_04,2023-09-03 16:00:00,Shift C (Night),480,452,28,Calibration Lag,828,814,14
SFT_00738,MCH_L3_01,2023-09-04 00:00:00,Shift A (Morning),480,480,0,None,882,852,30
SFT_00739,MCH_L1_03,2023-09-04 08:00:00,Shift B (Evening),480,456,24,Pressure Loss,809,785,24
SFT_00740,MCH_L1_01,2023-09-04 16:00:00,Shift C (Night),480,480,0,None,923,890,33
SFT_00741,MCH_L3_05,2023-09-05 00:00:00,Shift A (Morning),480,480,0,None,883,843,40
SFT_00742,MCH_L1_04,2023-09-05 08:00:00,Shift B (Evening),480,442,38,Material Starvation,829,806,23
SFT_00743,MCH_L3_01,2023-09-05 16:00:00,Shift C (Night),480,480,0,None,855,838,17
SFT_00744,MCH_L2_04,2023-09-06 00:00:00,Shift A (Morning),480,480,0,None,859,840,19
SFT_00745,MCH_L3_03,2023-09-06 08:00:00,Shift B (Evening),480,480,0,None,856,826,30
SFT_00746,MCH_L1_03,2023-09-06 16:00:00,Shift C (Night),480,469,11,Pressure Loss,916,889,27
SFT_00747,MCH_L2_03,2023-09-07 00:00:00,Shift A (Morning),480,480,0,None,875,856,19
SFT_00748,MCH_L3_01,2023-09-07 08:00:00,Shift B (Evening),480,480,0,None,909,883,26
SFT_00749,MCH_L2_03,2023-09-07 16:00:00,Shift C (Night),480,480,0,None,858,822,36
SFT_00750,MCH_L1_05,2023-09-08 00:00:00,Shift A (Morning),480,480,0,None,883,873,10
SFT_00751,MCH_L3_05,2023-09-08 08:00:00,Shift B (Evening),480,480,0,None,939,911,28
SFT_00752,MCH_L1_04,2023-09-08 16:00:00,Shift C (Night),480,480,0,None,846,810,36
SFT_00753,MCH_L2_03,2023-09-09 00:00:00,Shift A (Morning),480,480,0,None,849,832,17
SFT_00754,MCH_L1_04,2023-09-09 08:00:00,Shift B (Evening),480,452,28,Material Starvation,810,777,33
SFT_00755,MCH_L2_04,2023-09-09 16:00:00,Shift C (Night),480,469,11,Tool Breakdown,870,846,24
SFT_00756,MCH_L3_04,2023-09-10 00:00:00,Shift A (Morning),480,480,0,None,849,821,28
SFT_00757,MCH_L2_04,2023-09-10 08:00:00,Shift B (Evening),480,425,55,Tool Breakdown,764,745,19
SFT_00758,MCH_L3_01,2023-09-10 16:00:00,Shift C (Night),480,480,0,None,900,872,28
SFT_00759,MCH_L3_04,2023-09-11 00:00:00,Shift A (Morning),480,468,12,Tool Breakdown,861,832,29
SFT_00760,MCH_L3_01,2023-09-11 08:00:00,Shift B (Evening),480,480,0,None,867,830,37
SFT_00761,MCH_L3_01,2023-09-11 16:00:00,Shift C (Night),480,480,0,None,865,849,16
SFT_00762,MCH_L2_03,2023-09-12 00:00:00,Shift A (Morning),480,480,0,None,905,868,37
SFT_00763,MCH_L3_01,2023-09-12 08:00:00,Shift B (Evening),480,466,14,Tool Breakdown,876,853,23
SFT_00764,MCH_L2_02,2023-09-12 16:00:00,Shift C (Night),480,480,0,None,907,879,28
SFT_00765,MCH_L3_01,2023-09-13 00:00:00,Shift A (Morning),480,480,0,None,883,869,14
SFT_00766,MCH_L3_01,2023-09-13 08:00:00,Shift B (Evening),480,480,0,None,892,857,35
SFT_00767,MCH_L3_03,2023-09-13 16:00:00,Shift C (Night),480,480,0,None,873,845,28
SFT_00768,MCH_L3_01,2023-09-14 00:00:00,Shift A (Morning),480,480,0,None,915,893,22
SFT_00769,MCH_L2_05,2023-09-14 08:00:00,Shift B (Evening),480,480,0,None,873,849,24
SFT_00770,MCH_L3_05,2023-09-14 16:00:00,Shift C (Night),480,480,0,None,936,895,41
SFT_00771,MCH_L3_02,2023-09-15 00:00:00,Shift A (Morning),480,480,0,None,899,867,32
SFT_00772,MCH_L3_02,2023-09-15 08:00:00,Shift B (Evening),480,435,45,Tool Breakdown,851,812,39
SFT_00773,MCH_L3_02,2023-09-15 16:00:00,Shift C (Night),480,425,55,Tool Breakdown,806,777,29
SFT_00774,MCH_L2_01,2023-09-16 00:00:00,Shift A (Morning),480,480,0,None,893,864,29
SFT_00775,MCH_L1_05,2023-09-16 08:00:00,Shift B (Evening),480,469,11,Calibration Lag,829,807,22
SFT_00776,MCH_L3_04,2023-09-16 16:00:00,Shift C (Night),480,480,0,None,864,830,34
SFT_00777,MCH_L3_01,2023-09-17 00:00:00,Shift A (Morning),480,480,0,None,911,893,18
SFT_00778,MCH_L2_01,2023-09-17 08:00:00,Shift B (Evening),480,480,0,None,890,861,29
SFT_00779,MCH_L3_03,2023-09-17 16:00:00,Shift C (Night),480,480,0,None,855,817,38
SFT_00780,MCH_L1_02,2023-09-18 00:00:00,Shift A (Morning),480,480,0,None,901,878,23
SFT_00781,MCH_L3_01,2023-09-18 08:00:00,Shift B (Evening),480,480,0,None,886,857,29
SFT_00782,MCH_L1_03,2023-09-18 16:00:00,Shift C (Night),480,480,0,None,912,895,17
SFT_00783,MCH_L3_05,2023-09-19 00:00:00,Shift A (Morning),480,412,68,Pressure Loss,752,731,21
SFT_00784,MCH_L2_01,2023-09-19 08:00:00,Shift B (Evening),480,475,5,Tool Breakdown,897,877,20
SFT_00785,MCH_L1_02,2023-09-19 16:00:00,Shift C (Night),480,480,0,None,918,879,39
SFT_00786,MCH_L3_04,2023-09-20 00:00:00,Shift A (Morning),480,480,0,None,928,917,11
SFT_00787,MCH_L2_05,2023-09-20 08:00:00,Shift B (Evening),480,474,6,Tool Breakdown,920,894,26
SFT_00788,MCH_L2_04,2023-09-20 16:00:00,Shift C (Night),480,480,0,None,884,869,15
SFT_00789,MCH_L3_05,2023-09-21 00:00:00,Shift A (Morning),480,480,0,None,924,911,13
SFT_00790,MCH_L2_02,2023-09-21 08:00:00,Shift B (Evening),480,414,66,Tool Breakdown,752,744,8
SFT_00791,MCH_L2_03,2023-09-21 16:00:00,Shift C (Night),480,440,40,Material Starvation,800,769,31
SFT_00792,MCH_L3_05,2023-09-22 00:00:00,Shift A (Morning),480,480,0,None,870,839,31
SFT_00793,MCH_L2_04,2023-09-22 08:00:00,Shift B (Evening),480,480,0,None,937,902,35
SFT_00794,MCH_L3_01,2023-09-22 16:00:00,Shift C (Night),480,480,0,None,849,813,36
SFT_00795,MCH_L1_03,2023-09-23 00:00:00,Shift A (Morning),480,480,0,None,866,834,32
SFT_00796,MCH_L3_03,2023-09-23 08:00:00,Shift B (Evening),480,472,8,Tool Breakdown,874,841,33
SFT_00797,MCH_L1_02,2023-09-23 16:00:00,Shift C (Night),480,480,0,None,909,864,45
SFT_00798,MCH_L1_05,2023-09-24 00:00:00,Shift A (Morning),480,480,0,None,894,856,38
SFT_00799,MCH_L2_04,2023-09-24 08:00:00,Shift B (Evening),480,480,0,None,888,849,39
SFT_00800,MCH_L1_03,2023-09-24 16:00:00,Shift C (Night),480,480,0,None,919,898,21
SFT_00801,MCH_L3_02,2023-09-25 00:00:00,Shift A (Morning),480,480,0,None,931,900,31
SFT_00802,MCH_L3_04,2023-09-25 08:00:00,Shift B (Evening),480,433,47,Pressure Loss,784,762,22
SFT_00803,MCH_L3_01,2023-09-25 16:00:00,Shift C (Night),480,480,0,None,908,874,34
SFT_00804,MCH_L2_05,2023-09-26 00:00:00,Shift A (Morning),480,480,0,None,915,903,12
SFT_00805,MCH_L2_04,2023-09-26 08:00:00,Shift B (Evening),480,480,0,None,870,844,26
SFT_00806,MCH_L1_05,2023-09-26 16:00:00,Shift C (Night),480,480,0,None,862,836,26
SFT_00807,MCH_L2_03,2023-09-27 00:00:00,Shift A (Morning),480,480,0,None,904,872,32
SFT_00808,MCH_L3_04,2023-09-27 08:00:00,Shift B (Evening),480,480,0,None,891,862,29
SFT_00809,MCH_L1_05,2023-09-27 16:00:00,Shift C (Night),480,480,0,None,848,835,13
SFT_00810,MCH_L2_04,2023-09-28 00:00:00,Shift A (Morning),480,480,0,None,899,862,37
SFT_00811,MCH_L3_05,2023-09-28 08:00:00,Shift B (Evening),480,480,0,None,867,839,28
SFT_00812,MCH_L1_04,2023-09-28 16:00:00,Shift C (Night),480,480,0,None,885,870,15
SFT_00813,MCH_L3_02,2023-09-29 00:00:00,Shift A (Morning),480,480,0,None,891,866,25
SFT_00814,MCH_L3_02,2023-09-29 08:00:00,Shift B (Evening),480,480,0,None,911,902,9
SFT_00815,MCH_L2_05,2023-09-29 16:00:00,Shift C (Night),480,462,18,Pressure Loss,882,847,35
SFT_00816,MCH_L2_03,2023-09-30 00:00:00,Shift A (Morning),480,480,0,None,847,810,37
SFT_00817,MCH_L2_01,2023-09-30 08:00:00,Shift B (Evening),480,431,49,Calibration Lag,784,771,13
SFT_00818,MCH_L2_01,2023-09-30 16:00:00,Shift C (Night),480,480,0,None,894,885,9
SFT_00819,MCH_L3_05,2023-10-01 00:00:00,Shift A (Morning),480,480,0,None,901,859,42
SFT_00820,MCH_L2_02,2023-10-01 08:00:00,Shift B (Evening),480,480,0,None,848,821,27
SFT_00821,MCH_L2_05,2023-10-01 16:00:00,Shift C (Night),480,480,0,None,895,855,40
SFT_00822,MCH_L2_01,2023-10-02 00:00:00,Shift A (Morning),480,480,0,None,885,849,36
SFT_00823,MCH_L2_04,2023-10-02 08:00:00,Shift B (Evening),480,480,0,None,881,854,27
SFT_00824,MCH_L3_03,2023-10-02 16:00:00,Shift C (Night),480,480,0,None,911,880,31
SFT_00825,MCH_L1_05,2023-10-03 00:00:00,Shift A (Morning),480,480,0,None,902,858,44
SFT_00826,MCH_L3_05,2023-10-03 08:00:00,Shift B (Evening),480,480,0,None,927,886,41
SFT_00827,MCH_L3_05,2023-10-03 16:00:00,Shift C (Night),480,442,38,Calibration Lag,789,768,21
SFT_00828,MCH_L2_02,2023-10-04 00:00:00,Shift A (Morning),480,425,55,Tool Breakdown,752,721,31
SFT_00829,MCH_L2_04,2023-10-04 08:00:00,Shift B (Evening),480,480,0,None,922,880,42
SFT_00830,MCH_L2_03,2023-10-04 16:00:00,Shift C (Night),480,469,11,Calibration Lag,890,880,10
SFT_00831,MCH_L3_02,2023-10-05 00:00:00,Shift A (Morning),480,388,92,Material Starvation,741,712,29
SFT_00832,MCH_L2_03,2023-10-05 08:00:00,Shift B (Evening),480,480,0,None,900,878,22
SFT_00833,MCH_L1_05,2023-10-05 16:00:00,Shift C (Night),480,480,0,None,898,866,32
SFT_00834,MCH_L2_02,2023-10-06 00:00:00,Shift A (Morning),480,480,0,None,937,923,14
SFT_00835,MCH_L3_01,2023-10-06 08:00:00,Shift B (Evening),480,480,0,None,865,842,23
SFT_00836,MCH_L3_03,2023-10-06 16:00:00,Shift C (Night),480,480,0,None,928,907,21
SFT_00837,MCH_L3_02,2023-10-07 00:00:00,Shift A (Morning),480,480,0,None,902,880,22
SFT_00838,MCH_L2_05,2023-10-07 08:00:00,Shift B (Evening),480,480,0,None,869,836,33
SFT_00839,MCH_L1_01,2023-10-07 16:00:00,Shift C (Night),480,480,0,None,928,890,38
SFT_00840,MCH_L1_03,2023-10-08 00:00:00,Shift A (Morning),480,468,12,Calibration Lag,835,797,38
SFT_00841,MCH_L3_04,2023-10-08 08:00:00,Shift B (Evening),480,480,0,None,870,850,20
SFT_00842,MCH_L1_04,2023-10-08 16:00:00,Shift C (Night),480,480,0,None,907,868,39
SFT_00843,MCH_L1_04,2023-10-09 00:00:00,Shift A (Morning),480,480,0,None,917,908,9
SFT_00844,MCH_L2_02,2023-10-09 08:00:00,Shift B (Evening),480,480,0,None,887,873,14
SFT_00845,MCH_L3_03,2023-10-09 16:00:00,Shift C (Night),480,480,0,None,931,894,37
SFT_00846,MCH_L2_04,2023-10-10 00:00:00,Shift A (Morning),480,478,2,Tool Breakdown,868,854,14
SFT_00847,MCH_L2_05,2023-10-10 08:00:00,Shift B (Evening),480,480,0,None,911,895,16
SFT_00848,MCH_L3_01,2023-10-10 16:00:00,Shift C (Night),480,480,0,None,859,848,11
SFT_00849,MCH_L3_02,2023-10-11 00:00:00,Shift A (Morning),480,473,7,Material Starvation,874,863,11
SFT_00850,MCH_L2_03,2023-10-11 08:00:00,Shift B (Evening),480,480,0,None,902,893,9
SFT_00851,MCH_L1_04,2023-10-11 16:00:00,Shift C (Night),480,452,28,Material Starvation,859,840,19
SFT_00852,MCH_L1_05,2023-10-12 00:00:00,Shift A (Morning),480,480,0,None,869,829,40
SFT_00853,MCH_L3_05,2023-10-12 08:00:00,Shift B (Evening),480,480,0,None,904,882,22
SFT_00854,MCH_L3_05,2023-10-12 16:00:00,Shift C (Night),480,480,0,None,918,885,33
SFT_00855,MCH_L1_02,2023-10-13 00:00:00,Shift A (Morning),480,480,0,None,871,833,38
SFT_00856,MCH_L2_01,2023-10-13 08:00:00,Shift B (Evening),480,480,0,None,886,852,34
SFT_00857,MCH_L2_04,2023-10-13 16:00:00,Shift C (Night),480,449,31,Tool Breakdown,832,791,41
SFT_00858,MCH_L1_05,2023-10-14 00:00:00,Shift A (Morning),480,480,0,None,895,882,13
SFT_00859,MCH_L1_02,2023-10-14 08:00:00,Shift B (Evening),480,480,0,None,875,864,11
SFT_00860,MCH_L2_05,2023-10-14 16:00:00,Shift C (Night),480,480,0,None,938,910,28
SFT_00861,MCH_L1_04,2023-10-15 00:00:00,Shift A (Morning),480,480,0,None,863,849,14
SFT_00862,MCH_L3_04,2023-10-15 08:00:00,Shift B (Evening),480,480,0,None,846,828,18
SFT_00863,MCH_L2_02,2023-10-15 16:00:00,Shift C (Night),480,480,0,None,861,823,38
SFT_00864,MCH_L3_05,2023-10-16 00:00:00,Shift A (Morning),480,475,5,Pressure Loss,880,861,19
SFT_00865,MCH_L1_01,2023-10-16 08:00:00,Shift B (Evening),480,431,49,Tool Breakdown,767,760,7
SFT_00866,MCH_L3_03,2023-10-16 16:00:00,Shift C (Night),480,480,0,None,913,889,24
SFT_00867,MCH_L1_03,2023-10-17 00:00:00,Shift A (Morning),480,472,8,Material Starvation,839,809,30
SFT_00868,MCH_L1_05,2023-10-17 08:00:00,Shift B (Evening),480,443,37,Tool Breakdown,852,827,25
SFT_00869,MCH_L2_04,2023-10-17 16:00:00,Shift C (Night),480,462,18,Material Starvation,825,792,33
SFT_00870,MCH_L3_05,2023-10-18 00:00:00,Shift A (Morning),480,480,0,None,869,830,39
SFT_00871,MCH_L1_05,2023-10-18 08:00:00,Shift B (Evening),480,476,4,Material Starvation,896,875,21
SFT_00872,MCH_L3_02,2023-10-18 16:00:00,Shift C (Night),480,480,0,None,936,915,21
SFT_00873,MCH_L1_02,2023-10-19 00:00:00,Shift A (Morning),480,480,0,None,859,838,21
SFT_00874,MCH_L1_04,2023-10-19 08:00:00,Shift B (Evening),480,480,0,None,898,864,34
SFT_00875,MCH_L1_05,2023-10-19 16:00:00,Shift C (Night),480,480,0,None,899,884,15
SFT_00876,MCH_L3_05,2023-10-20 00:00:00,Shift A (Morning),480,480,0,None,917,895,22
SFT_00877,MCH_L2_04,2023-10-20 08:00:00,Shift B (Evening),480,480,0,None,862,837,25
SFT_00878,MCH_L2_01,2023-10-20 16:00:00,Shift C (Night),480,480,0,None,849,808,41
SFT_00879,MCH_L2_02,2023-10-21 00:00:00,Shift A (Morning),480,480,0,None,938,915,23
SFT_00880,MCH_L3_01,2023-10-21 08:00:00,Shift B (Evening),480,480,0,None,862,844,18
SFT_00881,MCH_L1_05,2023-10-21 16:00:00,Shift C (Night),480,480,0,None,870,857,13
SFT_00882,MCH_L3_04,2023-10-22 00:00:00,Shift A (Morning),480,480,0,None,885,872,13
SFT_00883,MCH_L2_02,2023-10-22 08:00:00,Shift B (Evening),480,480,0,None,908,866,42
SFT_00884,MCH_L1_01,2023-10-22 16:00:00,Shift C (Night),480,480,0,None,866,830,36
SFT_00885,MCH_L3_02,2023-10-23 00:00:00,Shift A (Morning),480,480,0,None,908,888,20
SFT_00886,MCH_L3_02,2023-10-23 08:00:00,Shift B (Evening),480,423,57,Material Starvation,781,769,12
SFT_00887,MCH_L3_02,2023-10-23 16:00:00,Shift C (Night),480,480,0,None,871,837,34
SFT_00888,MCH_L3_01,2023-10-24 00:00:00,Shift A (Morning),480,480,0,None,921,893,28
SFT_00889,MCH_L2_03,2023-10-24 08:00:00,Shift B (Evening),480,480,0,None,919,877,42
SFT_00890,MCH_L1_05,2023-10-24 16:00:00,Shift C (Night),480,460,20,Tool Breakdown,851,811,40
SFT_00891,MCH_L1_04,2023-10-25 00:00:00,Shift A (Morning),480,480,0,None,894,865,29
SFT_00892,MCH_L1_04,2023-10-25 08:00:00,Shift B (Evening),480,480,0,None,912,901,11
SFT_00893,MCH_L3_02,2023-10-25 16:00:00,Shift C (Night),480,480,0,None,850,827,23
SFT_00894,MCH_L3_01,2023-10-26 00:00:00,Shift A (Morning),480,480,0,None,869,838,31
SFT_00895,MCH_L1_03,2023-10-26 08:00:00,Shift B (Evening),480,473,7,Material Starvation,902,888,14
SFT_00896,MCH_L2_03,2023-10-26 16:00:00,Shift C (Night),480,480,0,None,897,875,22
SFT_00897,MCH_L2_04,2023-10-27 00:00:00,Shift A (Morning),480,480,0,None,882,850,32
SFT_00898,MCH_L3_04,2023-10-27 08:00:00,Shift B (Evening),480,480,0,None,861,826,35
SFT_00899,MCH_L1_05,2023-10-27 16:00:00,Shift C (Night),480,480,0,None,897,855,42
SFT_00900,MCH_L1_02,2023-10-28 00:00:00,Shift A (Morning),480,480,0,None,922,888,34
SFT_00901,MCH_L1_02,2023-10-28 08:00:00,Shift B (Evening),480,480,0,None,861,850,11
SFT_00902,MCH_L2_04,2023-10-28 16:00:00,Shift C (Night),480,431,49,Tool Breakdown,807,789,18
SFT_00903,MCH_L1_05,2023-10-29 00:00:00,Shift A (Morning),480,474,6,Tool Breakdown,924,878,46
SFT_00904,MCH_L3_04,2023-10-29 08:00:00,Shift B (Evening),480,480,0,None,863,839,24
SFT_00905,MCH_L3_01,2023-10-29 16:00:00,Shift C (Night),480,480,0,None,877,843,34
SFT_00906,MCH_L2_03,2023-10-30 00:00:00,Shift A (Morning),480,480,0,None,882,846,36
SFT_00907,MCH_L1_05,2023-10-30 08:00:00,Shift B (Evening),480,480,0,None,927,905,22
SFT_00908,MCH_L1_03,2023-10-30 16:00:00,Shift C (Night),480,480,0,None,925,899,26
SFT_00909,MCH_L2_02,2023-10-31 00:00:00,Shift A (Morning),480,462,18,Calibration Lag,860,821,39
SFT_00910,MCH_L1_01,2023-10-31 08:00:00,Shift B (Evening),480,480,0,None,855,833,22
SFT_00911,MCH_L3_04,2023-10-31 16:00:00,Shift C (Night),480,480,0,None,918,894,24
SFT_00912,MCH_L1_01,2023-11-01 00:00:00,Shift A (Morning),480,448,32,Material Starvation,805,782,23
SFT_00913,MCH_L2_03,2023-11-01 08:00:00,Shift B (Evening),480,480,0,None,914,873,41
SFT_00914,MCH_L2_04,2023-11-01 16:00:00,Shift C (Night),480,439,41,Tool Breakdown,803,781,22
SFT_00915,MCH_L2_01,2023-11-02 00:00:00,Shift A (Morning),480,480,0,None,892,867,25
SFT_00916,MCH_L3_03,2023-11-02 08:00:00,Shift B (Evening),480,480,0,None,890,865,25
SFT_00917,MCH_L3_05,2023-11-02 16:00:00,Shift C (Night),480,401,79,Pressure Loss,725,715,10
SFT_00918,MCH_L2_01,2023-11-03 00:00:00,Shift A (Morning),480,480,0,None,865,851,14
SFT_00919,MCH_L2_02,2023-11-03 08:00:00,Shift B (Evening),480,480,0,None,886,862,24
SFT_00920,MCH_L3_04,2023-11-03 16:00:00,Shift C (Night),480,480,0,None,860,841,19
SFT_00921,MCH_L3_03,2023-11-04 00:00:00,Shift A (Morning),480,480,0,None,876,863,13
SFT_00922,MCH_L3_03,2023-11-04 08:00:00,Shift B (Evening),480,411,69,Material Starvation,749,731,18
SFT_00923,MCH_L2_05,2023-11-04 16:00:00,Shift C (Night),480,431,49,Calibration Lag,823,792,31
SFT_00924,MCH_L1_04,2023-11-05 00:00:00,Shift A (Morning),480,480,0,None,846,826,20
SFT_00925,MCH_L3_05,2023-11-05 08:00:00,Shift B (Evening),480,480,0,None,872,849,23
SFT_00926,MCH_L2_04,2023-11-05 16:00:00,Shift C (Night),480,480,0,None,859,837,22
SFT_00927,MCH_L2_01,2023-11-06 00:00:00,Shift A (Morning),480,480,0,None,868,837,31
SFT_00928,MCH_L1_01,2023-11-06 08:00:00,Shift B (Evening),480,480,0,None,882,842,40
SFT_00929,MCH_L3_05,2023-11-06 16:00:00,Shift C (Night),480,356,124,Tool Breakdown,632,619,13
SFT_00930,MCH_L3_01,2023-11-07 00:00:00,Shift A (Morning),480,480,0,None,901,889,12
SFT_00931,MCH_L3_02,2023-11-07 08:00:00,Shift B (Evening),480,480,0,None,861,836,25
SFT_00932,MCH_L2_01,2023-11-07 16:00:00,Shift C (Night),480,480,0,None,877,844,33
SFT_00933,MCH_L2_02,2023-11-08 00:00:00,Shift A (Morning),480,480,0,None,901,862,39
SFT_00934,MCH_L3_05,2023-11-08 08:00:00,Shift B (Evening),480,480,0,None,846,826,20
SFT_00935,MCH_L2_03,2023-11-08 16:00:00,Shift C (Night),480,480,0,None,851,839,12
SFT_00936,MCH_L1_05,2023-11-09 00:00:00,Shift A (Morning),480,469,11,Material Starvation,897,865,32
SFT_00937,MCH_L1_02,2023-11-09 08:00:00,Shift B (Evening),480,480,0,None,875,838,37
SFT_00938,MCH_L3_04,2023-11-09 16:00:00,Shift C (Night),480,480,0,None,871,849,22
SFT_00939,MCH_L3_02,2023-11-10 00:00:00,Shift A (Morning),480,453,27,Pressure Loss,857,838,19
SFT_00940,MCH_L1_01,2023-11-10 08:00:00,Shift B (Evening),480,480,0,None,875,851,24
SFT_00941,MCH_L1_04,2023-11-10 16:00:00,Shift C (Night),480,480,0,None,901,859,42
SFT_00942,MCH_L2_03,2023-11-11 00:00:00,Shift A (Morning),480,457,23,Tool Breakdown,819,782,37
SFT_00943,MCH_L2_03,2023-11-11 08:00:00,Shift B (Evening),480,480,0,None,892,852,40
SFT_00944,MCH_L2_05,2023-11-11 16:00:00,Shift C (Night),480,480,0,None,848,814,34
SFT_00945,MCH_L2_05,2023-11-12 00:00:00,Shift A (Morning),480,480,0,None,915,883,32
SFT_00946,MCH_L1_01,2023-11-12 08:00:00,Shift B (Evening),480,471,9,Pressure Loss,912,881,31
SFT_00947,MCH_L3_02,2023-11-12 16:00:00,Shift C (Night),480,405,75,Tool Breakdown,769,753,16
SFT_00948,MCH_L1_02,2023-11-13 00:00:00,Shift A (Morning),480,480,0,None,858,816,42
SFT_00949,MCH_L3_05,2023-11-13 08:00:00,Shift B (Evening),480,480,0,None,880,859,21
SFT_00950,MCH_L3_03,2023-11-13 16:00:00,Shift C (Night),480,458,22,Calibration Lag,893,873,20
SFT_00951,MCH_L2_01,2023-11-14 00:00:00,Shift A (Morning),480,480,0,None,933,888,45
SFT_00952,MCH_L3_01,2023-11-14 08:00:00,Shift B (Evening),480,480,0,None,861,842,19
SFT_00953,MCH_L3_01,2023-11-14 16:00:00,Shift C (Night),480,480,0,None,888,855,33
SFT_00954,MCH_L1_03,2023-11-15 00:00:00,Shift A (Morning),480,480,0,None,927,911,16
SFT_00955,MCH_L3_05,2023-11-15 08:00:00,Shift B (Evening),480,480,0,None,860,823,37
SFT_00956,MCH_L1_05,2023-11-15 16:00:00,Shift C (Night),480,480,0,None,899,876,23
SFT_00957,MCH_L1_03,2023-11-16 00:00:00,Shift A (Morning),480,480,0,None,872,854,18
SFT_00958,MCH_L1_01,2023-11-16 08:00:00,Shift B (Evening),480,480,0,None,927,912,15
SFT_00959,MCH_L2_03,2023-11-16 16:00:00,Shift C (Night),480,480,0,None,868,858,10
SFT_00960,MCH_L2_03,2023-11-17 00:00:00,Shift A (Morning),480,480,0,None,884,845,39
SFT_00961,MCH_L1_01,2023-11-17 08:00:00,Shift B (Evening),480,480,0,None,890,859,31
SFT_00962,MCH_L3_02,2023-11-17 16:00:00,Shift C (Night),480,368,112,Calibration Lag,657,641,16
SFT_00963,MCH_L1_03,2023-11-18 00:00:00,Shift A (Morning),480,480,0,None,856,827,29
SFT_00964,MCH_L2_03,2023-11-18 08:00:00,Shift B (Evening),480,480,0,None,911,892,19
SFT_00965,MCH_L3_01,2023-11-18 16:00:00,Shift C (Night),480,480,0,None,939,930,9
SFT_00966,MCH_L2_02,2023-11-19 00:00:00,Shift A (Morning),480,480,0,None,909,867,42
SFT_00967,MCH_L3_03,2023-11-19 08:00:00,Shift B (Evening),480,480,0,None,883,840,43
SFT_00968,MCH_L3_01,2023-11-19 16:00:00,Shift C (Night),480,480,0,None,939,893,46
SFT_00969,MCH_L1_05,2023-11-20 00:00:00,Shift A (Morning),480,480,0,None,925,908,17
SFT_00970,MCH_L2_01,2023-11-20 08:00:00,Shift B (Evening),480,465,15,Tool Breakdown,905,892,13
SFT_00971,MCH_L1_03,2023-11-20 16:00:00,Shift C (Night),480,387,93,Calibration Lag,726,691,35
SFT_00972,MCH_L1_04,2023-11-21 00:00:00,Shift A (Morning),480,475,5,Tool Breakdown,899,887,12
SFT_00973,MCH_L3_04,2023-11-21 08:00:00,Shift B (Evening),480,468,12,Pressure Loss,883,856,27
SFT_00974,MCH_L1_04,2023-11-21 16:00:00,Shift C (Night),480,480,0,None,861,822,39
SFT_00975,MCH_L2_03,2023-11-22 00:00:00,Shift A (Morning),480,480,0,None,931,898,33
SFT_00976,MCH_L3_05,2023-11-22 08:00:00,Shift B (Evening),480,429,51,Tool Breakdown,822,795,27
SFT_00977,MCH_L3_01,2023-11-22 16:00:00,Shift C (Night),480,381,99,Material Starvation,693,684,9
SFT_00978,MCH_L2_03,2023-11-23 00:00:00,Shift A (Morning),480,480,0,None,928,890,38
SFT_00979,MCH_L3_02,2023-11-23 08:00:00,Shift B (Evening),480,480,0,None,889,876,13
SFT_00980,MCH_L3_04,2023-11-23 16:00:00,Shift C (Night),480,480,0,None,899,859,40
SFT_00981,MCH_L3_03,2023-11-24 00:00:00,Shift A (Morning),480,480,0,None,898,863,35
SFT_00982,MCH_L3_02,2023-11-24 08:00:00,Shift B (Evening),480,480,0,None,905,861,44
SFT_00983,MCH_L3_01,2023-11-24 16:00:00,Shift C (Night),480,480,0,None,925,895,30
SFT_00984,MCH_L1_04,2023-11-25 00:00:00,Shift A (Morning),480,480,0,None,912,874,38
SFT_00985,MCH_L2_05,2023-11-25 08:00:00,Shift B (Evening),480,461,19,Tool Breakdown,833,803,30
SFT_00986,MCH_L2_05,2023-11-25 16:00:00,Shift C (Night),480,480,0,None,924,909,15
SFT_00987,MCH_L2_03,2023-11-26 00:00:00,Shift A (Morning),480,480,0,None,928,907,21
SFT_00988,MCH_L1_02,2023-11-26 08:00:00,Shift B (Evening),480,480,0,None,938,929,9
SFT_00989,MCH_L1_03,2023-11-26 16:00:00,Shift C (Night),480,427,53,Tool Breakdown,818,788,30
SFT_00990,MCH_L2_04,2023-11-27 00:00:00,Shift A (Morning),480,480,0,None,885,852,33
SFT_00991,MCH_L1_05,2023-11-27 08:00:00,Shift B (Evening),480,480,0,None,932,886,46
SFT_00992,MCH_L3_01,2023-11-27 16:00:00,Shift C (Night),480,480,0,None,926,885,41
SFT_00993,MCH_L1_02,2023-11-28 00:00:00,Shift A (Morning),480,480,0,None,857,847,10
SFT_00994,MCH_L1_02,2023-11-28 08:00:00,Shift B (Evening),480,480,0,None,852,817,35
SFT_00995,MCH_L2_04,2023-11-28 16:00:00,Shift C (Night),480,480,0,None,889,877,12
SFT_00996,MCH_L1_04,2023-11-29 00:00:00,Shift A (Morning),480,480,0,None,906,893,13
SFT_00997,MCH_L2_04,2023-11-29 08:00:00,Shift B (Evening),480,480,0,None,888,875,13
SFT_00998,MCH_L2_03,2023-11-29 16:00:00,Shift C (Night),480,480,0,None,923,909,14
SFT_00999,MCH_L1_05,2023-11-30 00:00:00,Shift A (Morning),480,480,0,None,912,883,29
SFT_01000,MCH_L3_01,2023-11-30 08:00:00,Shift B (Evening),480,468,12,Tool Breakdown,897,888,9
SFT_01001,MCH_L2_05,2023-11-30 16:00:00,Shift C (Night),480,477,3,Pressure Loss,924,883,41
SFT_01002,MCH_L1_04,2023-12-01 00:00:00,Shift A (Morning),480,480,0,None,874,845,29
SFT_01003,MCH_L3_05,2023-12-01 08:00:00,Shift B (Evening),480,480,0,None,852,825,27
SFT_01004,MCH_L2_02,2023-12-01 16:00:00,Shift C (Night),480,466,14,Calibration Lag,870,860,10
SFT_01005,MCH_L1_04,2023-12-02 00:00:00,Shift A (Morning),480,480,0,None,895,854,41
SFT_01006,MCH_L3_01,2023-12-02 08:00:00,Shift B (Evening),480,480,0,None,901,890,11
SFT_01007,MCH_L3_04,2023-12-02 16:00:00,Shift C (Night),480,480,0,None,905,860,45
SFT_01008,MCH_L2_05,2023-12-03 00:00:00,Shift A (Morning),480,439,41,Tool Breakdown,813,788,25
SFT_01009,MCH_L3_05,2023-12-03 08:00:00,Shift B (Evening),480,480,0,None,881,856,25
SFT_01010,MCH_L3_01,2023-12-03 16:00:00,Shift C (Night),480,408,72,Calibration Lag,729,702,27
SFT_01011,MCH_L2_03,2023-12-04 00:00:00,Shift A (Morning),480,391,89,Tool Breakdown,744,736,8
SFT_01012,MCH_L2_03,2023-12-04 08:00:00,Shift B (Evening),480,480,0,None,913,900,13
SFT_01013,MCH_L2_05,2023-12-04 16:00:00,Shift C (Night),480,480,0,None,894,853,41
SFT_01014,MCH_L2_04,2023-12-05 00:00:00,Shift A (Morning),480,480,0,None,915,887,28
SFT_01015,MCH_L3_04,2023-12-05 08:00:00,Shift B (Evening),480,480,0,None,904,886,18
SFT_01016,MCH_L2_05,2023-12-05 16:00:00,Shift C (Night),480,480,0,None,906,882,24
SFT_01017,MCH_L3_02,2023-12-06 00:00:00,Shift A (Morning),480,463,17,Calibration Lag,832,800,32
SFT_01018,MCH_L3_02,2023-12-06 08:00:00,Shift B (Evening),480,479,1,Calibration Lag,868,853,15
SFT_01019,MCH_L3_05,2023-12-06 16:00:00,Shift C (Night),480,471,9,Pressure Loss,864,846,18
SFT_01020,MCH_L2_04,2023-12-07 00:00:00,Shift A (Morning),480,480,0,None,865,840,25
SFT_01021,MCH_L3_04,2023-12-07 08:00:00,Shift B (Evening),480,480,0,None,937,908,29
SFT_01022,MCH_L1_03,2023-12-07 16:00:00,Shift C (Night),480,412,68,Tool Breakdown,780,744,36
SFT_01023,MCH_L3_03,2023-12-08 00:00:00,Shift A (Morning),480,480,0,None,913,872,41
SFT_01024,MCH_L3_03,2023-12-08 08:00:00,Shift B (Evening),480,480,0,None,899,867,32
SFT_01025,MCH_L2_02,2023-12-08 16:00:00,Shift C (Night),480,480,0,None,861,833,28
SFT_01026,MCH_L1_03,2023-12-09 00:00:00,Shift A (Morning),480,480,0,None,940,924,16
SFT_01027,MCH_L1_01,2023-12-09 08:00:00,Shift B (Evening),480,475,5,Pressure Loss,866,854,12
SFT_01028,MCH_L3_02,2023-12-09 16:00:00,Shift C (Night),480,340,140,Tool Breakdown,655,644,11
SFT_01029,MCH_L2_04,2023-12-10 00:00:00,Shift A (Morning),480,480,0,None,875,856,19
SFT_01030,MCH_L2_01,2023-12-10 08:00:00,Shift B (Evening),480,480,0,None,911,871,40
SFT_01031,MCH_L1_01,2023-12-10 16:00:00,Shift C (Night),480,480,0,None,908,894,14
SFT_01032,MCH_L3_05,2023-12-11 00:00:00,Shift A (Morning),480,372,108,Pressure Loss,674,664,10
SFT_01033,MCH_L2_03,2023-12-11 08:00:00,Shift B (Evening),480,480,0,None,882,867,15
SFT_01034,MCH_L3_01,2023-12-11 16:00:00,Shift C (Night),480,480,0,None,859,839,20
SFT_01035,MCH_L1_05,2023-12-12 00:00:00,Shift A (Morning),480,480,0,None,845,810,35
SFT_01036,MCH_L3_02,2023-12-12 08:00:00,Shift B (Evening),480,434,46,Pressure Loss,803,769,34
SFT_01037,MCH_L2_01,2023-12-12 16:00:00,Shift C (Night),480,480,0,None,937,915,22
SFT_01038,MCH_L1_03,2023-12-13 00:00:00,Shift A (Morning),480,480,0,None,924,906,18
SFT_01039,MCH_L1_03,2023-12-13 08:00:00,Shift B (Evening),480,480,0,None,882,853,29
SFT_01040,MCH_L2_04,2023-12-13 16:00:00,Shift C (Night),480,471,9,Tool Breakdown,879,856,23
SFT_01041,MCH_L3_02,2023-12-14 00:00:00,Shift A (Morning),480,480,0,None,882,847,35
SFT_01042,MCH_L1_01,2023-12-14 08:00:00,Shift B (Evening),480,450,30,Tool Breakdown,823,803,20
SFT_01043,MCH_L2_01,2023-12-14 16:00:00,Shift C (Night),480,480,0,None,907,892,15
SFT_01044,MCH_L1_03,2023-12-15 00:00:00,Shift A (Morning),480,480,0,None,848,837,11
SFT_01045,MCH_L3_02,2023-12-15 08:00:00,Shift B (Evening),480,480,0,None,891,863,28
SFT_01046,MCH_L3_01,2023-12-15 16:00:00,Shift C (Night),480,480,0,None,924,881,43
SFT_01047,MCH_L3_04,2023-12-16 00:00:00,Shift A (Morning),480,480,0,None,895,885,10
SFT_01048,MCH_L3_05,2023-12-16 08:00:00,Shift B (Evening),480,480,0,None,874,840,34
SFT_01049,MCH_L3_05,2023-12-16 16:00:00,Shift C (Night),480,480,0,None,885,874,11
SFT_01050,MCH_L3_01,2023-12-17 00:00:00,Shift A (Morning),480,480,0,None,855,819,36
SFT_01051,MCH_L3_03,2023-12-17 08:00:00,Shift B (Evening),480,480,0,None,887,846,41
SFT_01052,MCH_L2_01,2023-12-17 16:00:00,Shift C (Night),480,465,15,Material Starvation,827,787,40
SFT_01053,MCH_L1_05,2023-12-18 00:00:00,Shift A (Morning),480,480,0,None,918,879,39
SFT_01054,MCH_L2_03,2023-12-18 08:00:00,Shift B (Evening),480,480,0,None,867,858,9
SFT_01055,MCH_L1_02,2023-12-18 16:00:00,Shift C (Night),480,251,229,Material Starvation,450,432,18
SFT_01056,MCH_L2_04,2023-12-19 00:00:00,Shift A (Morning),480,480,0,None,860,848,12
SFT_01057,MCH_L2_03,2023-12-19 08:00:00,Shift B (Evening),480,480,0,None,937,903,34
SFT_01058,MCH_L3_02,2023-12-19 16:00:00,Shift C (Night),480,475,5,Material Starvation,855,820,35
SFT_01059,MCH_L1_04,2023-12-20 00:00:00,Shift A (Morning),480,458,22,Material Starvation,819,807,12
SFT_01060,MCH_L2_04,2023-12-20 08:00:00,Shift B (Evening),480,480,0,None,875,864,11
SFT_01061,MCH_L2_05,2023-12-20 16:00:00,Shift C (Night),480,480,0,None,907,898,9
SFT_01062,MCH_L3_04,2023-12-21 00:00:00,Shift A (Morning),480,480,0,None,871,833,38
SFT_01063,MCH_L3_02,2023-12-21 08:00:00,Shift B (Evening),480,480,0,None,924,894,30
SFT_01064,MCH_L1_04,2023-12-21 16:00:00,Shift C (Night),480,480,0,None,848,838,10
SFT_01065,MCH_L3_04,2023-12-22 00:00:00,Shift A (Morning),480,469,11,Calibration Lag,856,823,33
SFT_01066,MCH_L2_05,2023-12-22 08:00:00,Shift B (Evening),480,480,0,None,880,861,19
SFT_01067,MCH_L3_05,2023-12-22 16:00:00,Shift C (Night),480,480,0,None,881,838,43
SFT_01068,MCH_L1_02,2023-12-23 00:00:00,Shift A (Morning),480,480,0,None,850,841,9
SFT_01069,MCH_L2_04,2023-12-23 08:00:00,Shift B (Evening),480,480,0,None,861,840,21
SFT_01070,MCH_L2_01,2023-12-23 16:00:00,Shift C (Night),480,426,54,Material Starvation,791,769,22
SFT_01071,MCH_L3_01,2023-12-24 00:00:00,Shift A (Morning),480,410,70,Calibration Lag,755,748,7
SFT_01072,MCH_L1_04,2023-12-24 08:00:00,Shift B (Evening),480,480,0,None,892,880,12
SFT_01073,MCH_L3_04,2023-12-24 16:00:00,Shift C (Night),480,480,0,None,872,846,26
SFT_01074,MCH_L3_03,2023-12-25 00:00:00,Shift A (Morning),480,480,0,None,866,852,14
SFT_01075,MCH_L2_01,2023-12-25 08:00:00,Shift B (Evening),480,480,0,None,846,834,12
SFT_01076,MCH_L2_04,2023-12-25 16:00:00,Shift C (Night),480,315,165,Calibration Lag,591,568,23
SFT_01077,MCH_L3_01,2023-12-26 00:00:00,Shift A (Morning),480,480,0,None,880,838,42
SFT_01078,MCH_L3_02,2023-12-26 08:00:00,Shift B (Evening),480,480,0,None,875,855,20
SFT_01079,MCH_L2_05,2023-12-26 16:00:00,Shift C (Night),480,424,56,Tool Breakdown,778,745,33
SFT_01080,MCH_L1_03,2023-12-27 00:00:00,Shift A (Morning),480,480,0,None,925,900,25
SFT_01081,MCH_L2_01,2023-12-27 08:00:00,Shift B (Evening),480,480,0,None,856,836,20
SFT_01082,MCH_L2_03,2023-12-27 16:00:00,Shift C (Night),480,480,0,None,853,826,27
SFT_01083,MCH_L3_05,2023-12-28 00:00:00,Shift A (Morning),480,469,11,Tool Breakdown,866,824,42
SFT_01084,MCH_L3_02,2023-12-28 08:00:00,Shift B (Evening),480,480,0,None,907,873,34
SFT_01085,MCH_L1_03,2023-12-28 16:00:00,Shift C (Night),480,473,7,Calibration Lag,897,864,33
SFT_01086,MCH_L3_02,2023-12-29 00:00:00,Shift A (Morning),480,480,0,None,866,838,28
SFT_01087,MCH_L3_03,2023-12-29 08:00:00,Shift B (Evening),480,480,0,None,850,817,33
SFT_01088,MCH_L2_04,2023-12-29 16:00:00,Shift C (Night),480,480,0,None,940,900,40
SFT_01089,MCH_L2_02,2023-12-30 00:00:00,Shift A (Morning),480,480,0,None,901,872,29
SFT_01090,MCH_L1_04,2023-12-30 08:00:00,Shift B (Evening),480,480,0,None,881,857,24
SFT_01091,MCH_L3_02,2023-12-30 16:00:00,Shift C (Night),480,480,0,None,934,890,44
SFT_01092,MCH_L1_03,2023-12-31 00:00:00,Shift A (Morning),480,480,0,None,849,815,34
SFT_01093,MCH_L1_05,2023-12-31 08:00:00,Shift B (Evening),480,479,1,Material Starvation,867,856,11
SFT_01094,MCH_L2_03,2023-12-31 16:00:00,Shift C (Night),480,480,0,None,880,859,21
SFT_01095,MCH_L1_01,2024-01-01 00:00:00,Shift A (Morning),480,480,0,None,918,888,30
SFT_01096,MCH_L1_05,2024-01-01 08:00:00,Shift B (Evening),480,480,0,None,939,930,9
SFT_01097,MCH_L3_03,2024-01-01 16:00:00,Shift C (Night),480,480,0,None,869,844,25
SFT_01098,MCH_L3_03,2024-01-02 00:00:00,Shift A (Morning),480,480,0,None,849,812,37
SFT_01099,MCH_L3_02,2024-01-02 08:00:00,Shift B (Evening),480,469,11,Tool Breakdown,853,815,38
SFT_01100,MCH_L3_02,2024-01-02 16:00:00,Shift C (Night),480,480,0,None,904,886,18
SFT_01101,MCH_L3_03,2024-01-03 00:00:00,Shift A (Morning),480,480,0,None,871,830,41
SFT_01102,MCH_L1_04,2024-01-03 08:00:00,Shift B (Evening),480,477,3,Tool Breakdown,865,850,15
SFT_01103,MCH_L2_04,2024-01-03 16:00:00,Shift C (Night),480,480,0,None,859,827,32
SFT_01104,MCH_L1_05,2024-01-04 00:00:00,Shift A (Morning),480,480,0,None,921,884,37
SFT_01105,MCH_L2_02,2024-01-04 08:00:00,Shift B (Evening),480,480,0,None,875,861,14
SFT_01106,MCH_L2_04,2024-01-04 16:00:00,Shift C (Night),480,480,0,None,939,924,15
SFT_01107,MCH_L2_01,2024-01-05 00:00:00,Shift A (Morning),480,480,0,None,936,899,37
SFT_01108,MCH_L2_02,2024-01-05 08:00:00,Shift B (Evening),480,422,58,Tool Breakdown,822,785,37
SFT_01109,MCH_L3_01,2024-01-05 16:00:00,Shift C (Night),480,480,0,None,926,882,44
SFT_01110,MCH_L3_03,2024-01-06 00:00:00,Shift A (Morning),480,480,0,None,892,869,23
SFT_01111,MCH_L2_03,2024-01-06 08:00:00,Shift B (Evening),480,480,0,None,901,892,9
SFT_01112,MCH_L3_05,2024-01-06 16:00:00,Shift C (Night),480,480,0,None,861,846,15
SFT_01113,MCH_L3_03,2024-01-07 00:00:00,Shift A (Morning),480,480,0,None,936,906,30
SFT_01114,MCH_L1_03,2024-01-07 08:00:00,Shift B (Evening),480,333,147,Tool Breakdown,644,632,12
SFT_01115,MCH_L2_03,2024-01-07 16:00:00,Shift C (Night),480,480,0,None,924,895,29
SFT_01116,MCH_L3_03,2024-01-08 00:00:00,Shift A (Morning),480,477,3,Tool Breakdown,911,870,41
SFT_01117,MCH_L1_04,2024-01-08 08:00:00,Shift B (Evening),480,405,75,Calibration Lag,735,720,15
SFT_01118,MCH_L3_01,2024-01-08 16:00:00,Shift C (Night),480,303,177,Pressure Loss,580,555,25
SFT_01119,MCH_L3_05,2024-01-09 00:00:00,Shift A (Morning),480,480,0,None,863,850,13
SFT_01120,MCH_L3_05,2024-01-09 08:00:00,Shift B (Evening),480,480,0,None,929,893,36
SFT_01121,MCH_L3_05,2024-01-09 16:00:00,Shift C (Night),480,444,36,Tool Breakdown,819,810,9
SFT_01122,MCH_L3_03,2024-01-10 00:00:00,Shift A (Morning),480,479,1,Pressure Loss,858,818,40
SFT_01123,MCH_L1_01,2024-01-10 08:00:00,Shift B (Evening),480,480,0,None,845,811,34
SFT_01124,MCH_L1_05,2024-01-10 16:00:00,Shift C (Night),480,480,0,None,878,862,16
SFT_01125,MCH_L2_01,2024-01-11 00:00:00,Shift A (Morning),480,480,0,None,917,880,37
SFT_01126,MCH_L2_01,2024-01-11 08:00:00,Shift B (Evening),480,480,0,None,856,824,32
SFT_01127,MCH_L3_02,2024-01-11 16:00:00,Shift C (Night),480,480,0,None,915,904,11
SFT_01128,MCH_L2_01,2024-01-12 00:00:00,Shift A (Morning),480,480,0,None,916,877,39
SFT_01129,MCH_L1_03,2024-01-12 08:00:00,Shift B (Evening),480,480,0,None,935,903,32
SFT_01130,MCH_L2_04,2024-01-12 16:00:00,Shift C (Night),480,480,0,None,881,838,43
SFT_01131,MCH_L1_05,2024-01-13 00:00:00,Shift A (Morning),480,480,0,None,861,827,34
SFT_01132,MCH_L2_03,2024-01-13 08:00:00,Shift B (Evening),480,480,0,None,880,846,34
SFT_01133,MCH_L2_03,2024-01-13 16:00:00,Shift C (Night),480,480,0,None,940,912,28
SFT_01134,MCH_L2_03,2024-01-14 00:00:00,Shift A (Morning),480,480,0,None,873,843,30
SFT_01135,MCH_L2_04,2024-01-14 08:00:00,Shift B (Evening),480,480,0,None,867,838,29
SFT_01136,MCH_L3_03,2024-01-14 16:00:00,Shift C (Night),480,480,0,None,912,877,35
SFT_01137,MCH_L1_05,2024-01-15 00:00:00,Shift A (Morning),480,463,17,Calibration Lag,906,862,44
SFT_01138,MCH_L1_02,2024-01-15 08:00:00,Shift B (Evening),480,467,13,Tool Breakdown,901,868,33
SFT_01139,MCH_L2_03,2024-01-15 16:00:00,Shift C (Night),480,480,0,None,924,886,38
SFT_01140,MCH_L1_03,2024-01-16 00:00:00,Shift A (Morning),480,480,0,None,919,895,24
SFT_01141,MCH_L1_01,2024-01-16 08:00:00,Shift B (Evening),480,480,0,None,862,832,30
SFT_01142,MCH_L3_05,2024-01-16 16:00:00,Shift C (Night),480,480,0,None,875,838,37
SFT_01143,MCH_L3_03,2024-01-17 00:00:00,Shift A (Morning),480,480,0,None,905,881,24
SFT_01144,MCH_L1_04,2024-01-17 08:00:00,Shift B (Evening),480,464,16,Calibration Lag,864,848,16
SFT_01145,MCH_L1_05,2024-01-17 16:00:00,Shift C (Night),480,473,7,Calibration Lag,837,821,16
SFT_01146,MCH_L1_02,2024-01-18 00:00:00,Shift A (Morning),480,480,0,None,853,839,14
SFT_01147,MCH_L3_01,2024-01-18 08:00:00,Shift B (Evening),480,480,0,None,934,896,38
SFT_01148,MCH_L1_05,2024-01-18 16:00:00,Shift C (Night),480,480,0,None,906,883,23
SFT_01149,MCH_L1_02,2024-01-19 00:00:00,Shift A (Morning),480,480,0,None,893,855,38
SFT_01150,MCH_L1_02,2024-01-19 08:00:00,Shift B (Evening),480,480,0,None,936,917,19
SFT_01151,MCH_L2_04,2024-01-19 16:00:00,Shift C (Night),480,433,47,Material Starvation,832,799,33
SFT_01152,MCH_L3_04,2024-01-20 00:00:00,Shift A (Morning),480,480,0,None,868,829,39
SFT_01153,MCH_L3_01,2024-01-20 08:00:00,Shift B (Evening),480,480,0,None,900,872,28
SFT_01154,MCH_L2_02,2024-01-20 16:00:00,Shift C (Night),480,461,19,Material Starvation,884,863,21
SFT_01155,MCH_L1_01,2024-01-21 00:00:00,Shift A (Morning),480,414,66,Material Starvation,753,745,8
SFT_01156,MCH_L2_03,2024-01-21 08:00:00,Shift B (Evening),480,480,0,None,877,849,28
SFT_01157,MCH_L1_02,2024-01-21 16:00:00,Shift C (Night),480,480,0,None,900,887,13
SFT_01158,MCH_L2_01,2024-01-22 00:00:00,Shift A (Morning),480,480,0,None,876,843,33
SFT_01159,MCH_L3_05,2024-01-22 08:00:00,Shift B (Evening),480,480,0,None,853,831,22
SFT_01160,MCH_L1_02,2024-01-22 16:00:00,Shift C (Night),480,480,0,None,861,822,39
SFT_01161,MCH_L3_05,2024-01-23 00:00:00,Shift A (Morning),480,480,0,None,882,863,19
SFT_01162,MCH_L2_01,2024-01-23 08:00:00,Shift B (Evening),480,418,62,Material Starvation,756,741,15
SFT_01163,MCH_L3_02,2024-01-23 16:00:00,Shift C (Night),480,363,117,Calibration Lag,660,647,13
SFT_01164,MCH_L2_04,2024-01-24 00:00:00,Shift A (Morning),480,480,0,None,914,902,12
SFT_01165,MCH_L2_01,2024-01-24 08:00:00,Shift B (Evening),480,480,0,None,848,838,10
SFT_01166,MCH_L2_05,2024-01-24 16:00:00,Shift C (Night),480,480,0,None,868,854,14
SFT_01167,MCH_L3_01,2024-01-25 00:00:00,Shift A (Morning),480,480,0,None,891,875,16
SFT_01168,MCH_L1_01,2024-01-25 08:00:00,Shift B (Evening),480,480,0,None,923,888,35
SFT_01169,MCH_L1_05,2024-01-25 16:00:00,Shift C (Night),480,480,0,None,859,820,39
SFT_01170,MCH_L1_02,2024-01-26 00:00:00,Shift A (Morning),480,480,0,None,869,844,25
SFT_01171,MCH_L3_04,2024-01-26 08:00:00,Shift B (Evening),480,480,0,None,918,886,32
SFT_01172,MCH_L3_04,2024-01-26 16:00:00,Shift C (Night),480,464,16,Material Starvation,865,848,17
SFT_01173,MCH_L1_01,2024-01-27 00:00:00,Shift A (Morning),480,480,0,None,857,825,32
SFT_01174,MCH_L1_01,2024-01-27 08:00:00,Shift B (Evening),480,480,0,None,848,822,26
SFT_01175,MCH_L1_01,2024-01-27 16:00:00,Shift C (Night),480,448,32,Calibration Lag,837,828,9
SFT_01176,MCH_L2_01,2024-01-28 00:00:00,Shift A (Morning),480,480,0,None,873,858,15
SFT_01177,MCH_L3_03,2024-01-28 08:00:00,Shift B (Evening),480,480,0,None,933,924,9
SFT_01178,MCH_L1_02,2024-01-28 16:00:00,Shift C (Night),480,480,0,None,911,885,26
SFT_01179,MCH_L2_01,2024-01-29 00:00:00,Shift A (Morning),480,474,6,Tool Breakdown,854,812,42
SFT_01180,MCH_L3_01,2024-01-29 08:00:00,Shift B (Evening),480,480,0,None,854,820,34
SFT_01181,MCH_L2_04,2024-01-29 16:00:00,Shift C (Night),480,480,0,None,902,864,38
SFT_01182,MCH_L2_04,2024-01-30 00:00:00,Shift A (Morning),480,434,46,Pressure Loss,811,794,17
SFT_01183,MCH_L3_03,2024-01-30 08:00:00,Shift B (Evening),480,480,0,None,863,853,10
SFT_01184,MCH_L2_04,2024-01-30 16:00:00,Shift C (Night),480,480,0,None,936,895,41
SFT_01185,MCH_L1_04,2024-01-31 00:00:00,Shift A (Morning),480,468,12,Material Starvation,865,825,40
SFT_01186,MCH_L3_03,2024-01-31 08:00:00,Shift B (Evening),480,466,14,Tool Breakdown,879,870,9
SFT_01187,MCH_L3_01,2024-01-31 16:00:00,Shift C (Night),480,480,0,None,862,824,38
SFT_01188,MCH_L2_05,2024-02-01 00:00:00,Shift A (Morning),480,480,0,None,904,862,42
SFT_01189,MCH_L1_03,2024-02-01 08:00:00,Shift B (Evening),480,480,0,None,935,913,22
SFT_01190,MCH_L1_04,2024-02-01 16:00:00,Shift C (Night),480,480,0,None,898,857,41
SFT_01191,MCH_L3_05,2024-02-02 00:00:00,Shift A (Morning),480,480,0,None,905,868,37
SFT_01192,MCH_L2_01,2024-02-02 08:00:00,Shift B (Evening),480,480,0,None,874,853,21
SFT_01193,MCH_L3_05,2024-02-02 16:00:00,Shift C (Night),480,476,4,Pressure Loss,868,852,16
SFT_01194,MCH_L3_01,2024-02-03 00:00:00,Shift A (Morning),480,416,64,Material Starvation,770,758,12
SFT_01195,MCH_L1_04,2024-02-03 08:00:00,Shift B (Evening),480,480,0,None,878,848,30
SFT_01196,MCH_L3_04,2024-02-03 16:00:00,Shift C (Night),480,480,0,None,927,909,18
SFT_01197,MCH_L1_04,2024-02-04 00:00:00,Shift A (Morning),480,480,0,None,894,876,18
SFT_01198,MCH_L2_05,2024-02-04 08:00:00,Shift B (Evening),480,480,0,None,933,910,23
SFT_01199,MCH_L3_04,2024-02-04 16:00:00,Shift C (Night),480,480,0,None,880,855,25
